S.No,Panchayat Name,Scheme Name,Year,Work Type,Work Name,AS Mount
1,Iyyapanthangal,MLACDS-Alandur,2021-2022,PDS outlet,Construction of Public Distribution shop Building in Iyyapanthangal Village at Iyyapanthangal panchayat.,"1,750,000"
2,Iyyapanthangal,MLACDS-Alandur,2021-2022,Reverse osmosis plant,Providing Reverse Osmosis Plant Container Model 1000 LPH in the Exsisting Borewell with Submerssible Pumpset in Balaji Nagar at Iyyapanthangal Panchayat.,"725,000"
3,Iyyapanthangal,General Fund - BP,2021-2022,CC Road,Providingd Cement Concrete Pavement to Mariamman koil street in Iyyapanthangal Village at Iyyapanthangal Panchayat,"994,000"
4,Iyyapanthangal,General Fund - DP,2021-2022,Culvert,Construction of RCC Slab Culvert in Iyyapanthangal Village at Iyyapanthangal Panchayat.,"389,000"
5,Iyyapanthangal,PMAY(G),2021-2022,PMAY(G),Construction of New House Under PMAY(G) for Asok F/H of Saminathan,"240,000"
6,Iyyapanthangal,PMAY(G),2021-2022,PMAY(G),Construction of New House Under PMAY(G) for Janagiraman Delli F/H of Delli,"240,000"
7,Iyyapanthangal,PMAY(G),2021-2022,PMAY(G),Construction of New House Under PMAY(G) for Jayachithara F/H of Haridass,"240,000"
8,Iyyapanthangal,PMAY(G),2021-2022,PMAY(G),Construction of New House Under PMAY(G) for KALA F/H of RANGANATHAN,"240,000"
9,Iyyapanthangal,PMAY(G),2021-2022,PMAY(G),Construction of New House Under PMAY(G) for NEELAMEGAM K F/H of Kalli,"240,000"
10,Iyyapanthangal,PMAY(G),2021-2022,PMAY(G),Construction of New House Under PMAY(G) for selvi F/H of Gopal,"240,000"
11,Iyyapanthangal,PMAY(G),2021-2022,PMAY(G),Construction of New House Under PMAY(G) for Sokku F/H of Chinnayan,"240,000"
12,Iyyapanthangal,PMAY(G),2021-2022,PMAY(G),Construction of New House Under PMAY(G) for Stalin F/H of Thulasigam,"240,000"
13,Iyyapanthangal,PMAY(G),2021-2022,PMAY(G),Construction of New House Under PMAY(G) for Sulochana F/H of Eagan,"240,000"
14,Iyyapanthangal,Pooled Fund for Deficit RLB,2021-2022,Drainage,Construction of Rain Water with RCC Culvert to Iyyapanthangal Panchayat,"389,000"
15,Iyyapanthangal,MGNREGS,2021-2022,CC Road,Gen Hab 2021-22 Providing Cement Concrete Road to Ramachandira Nagar 3rd Street at Iyyapanthangal pt,"780,000"
16,Iyyapanthangal,15th CFC - VP,2021-2022,CC Road,Provdiding Cement Concrete Pavement to Adithanar Nagar III Street at Iyyapanthangal Panchayat,"1,517,000"
17,Iyyapanthangal,15th CFC - VP,2021-2022,CC Road,Provdiding Cement Concrete Pavement to Balwadi Street in Nadukulam at Iyyapanthangal Panchayat,"759,000"
18,Iyyapanthangal,15th CFC - VP,2021-2022,OHT,Construction of 30000 lit OHT in Bharathi Nagar at Iyyapanthangal Panchayat,"1,411,000"
19,Iyyapanthangal,15th CFC - VP,2021-2022,OHT,Construction of 30000 lit OHT in Senthamil Nagar at Iyyapanthangal Panchayat,"1,411,000"
20,Iyyapanthangal,SDRF-North East Monsoon,2021-2022,BT Road,"Providing Temporary Restoration to EVP Park Avenue, Marutham Nagar, Balaji Nagar, Periya Koluthuvanchery, VGN Nagar and Mariyamman Koil Street at Iyyapanthangal Village Panchayat","341,000"
21,Iyyapanthangal,SIDS,2021-2022,School Renovation Work,Renovation to Panchayat Union Primary School North facing 2 Class Room School Building in Iyyapanthangal Panchayat,"101,000"
22,Iyyapanthangal,SIDS,2021-2022,School Renovation Work,Renovation to Panchayat Union Primary School North facing 2 Class Room School Building No. 3 in Iyyapanthangal Panchayat,"85,500"
23,Iyyapanthangal,SIDS,2021-2022,School Renovation Work,Renovation to Panchayat Union Primary School North facing 3 Class Room School Building No. 4 in Iyyapanthangal Panchayat,"143,000"
24,Iyyapanthangal,SIDS,2021-2022,School Renovation Work,Renovation to Panchayat Union Primary School North facing 6 Class Room School Building in Iyyapanthangal Panchayat,"249,500"
25,Iyyapanthangal,SIDS,2021-2022,School Renovation Work,Renovation to Panchayat Union Primary School South facing 2 Class Room School Building No. 5 in Iyyapanthangal Panchayat,"92,500"
26,Iyyapanthangal,SIDS,2021-2022,School Renovation Work,Renovation to Panchayat Union Primary School South facing 2 Class Room School Building No. 6 in Iyyapanthangal Panchayat,"128,500"
27,Iyyapanthangal,SIDS,2021-2022,School Renovation Work,Renovation to Round type Building (Teachers room) in Panchayat Union Primary School Campus at Iyyapanthangal Panchayat,"52,500"
28,Iyyapanthangal,SIDS,2021-2022,Kitchen Shed Repairs,Renovation to Kitchen Shed Building in Panchayat Union Primary School Campus at Iyyapanthangal Panchayat,"45,000"
29,Iyyapanthangal,SIDS,2021-2022,School Toilet Repair,Renovation to School Toilet for Girls in Panchayat Union Primary School Building Campus in Iyyapanthangal Panchayat,"56,000"
30,Iyyapanthangal,SIDS,2021-2022,School Toilet Repair,Renovation to School Toilet in Panchayat Union Primary School Building Campus in Iyyapanthangal Panchayat,"64,000"
31,Iyyapanthangal,AGAMT II,2021-2022,CC Road,Providing cement concrete pavement 58M to Arpudham Avenue street in EVP Prabhu Avenue at Iyyapanthangal Panchayat,"429,000"
32,Iyyapanthangal,AGAMT II,2021-2022,CC Road,Providing Cement Concrete Pavement to Kesawardini NagarI Street in EVP Prabhu Avenue at Iyyapanthangal Panchayat,"517,000"
33,Iyyapanthangal,AGAMT II,2021-2022,CC Road,Providing Cement Concrete Pavement to Sangamithra Avenue III Street at Iyyapanthangal Panchayat. (53 mts),"411,243"
34,Iyyapanthangal,AGAMT II,2021-2022,CC Road,Providing cement concrete Pavement to Sangamithra Avenue I to II Street in Iyyapanthangal village at Iyyapanthangal Panchayat,"491,000"
35,Iyyapanthangal,AGAMT II,2021-2022,CC Road,Providing cement concrete pavement to Sembaruthi Street in Koluthuvancheri village at Iyyapanthangal Panchayat,"761,000"
36,Iyyapanthangal,AGAMT II,2021-2022,Burial Ground,Construction of Compound Wall around Samathuva Burial Ground in Ponniamman Nagar at Iyyapanthangal Panchayat,"900,000"
37,Iyyapanthangal,AGAMT II,2021-2022,school toilet,Construction of School Toilet for Boys in Panchayat Union Primary School in Ayypanthangal Village at Iyyapanthangal Panchayat,"570,000"
38,Iyyapanthangal,AGAMT II,2021-2022,school toilet,Construction of new girls toilet at PUMS at Iyyapanthangal Panchayat,"570,000"
39,Iyyapanthangal,AGAMT II,2021-2022,Ponds and Ooranies,Providing Improvements to Nadu Kulam in Iyyapanthangal Village at Iyyapanthangal Panchayat,"2,440,000"
40,Iyyapanthangal,AGAMT II,2021-2022,Fencing Green net provision for Moringa nursery,providing green net arrangements for murungai nursery in evp pirabu avenue at Iyyapanthangal panchayat OSR land,"200,000"
41,Iyyapanthangal,General Fund - BP,2021-2022,CC Road,Providing cement concrete pavement to Anna Nagar I cross street in koluthuvancheri Village at Iyyapanthangal Panchayat,"452,000"
42,Iyyapanthangal,General Fund - BP,2021-2022,CC Road, Kattupakkam Kundrathur Road to Koluthuvancheri Arunachalam Colony Road 1st Cross Road in Iyyapanthangal Panchayat,"200,000"
43,Iyyapanthangal,TNRRIS-Stream-II-Strengthening,2021-2022,BT Road,Iyyapanthangal to Koluthuvancheri Road,"6,691,000"
44,Iyyapanthangal,15th CFC - VP,2021-2022,Drainage,Construcion of Storm Water Drain Wall Additional Height with RCC Cover Slab Manholes in Dhanalkshmi Nagar to Koluthuvancheri Road (chinage from 0m to 422M),"1,880,000"
45,Iyyapanthangal,15th CFC - VP,2021-2022,Drainage,Construcion of Storm Water Drain Wall Additional Height with RCC Cover Slab Manholes in Dhanalkshmi Nagar to Koluthuvancheri Road (chinage from 422m to 822M),"1,784,000"
46,Iyyapanthangal,SDRF-North East Monsoon,2021-2022,BT Road,Providing Temporary Restoration to Iyyapanthangal to Koluthuvancheri Road at Iyyapanthangal Panchayat,"84,000"
47,Iyyapanthangal,AGAMT II,2021-2022,CC Road,Providing CC Pavement (229m) to Venugopal Nagar Main Road at Koluthuvancheri,"1,712,000"
48,Iyyapanthangal,MLACDS-Alandur,2021-2022,Anganwadi,Construction of Anganwadi building at in Subramani Nagar at Iyyapanthangal Panchayat.,"1,110,000"
49,Iyyapanthangal,PMAY(G),2021-2022,PMAY(G),Construction of New House Under PMAY(G) for Baby R F/H of Rangan,"240,000"
50,Iyyapanthangal,SDRF-North East Monsoon,2021-2022,BT Road,MP Road Thelloyar Agaram Road at Iyyapanthangal Panchayat,"39,000"
51,Iyyapanthangal,NNT,2021-2022,CC Road,Providing Cement Concrete Pavement to VGN Nagar II street at Iyyapanthangal Panchayat. Kundrathur Panchayat Union (Others -1/3 Public Contribution.,"780,000"
52,Iyyapanthangal,15th CFC - VP,2021-2022,CC Road,Provdiding Cement Concrete Pavement to venugopal Nagar School Street at Iyyapanthangal Panchayat,"529,000"
53,Iyyapanthangal,General Fund - VP,2021-2022,Drainage,Construction of Rain Water Drain With RCC Cover Slab in KamatchiNagar Main Street inh Iyyapanthangal Panchayat,"940,000"
54,Iyyapanthangal,15th CFC - VP,2021-2022,Pipeline Extension,Providing 63mm pipeline at perumal Koil street at Iyyapanthangal Colony,"119,120"
55,Iyyapanthangal,CMDA Special Fund,2021-2022,Compound Wall,Construction of Compound wall around the park & providing  Gym arrangements in Padmavathiyammal Nagar park,"3,120,000"
56,Iyyapanthangal,CMDA Special Fund,2021-2022,Toilet Work,Construction of Park & Toilet Building in Padmavathiyammal Nagar Park,"3,180,000"
57,Iyyapanthangal,CMDA Special Fund,2021-2022,Gym ,Construction of Compound wall around the  park providing Gym arrangements inKrishnaveniammal Park,"3,190,000"
58,Iyyapanthangal,CMDA Special Fund,2021-2022,Toilet Work,Construction of Park & Toilet Building in Krishnaveniammal Park,"4,810,000"
59,Iyyapanthangal,CMDA Special Fund,2021-2022,Gym ,Construction of Compound wall around the park providing Gym arrangements in Balaji Avenue Park,"3,120,000"
60,Iyyapanthangal,CMDA Special Fund,2021-2022,Toilet Work,Construction of Park & Toilet Building in Balaji Avenue Park,"3,430,000"
61,Iyyapanthangal,CMDA Special Fund,2021-2022,Compound Wall,Construction of Compound wall around the  park  &  providing Gym arrangements in EVPAvenue Park,"3,258,000"
62,Iyyapanthangal,CMDA Special Fund,2021-2022,Toilet Work,Construction of Park & Toilet Building in EVP Avenue Park,"3,642,000"
63,Iyyapanthangal,CMDA Special Fund,2021-2022,Compound Wall,Construction of Compound wall around the  park & providing Gym arrangements inSubbiah Nagar Park,"3,239,000"
64,Iyyapanthangal,CMDA Special Fund,2021-2022,Toilet Work,Construction of Park & Toilet Building in Subbiah Nagar Park,"3,311,000"
65,Iyyapanthangal,CMDA Special Fund,2021-2022,Compound Wall,Construction of park & Compound wall in EVP Avenue Park No. 2,"1,900,000"
66,Iyyapanthangal,CMDA Special Fund,2021-2022,Compound Wall,Construction of park & Compound wall in Ashok Brindavanam park,"2,850,000"
67,Iyyapanthangal,SBM(G),2022-2023,Battery Car,Purchase in E-Cart in Iyyapanthangal Village Panchayat,"292,964"
68,Iyyapanthangal,15th CFC - VP,2022-2023,OHT,Repairs to 30000 litre OHT tank in Ashok brindavan nagar 1 no,"87,000"
69,Iyyapanthangal,MGNREGS,2022-2023,CC Road,Gen Hab -Providing 22-23 Cement Concrete Road to Marudham Nagar Extn. St at Iyyapanthangal Pt (180m),"1,137,000"
70,Iyyapanthangal,MGNREGS,2022-2023,Moringa nursery,Formation on Moringa nursery at Iyyapanthangal Pt 1000 nos,"131,000"
71,Iyyapanthangal,MLACDS-Alandur,2022-2023,Compound Wall,Construction of Compound wall in around Nadukulam and play equipments @ Ayapanthangal Panchayat,"2,612,000"
72,Iyyapanthangal,General Fund - BP,2022-2023,CC Road,providing cement concrete pavement to kamatchi nagar II street at Iyyapanthangal panchayat (chainage from 0m to 90m),"570,000"
73,Iyyapanthangal,General Fund - BP,2022-2023,CC Road,Providing cement concrete pavement to Kamatchi Nagar II street at Iyyapanthangal Panchayat (Chainage from 90m to 204m),"677,000"
74,Iyyapanthangal,General Fund - BP,2022-2023,CC Road,providing cement concrete pavement to muthu nagar cross street at Iyyapanthangal Panchayat,"400,000"
75,Iyyapanthangal,General Fund - BP,2022-2023,CC Road,providing cement concrete pavement to nuthu nagar main street at Iyyapanthangal panchayat,"959,000"
76,Iyyapanthangal,General Fund - VP,2022-2023,Compound Wall,Construction of Compound wall around anganwadi building in subramani nagar at Iyyapanthangal panchayat,"483,000"
77,Iyyapanthangal,15th CFC - DP,2022-2023,School Renovation Work,Providing Renovation to the PUP 2 Class Room School Building in North Facing No.1 at Iyyapanthangal Panchayat,"61,000"
78,Iyyapanthangal,15th CFC - DP,2022-2023,School Renovation Work,Providing Renovation to the PUP 2 Class Room School Building in North Facing No.2 at Iyyapanthangal Panchayat,"90,000"
79,Iyyapanthangal,15th CFC - DP,2022-2023,School Renovation Work,Providing Renovation to the PUP 2 Class Room School Building in South Facing No.1 at Iyyapanthangal Panchayat,"136,000"
80,Iyyapanthangal,15th CFC - DP,2022-2023,School Renovation Work,Providing Renovation to the PUP 2 Class Room School Building in South Facing No.2 at Iyyapanthangal Panchayat,"195,000"
81,Iyyapanthangal,15th CFC - DP,2022-2023,School Renovation Work,Providing Renovation to the PUP 6 Class Room School Building in North Facing at Iyyapanthangal Panchayat,"435,000"
82,Iyyapanthangal,15th CFC - DP,2022-2023,School Renovation Work,Providing Renovation to the PUP Round Type Computer Room Building at Iyyapanthangal Panchayat,"51,000"
83,Iyyapanthangal,15th CFC - DP,2022-2023,Anganwadi Repairs,Providing Renovation to the Anganwadi Building in Balaji Nagar at Iyyapanthangal Panchayat,"187,000"
84,Iyyapanthangal,15th CFC - BP,2022-2023,School Renovation Work,Renovation to 2 Class room School Building South Facing at Ayyapanthagal Panchayat,"136,000"
85,Iyyapanthangal,15th CFC - VP,2022-2023,CC Road,providing cc road to Achari street (18.M) 0/0 to 0/18 m),"130,720"
86,Iyyapanthangal,15th CFC - VP,2022-2023,OHT,Repairs to 30000 litre OHT tank in Chinna Koluthuvanjeri 1 no,"87,000"
87,Iyyapanthangal,15th CFC - VP,2022-2023,OHT,Repairs to 30000 litre OHT tank in Koluthuvanjeri 2 nos,"174,000"
88,Iyyapanthangal,15th CFC - VP,2022-2023,OHT,Repairs to 30000 litre OHT tank in Koluthuvanjeri colony 1 no,"87,000"
89,Iyyapanthangal,15th CFC - VP,2022-2023,OHT,Repairs to 30000 litre OHT tank in Mettucolony 1 no,"87,000"
90,Iyyapanthangal,15th CFC - VP,2022-2023,OHT,Repairs to 60000 litre OHT tank in Ashok Brindavan nagar 1 no,"103,000"
91,Iyyapanthangal,15th CFC - VP,2022-2023,OHT,Repairs to 60000 litre OHT tank in Iyyapanthangal 1 no,"94,500"
92,Iyyapanthangal,15th CFC - VP,2022-2023,OHT,Repairs to 60000 Litre OHT tank in EVP Prabhu Avenue,"294,000"
93,Iyyapanthangal,15th CFC - VP,2022-2023,OHT,Repairs to 60000 litre OHT tank in Koluthuvanjeri 2 nos,"187,642"
94,Iyyapanthangal,15th CFC - VP,2022-2023,OHT,Repairs to 60000 litre OHT tank in VGN Nagar 2 nos,"193,542"
95,Iyyapanthangal,15th CFC - VP,2022-2023,New Borewell,Providing Borewell with pumpset at Kalloori salai,"738,108"
96,Iyyapanthangal,15th CFC - VP,2022-2023,Drainage,providing culvert at balaji nagar,"127,792"
97,Iyyapanthangal,15th CFC - VP,2022-2023,Drainage,Storm Water Drain in Padmavathy Nagar withj Cover Slab,"2,102,000"
98,Iyyapanthangal,15th CFC - VP,2022-2023,Battery Car,Purchase of new E- cart 5 nos @ Iyyapanthangal panchayat,"500,000"
99,Iyyapanthangal,15th CFC - VP,2022-2023,CC Road,Cement concrete pavement to EVP Prabu avenue main road,"1,958,000"
100,Iyyapanthangal,15th CFC - VP,2022-2023,CC Road,Providing cement concrete pavement to Venugopal Nagar Cross street,"694,000"
101,Iyyapanthangal,15th CFC - VP,2022-2023,CC Road,Providing cement concrete pavement to Venugopal street,"857,000"
102,Iyyapanthangal,15th CFC - VP,2022-2023,Payment to EB,Settlement to EB Dues @ Iyyapanthangal Panchayat,"680,879"
103,Iyyapanthangal,AGAMT library repair,2022-2023,Library Building Repair and Toilet Construction,Repairs and Renovation of Library Building @ Iyyapanthangal Panchayat.,"107,000"
104,Iyyapanthangal,SBM(G),2022-2023,Battery Car,Purchase in E-Cart in @ Iyyapanthangal Panchayat,"292,964"
105,Iyyapanthangal,Mudalvarin Grama Saalaigal Membattu Thittam (MGSMT),2022-2023,BT Road,Iyyapanthangal Noombal road Mettu street,"4,829,000"
106,Iyyapanthangal,15th CFC - VP,2022-2023,OHT,Repairs to 30000 litre OHT tank in EVP Prabu avenue 1 no,"87,000"
107,Iyyapanthangal,15th CFC - VP,2022-2023,OHT,Repairs to 60000 litre OHT tank in EVP Prabu avenue 3 nos,"294,000"
108,Iyyapanthangal,MGNREGS,2022-2023,Desilting of Supply Channel,Strom water Earthern drain in Periya Koluthuvancheri St at Iyyapanthangal Panchayat(1800 m)2022-23,"504,144"
109,Iyyapanthangal,SBM(G),2022-2023,Battery Car,Purchase in E-Cart Iyyapanthangal Panchayat,"292,964"
110,Iyyapanthangal,MLACDS-Alandur,2022-2023,Anganwadi,Construction of Anganwadi Building at Koluuthuvancheri at Iyyapanthangal Panchayat,"1,357,000"
111,Iyyapanthangal,SBM(G),2022-2023,Battery Car,Purchase in E-Cart at Iyyapanthangal Panchayat,"292,964"
112,Iyyapanthangal,Mudalvarin Grama Saalaigal Membattu Thittam (MGSMT),2022-2023,CC Road,Iyyapanthangal Noombal road Ponniamman koil street,"6,159,000"
113,Iyyapanthangal,15th CFC - VP,2022-2023,OHT,Repairs to 30000 litre OHT tank in Subramani nagar 3 nos,"294,000"
114,Iyyapanthangal,15th CFC - VP,2022-2023,OHT,Repairs to 60000 litre OHT tank in Subbaya nagar 1 no,"103,000"
115,Iyyapanthangal,15th CFC - VP,2022-2023,OHT,Repairs to 10000 litre OHT tank in Thillayar agaram colony 1 nos,"51,000"
116,Iyyapanthangal,15th CFC - VP,2022-2023,OHT,Repairs to 20000 litre OHT tank in Thillayar agaram colony 1 no,"62,000"
117,Iyyapanthangal,Mudalvarin Grama Saalaigal Membattu Thittam (MGSMT),2022-2023,CC Road,MP road to Thilliyaragaram road,"8,292,000"
118,Iyyapanthangal,MGNREGS,2022-2023,Desilting of Supply Channel,Strom water Earthern drain in VGN Nagar at Iyyapanthangal Panchayat (2500 m)2022-23,"320,000"
119,Iyyapanthangal,NNT,2022-2023,Drainage,Construction of Storm Water Drain with RCC Cover Slab and Manholes in VGN Nagar Main Road in Mettu Colony at Iyyapanthangal Panchayat (SC Habitation 1/5 Public Contribution),"2,210,000"
120,Iyyapanthangal,15th CFC - DP,2022-2023,Anganwadi Repairs,Providing Renovation to the Anganwadi Building in VGN Nagar at Iyyapanthangal Panchayat,"100,000"
121,Iyyapanthangal,15th CFC - DP,2022-2023,Anganwadi Repairs,Providing Renovation to the Anganwadi Building in Thelliyar Agaram Colony at Iyyapanthangal Panchayat,"164,000"
122,Iyyapanthangal,SBM(G),2022-2023,Battery Car,Purchase in E-Cart in Iyyapanthangal Panchayat,"292,964"
123,Iyyapanthangal,MGNREGS,2022-2023,BT Road,"Providing WBM Road in Kumari Nagar Main Rd and 1,2,3 St at Iyyapanthangal Pt300m 2022-23","704,700"
124,Iyyapanthangal,CMDA Fund,2022-2023,CC Road,Providing Cement concrete Pavement to VGN Nagar 3rd main road at Iyyapanthangal Panchayat.,1988000
125,Iyyapanthangal,CMDA Fund,2022-2023,Drainage,Providing storm water drain  to VGN Nagar 3rd main road at Iyyapanthangal Panchayat.,3124000
126,Iyyapanthangal,CMDA Fund,2022-2023,CC Road,Providing Cement concrete Pavement to Oill mill road(0 to 340m) at Iyyapanthangal Panchayat.,2380000
127,Iyyapanthangal,CMDA Fund,2022-2023,CC Road,Providing Cement concrete Pavement to Oill mill road(286.50 to 573m) at Iyyapanthangal Panchayat.,2380000
128,Iyyapanthangal,CMDA Fund,2022-2023,CC Road,Providing Cement concrete pavement to Ashok Brindavanam Ist main to 3rd main road at Iyyapanthangal Panchayat.,2135000
129,Iyyapanthangal,CMDA Fund,2022-2023,CC Road,Providing Cement concrete pavement to Ashok Brindavanam  3rd main road at Iyyapanthangal Panchayat.,2212000
130,Iyyapanthangal,CMDA Fund,2022-2023,CC Road,Providing Cement concrete pavement to Ashok Brindavanam  Ist cross road at Iyyapanthangal Panchayat.,511000
131,Iyyapanthangal,CMDA Fund,2022-2023,CC Road,"Providing Cement concrete pavement to Ashok Brindavanam  3rd main road  2ndst, 3rd st, 4th cross st at Iyyapanthangal Panchayat.",1000000
132,Iyyapanthangal,CMDA Fund,2022-2023,CC Road,Providing cc road subbaiah nagar Ist main road at Iyyapanthangal Panchayat.,386000
133,Iyyapanthangal,CMDA Fund,2022-2023,CC Road,Providing cc road to EVP park Ist main road at Iyyapanthangal Panchayat.,2429000
134,Iyyapanthangal,CMDA Fund,2022-2023,CC Road,Providing CC road at EVP park Ist cross street at Iyyapanthangal Panchayat.,1330000
135,Iyyapanthangal,CMDA Fund,2022-2023,CC Road,Providing cc road to EVP park 2nd cross street at Iyyapanthangal Panchayat.,1232000
136,Iyyapanthangal,CMDA Fund,2022-2023,CC Road,Providing cc road to Krishnaveniammal nagar 2nd street at Iyyapanthangal Panchayat.,1316000
137,Iyyapanthangal,CMDA Fund,2022-2023,CC Road,Providing cc road to Krishnaveniammal nagar Ist cross street at Iyyapanthangal Panchayat.,1155000
138,Iyyapanthangal,CMDA Fund,2022-2023,CC Road,Providing cc road to Balaji avenue 1st and 2nd road at Iyyapanthangal Panchayat.,630000
139,Iyyapanthangal,CMDA Fund,2022-2023,CC Road,Providing CC road to Padmavathy Nagar 3rd cross street at Iyyapanthangal Panchayat.,1015000
140,Iyyapanthangal,CMDA Fund,2022-2023,CC Road,Providing CC road to Padmavathy Nagar Ist  cross street at Iyyapanthangal Panchayat.,1505000
141,Iyyapanthangal,CMDA Fund,2022-2023,CC Road,Providing CC road to Padmavathy Nagar to subramani nagar road at Iyyapanthangal Panchayat.,1512000
142,Iyyapanthangal,CMDA Fund,2022-2023,Drainage,Providing storm water drain  to Subramani nagar  main road at Iyyapanthangal Panchayat.,2282000
143,Iyyapanthangal,CMDA Fund,2022-2023,CC Road,Providing cc road to Vanniyar mettu street at Iyyapanthangal Panchayat.,1911000
144,Iyyapanthangal,CMDA Fund,2022-2023,CC Road,Providing cc road to Maduram nagar Ist main road at Iyyapanthangal Panchayat.,1925000
145,Iyyapanthangal,CMDA Fund,2022-2023,CC Road,Providing cc road to Maduram nagar II main road at Iyyapanthangal Panchayat.,2520000
146,Iyyapanthangal,CMDA Fund,2022-2023,CC Road,Providing cc road to Balaji nagar extension at Iyyapanthangal Panchayat.,1589000
147,Iyyapanthangal,CMDA Fund,2022-2023,CC Road,Providing CC road to SSK Avenue at Iyyapanthangal Panchayat.,700000
148,Iyyapanthangal,CMDA Fund,2022-2023,Drainage,Providing storm water  drain at SSK Avenue at Iyyapanthangal Panchayat.,2070000
149,Iyyapanthangal,CMDA Fund,2022-2023,CC Road,"Providing cc road to Vijayalakshmi avenue Ist , 2nd , street at Iyyapanthangal Panchayat.",786000
150,Iyyapanthangal,CMDA Fund,2022-2023,CC Road,"Providing cc road to Vijayalakshmi avenue  3rd,4th,5th street at Iyyapanthangal Panchayat.",1113000
151,Iyyapanthangal,CMDA Fund,2022-2023,CC Road,Providing CC road to Yamuna main road at Iyyapanthangal Panchayat.,1519000
152,Iyyapanthangal,CMDA Fund,2022-2023,CC Road,Providing CC road to Yamuna cross street at Iyyapanthangal Panchayat.,1435000
153,Iyyapanthangal,CMDA Fund,2022-2023,CC Road,Providing cc road to Arputham avenue street at Iyyapanthangal Panchayat.,378000
154,Iyyapanthangal,CMDA Fund,2022-2023,CC Road,Providing cc road to EVP Prabhu main road at Iyyapanthangal Panchayat.,2849000
155,Iyyapanthangal,CMDA Fund,2022-2023,CC Road,Providing cc road to Gandhi street(left) at Iyyapanthangal Panchayat.,1176000
156,Iyyapanthangal,CMDA Fund,2022-2023,CC Road,Providing cc road to Gandhi street(right) at Iyyapanthangal Panchayat.,840000
157,Iyyapanthangal,CMDA Fund,2022-2023,CC Road,Providing cc road to VOC Street at Iyyapanthangal Panchayat.,1400000
158,Iyyapanthangal,CMDA Fund,2022-2023,CC Road,Providing cc road to Bharathiyar  Street at Iyyapanthangal Panchayat.,896000
159,Iyyapanthangal,CMDA Fund,2022-2023,CC Road,Providing cc road to Venkateshawara Avenue at Iyyapanthangal Panchayat.,867000
160,Iyyapanthangal,CMDA Fund,2022-2023,CC Road,Providing cc road to Ambethkar nagar  at Iyyapanthangal Panchayat.,1400000
161,Iyyapanthangal,CMDA Fund,2022-2023,CC Road,Providing cc road to Kalloori salai  at Iyyapanthangal Panchayat.,2170000
162,Iyyapanthangal,CMDA Fund,2022-2023,CC Road,Providing cc road to Ramaya nagar at Iyyapanthangal Panchayat.,679000
163,Iyyapanthangal,CMDA Fund,2022-2023,CC Road,Providing cc road to Kalaignar nagar at Iyyapanthangal Panchayat.,455000
164,Iyyapanthangal,CMDA Fund,2022-2023,CC Road,"Providing cc road to Natesan nagar Ist street, 2nd st, 3rd st at Iyyapanthangal Panchayat.",1295000
165,Iyyapanthangal,CMDA Fund,2022-2023,CC Road,Providing cc road to Vijayasanthi street at Iyyapanthangal Panchayat.,560000
166,Iyyapanthangal,CMDA Fund,2022-2023,CC Road,Providing cc road to senthamil nagar at Iyyapanthangal Panchayat.,280000
167,Iyyapanthangal,CMDA Fund,2022-2023,CC Road,Providing cc road to ramachandra nagar at Iyyapanthangal Panchayat.,322000
168,Iyyapanthangal,CMDA Fund,2022-2023,CC Road,Providing Cement concrete pavement to Mullai Street in Koluthuvancheri Village at Iyyapanthangal Panchayat.,977000
169,Iyyapanthangal,CMDA Fund,2022-2023,CC Road,Providing Cement concrete pavement to Thamarai Street in Koluthuvancheri Village at Iyyapanthangal Panchayat.,920000
170,Iyyapanthangal,CMDA Fund,2022-2023,CC Road,Providing Cement concrete pavement to Sai Nagar Sooniya Gandhi Street in Koluthuvancheri Village at Iyyapanthangal Panchayat. ,1765000
171,Iyyapanthangal,CMDA Fund,2022-2023,CC Road,Providing Cement concrete pavement to Sai Nagar Cherry Street & Vaagai Street in Koluthuvancheri Village at Iyyapanthangal Panchayat.,1262000
172,Iyyapanthangal,CMDA Fund,2022-2023,CC Road,Providing Cement concrete pavement to Sai Nagar Main Road in Koluthuvancheri Village at Iyyapanthangal Panchayat.,2155000
173,Iyyapanthangal,CMDA Fund,2022-2023,CC Road,Providing Cement concrete pavement to Alli Street in Koluthuvancheri Village at Iyyapanthangal Panchayat.,1465000
174,Iyyapanthangal,CMDA Fund,2022-2023,CC Road,Providing Cement concrete pavement to Senthamarai Street in Koluthuvancheri Village at Iyyapanthangal Panchayat.,489000
175,Iyyapanthangal,CMDA Fund,2022-2023,CC Road,Providing Cement concrete pavement to Saamanthy Street in Koluthuvancheri Village at Iyyapanthangal Panchayat.,489000
176,Iyyapanthangal,CMDA Fund,2022-2023,CC Road,Providing Cement concrete pavement to Roja Street in Koluthuvancheri Village at Iyyapanthangal Panchayat.,733000
177,Iyyapanthangal,CMDA Fund,2022-2023,CC Road,Providing Cement concrete pavement to Makilam Poo Street in Koluthuvancheri Village,327000
178,Iyyapanthangal,CMDA Fund,2022-2023,CC Road,Providing Strengthening to Bus Depot Salai in Iyyapanthangal Village,2900000
179,Iyyapanthangal,CMDA Fund,2022-2023,Park,"Improvements to Siva Ramakrishnan Nagar Park (35mx28m)(Park, Pathway & Compound wall) at Iyyapanthangal Panchayat.",2800000
180,Iyyapanthangal,15th CFC - VP,2023-2024,New Borewell,Providing Borewell with pumpset at Vijayalakshmi avenue,"550,000"
181,Iyyapanthangal,SBM(G),2023-2024,Battery Car,Procurement of E-Cart Iyyapanthangal Panchayat,"252,750"
182,Iyyapanthangal,NNT,2023-2024,Drainage,Construction of storm water drain wall additional height with RCC cover slab manholes at Ashok Brindavanam Road at Iyyapanthangal Panchayat. (General Habitation 1/3),"1,294,000"
183,Iyyapanthangal,15th CFC - VP,2023-2024,Sanitary Complex,Construction of Mini CSC@ Iyyapanthangal village panchayat.,"140,000"
184,Iyyapanthangal,SBM(G),2023-2024,Battery Car,Procurement of E-Cart -4 Iyyapanthangal Panchayat,"252,750"
185,Iyyapanthangal,NNT,2023-2024,Drainage,Construction of storm water drain wall additional height with RCC cover slab manholes in Kamatchi Nagar cross street at Iyyapanthangal Panchayat. (General Habitation 1/3),"292,000"
186,Iyyapanthangal,MLACDS-Alandur,2023-2024,PDS outlet,Construction of Public distribution shop Building at Balaji Nagar in Ayyappanthagal Panchayat.,"1,450,000"
187,Iyyapanthangal,General Fund - BP,2023-2024,School Renovation Work,Providing Improvements to School Ground in G.H.Sec School campus @ Iyyapanthangal Panchayat,"1,500,000"
188,Iyyapanthangal,General Fund - BP,2023-2024,Drainage,constuction of storm water drainage with RCC cover Slab in Ramachandra Nagar III Main Road Cross Street at Iyyapanthangal panchayat,"1,745,000"
189,Iyyapanthangal,General Fund - BP,2023-2024,Council Hall Repairs,Repars to Commiunty Hall Building (1st Floor) Iyyapanthangal @ Iyyapanthangal Panchayat,"800,000"
190,Iyyapanthangal,General Fund - BP,2023-2024,Council Hall Repairs,Repars to Commiunty Hall Building (Ground Floor) Iyyapanthangal @ Iyyapanthangal Panchayat,"1,000,000"
191,Iyyapanthangal,General Fund - VP,2023-2024,CC Road,Providing Cement Concrete Road to 1 cross street,"1,016,000"
192,Iyyapanthangal,General Fund - VP,2023-2024,CC Road,Providing Cement Concrete Road to 2 cross street,"748,000"
193,Iyyapanthangal,General Fund - VP,2023-2024,CC Road,Providing Cement Concrete Road to 3 main road Cross street,"2,036,000"
194,Iyyapanthangal,General Fund - VP,2023-2024,CC Road,Providing Cement Concrete Road to Birundhavanam 2 main road,"1,530,000"
195,Iyyapanthangal,General Fund - VP,2023-2024,CC Road,Providing Cement Concrete Roadto Krishanaveni amman 1st main road cross street.,"1,020,000"
196,Iyyapanthangal,15th CFC - BP,2023-2024,CC Road,Providing of cement concrete pavement to pillayar kovil street road at Iyyapanthangal,"2,000,000"
197,Iyyapanthangal,15th CFC - VP,2023-2024,Purchase of Tractor,Purches of Tractor,"600,000"
198,Iyyapanthangal,15th CFC - VP,2023-2024,Battery Car,Purchase of E Cart in Nos,"900,000"
199,Iyyapanthangal,15th CFC - VP,2023-2024,Drainage,construction of drainage with cover slab at Dhanalakshmi nagar in Koluthuvancherry(163m),"1,059,000"
200,Iyyapanthangal,15th CFC - VP,2023-2024,Drainage,Providing Storm water Drainage in Rajagopal Kandigi at Ayyapanthaaangl Panchayat.(41m),"139,981"
201,Iyyapanthangal,SBM(G),2023-2024,Mini CSC – 4 (upto 07.09.2023),Construction of Mini Community Sanitary Complexes Near VAO Office @ Iyyapanthangal Panchayat,"350,000"
202,Iyyapanthangal,SBM(G),2023-2024,Purchase of Tractor,Procurement of Motorized Vehicle - Tractor With Trailer for Iyyapanthangal Village panchayat 1,"992,000"
203,Iyyapanthangal,SBM(G),2023-2024,Purchase of Tractor,Procurement of Motorized Vehicle - Tractor With Trailer for Iyyapanthangal Village panchayat 2,"992,000"
204,Iyyapanthangal,Peri Urban Panchayat - CMDA Fund,2023-2024,BT Road,MCB Road - old panchayat office road to koluthuvancherinadu kulamroad 0/0-0/650,"2,962,000"
205,Iyyapanthangal,Michaung Flood Damaged Roads,2023-2024,CC Road,Providing Cement Concrete Road to Adithanar Nagar II Street,"966,000"
206,Iyyapanthangal,Michaung Flood Damaged Roads,2023-2024,CC Road,Providing Cement Concrete Road to Kamatchi Nagar III Street,"1,104,000"
207,Iyyapanthangal,Michaung Flood Damaged Roads,2023-2024,CC Road,Providing Cement Concrete Road to Ramachandra Nagar III Man Road Cross Street,"1,380,000"
208,Iyyapanthangal,Michaung Flood Damaged Roads,2023-2024,CC Road,Providing Cement Concrete Road to Ramachandra Nagar II Man Road Cross Street,"1,104,000"
209,Iyyapanthangal,SSA Integrated School Building,2023-2024,Repair to Smart Class,Renovation of single class room for Smart Class in PUPS Iyyapanthangal (North Facing) at Iyyapanthangal Panchayat,"90,000"
210,Iyyapanthangal,General Fund - BP,2023-2024,CC Road,"Providing cement concrete pavement to Muthu Nagar main street Ramaiah Nagar cross street at Iyyapanthangal panchayat,","700,000"
211,Iyyapanthangal,General Fund - BP,2023-2024,CC Road,Providing cement concrete pavement to Vijiyalakshmi Avenue main Road in koluthuvancheri village at Iyyapanthangal panchayat,"1,830,000"
212,Iyyapanthangal,SBM(G),2023-2024,Battery Car,Procurement of E-Cart -2 Iyyapanthangal Panchayat,"252,750"
213,Iyyapanthangal,Peri Urban Panchayat - CMDA Fund,2023-2024,CC Road,Providing Cement Concrete Road at Bharathy Nagar Street,"810,000"
214,Iyyapanthangal,Peri Urban Panchayat - CMDA Fund,2023-2024,CC Road,Providing Cement Concrete Road at evp pirabu 1st cross street,"630,000"
215,Iyyapanthangal,Peri Urban Panchayat - CMDA Fund,2023-2024,CC Road,Providing Cement Concrete Road at evp pirabu 8thcross street,"665,000"
216,Iyyapanthangal,Peri Urban Panchayat - CMDA Fund,2023-2024,CC Road,Providing Cement Concrete Road at evp pirabu 9th cross street,"245,000"
217,Iyyapanthangal,MGNREGS,2023-2024,Rural Sports Centre,Providing Rural Sports Centre (TYPE C) for kolthuvancheri colony in S.No. 136 at Iyyapanthangal Panchayat,"60,000"
218,Iyyapanthangal,SBM(G),2023-2024,Battery Car,Procurement of E-Cart -8 Iyyapanthangal Panchayat,"252,750"
219,Iyyapanthangal,Peri Urban Panchayat - CMDA Fund,2023-2024,CC Road,Providing Cement Concrete Road at chinnakoluthuvancheri pillayar koil street,"3,220,000"
220,Iyyapanthangal,SBM(G),2023-2024,Battery Car,Procurement of E-Cart -3 Iyyapanthangal Panchayat,"252,750"
221,Iyyapanthangal,Peri Urban Panchayat - CMDA Fund,2023-2024,CC Road,Providing Cement Concrete Road at doss avenue street,"700,000"
222,Iyyapanthangal,Michaung Flood Damaged Roads,2023-2024,CC Road,Providing of Cement Concrete Road to I Main Road II Cross Street,"775,000"
223,Iyyapanthangal,Michaung Flood Damaged Roads,2023-2024,CC Road,Providing of Cement Concrete Road to Mangala Nagar 1st Main Road,"880,000"
224,Iyyapanthangal,SBM(G),2023-2024,Battery Car,Procurement of E-Cart -9 Iyyapanthangal Panchayat,"252,750"
225,Iyyapanthangal,Peri Urban Panchayat - CMDA Fund,2023-2024,CC Road,Providing Cement Concrete Road at kamatchi nagar main road,"1,785,000"
226,Iyyapanthangal,Peri Urban Panchayat - CMDA Fund,2023-2024,CC Road,Providing Cement Concrete Road at subbiah nagar 1st cross street,"228,000"
227,Iyyapanthangal,Michaung Flood Damaged Roads,2023-2024,CC Road,Providing Cement Concrete Road to Subramani Nagar Cross Street,"847,000"
228,Iyyapanthangal,Michaung Flood Damaged Roads,2023-2024,CC Road,Providing of Cement Concrete Road to I Main Road,"629,000"
229,Iyyapanthangal,Michaung Flood Damaged Roads,2023-2024,CC Road,Providing of Cement Concrete Road to I Main Road I Cross Street,"421,000"
230,Iyyapanthangal,Michaung Flood Damaged Roads,2023-2024,CC Road,Providing of Cement Concrete Road to Subbaiah Nagar 2nd Cross Street,"598,000"
231,Iyyapanthangal,15th CFC - VP,2023-2024,Drainage,Providing drainage at vanniyar mettu street (210 m),"2,288,981"
232,Iyyapanthangal,SBM(G),2023-2024,Battery Car,Procurement of E-Cart -5 Iyyapanthangal Panchayat,"252,750"
233,Iyyapanthangal,SBM(G),2023-2024,Battery Car,Procurement of E-Cart -7 Iyyapanthangal Panchayat,"252,750"
234,Iyyapanthangal,NNT,2023-2024,Drainage,Construction of storm water drain wall additional height with RCC cover slab manholes in Venugopalapuram street at Iyyapanthangal Panchayat.(General Habitation 1/3),"324,000"
235,Iyyapanthangal,Michaung Flood Damaged Roads,2023-2024,CC Road,Providing of Cement Concrete Road to Othaivaadai Street,"702,000"
236,Iyyapanthangal,SBM(G),2023-2024,Battery Car,Procurement of E-Cart -10 Iyyapanthangal Panchayat,"252,750"
237,Iyyapanthangal,SBM(G),2023-2024,Battery Car,Procurement of E-Cart -6 Iyyapanthangal Panchayat,"252,750"
238,Iyyapanthangal,15th CFC - DP,2024-2025,Drainage,Construction of Drainage connecting to the existing Drain in Ashok Brindavan 3rd Street at Iyyapanthangal Panchayat,"840,000"
239,Iyyapanthangal,15th CFC - VP,2024-2025,CC Road,providing cement concrete road at Asock Brinthavanam cross street (Chainage 00.00m to 46.00m),"322,000"
240,Iyyapanthangal,15th CFC - VP,2024-2025,Wire Fencing,providing fencing arrangement to 30000 lr OHT Pilliyar Kovil Street at Chinnakoluthuvancheri @ Iyyapanthangal Panchayat,"40,000"
241,Iyyapanthangal,Kalaignarin Kanavu Illam,2024-2025,KKI,Construction of New House Under Kalaignarin Kanavu Illam for ரகு ப F/H of பழனி,"310,000"
242,Iyyapanthangal,MLACDS-Alandur,2024-2025,Park,Improvements to Ramachandra Nagar Park at Iyyapanthangal Panchayat at Kundrathur Panchayat Union.,"1,800,000"
243,Iyyapanthangal,MLACDS-Alandur,2024-2025,Reverse osmosis plant,"Supply, Installation Commissioning of Reverse Osmosis Plant (RO Plant) Commercial Model-2000 LPH at Perumal Koil Street at Iyyapanthangal Panchayat","970,000"
244,Iyyapanthangal,General Fund - BP,2024-2025,Drainage,Construction of Cement Concrete Drainage with RCC Cover Slab in Ayyanpan Koil Street in Iyyapanthangal,"974,000"
245,Iyyapanthangal,General Fund - BP,2024-2025,Drainage,Construction of Cement Concrete Drianage with RCC Cover Slab in Dhanalakshmi Nagar Street at Iyyapanthangal,"974,000"
246,Iyyapanthangal,General Fund - DP,2024-2025,CC Road,Providing Cement Concrete Pavement to Perumal Koil Cross Street at Iyyapanthangal Panchayat,"400,000"
247,Iyyapanthangal,15th CFC - DP,2024-2025,Drainage,Construction of Drainage in College Street Kalaignar Nagar 1st Street connecting to the existing drainage at Iyyapanthangal Panchayat,"700,000"
248,Iyyapanthangal,15th CFC - VP,2024-2025,Pipeline Extension,Providing pipe line to Kamatchi nagar 250m at Ayappanthangal Village and Panchayat,"100,000"
249,Iyyapanthangal,15th CFC - VP,2024-2025,New Borewell,"Providing borewell, pumpset and pipe line to Adithathanar nagar 1st street Iyyapanthangal village and Panchayat(100m)","464,000"
250,Iyyapanthangal,15th CFC - VP,2024-2025,Equipment for SWM (including safety equipment),Procurement of Thooimaikavalar safety kit 28 @ Iyyapanthangal Panchayat,"84,000"
251,Iyyapanthangal,MLACDS-Alandur,2024-2025,Library building,Construction of New Library Building in EVP Prabu Nagar at Iyyapanthangal Panchayat,"1,600,000"
252,Iyyapanthangal,General Fund - BP,2024-2025,Drainage,Construction of Cement Concrete Drianage with RCC Cover Slab RCC Slab Culverts in EVP Park Avenue,"1,781,000"
253,Iyyapanthangal,General Fund - DP,2024-2025,Drainage,Construction of Cement Concrete Drainage with RCC Cover Slab in EVP Prabu Avenue III Main Road at Iyyapanthangal Panchayat,"2,500,000"
254,Iyyapanthangal,15th CFC - VP,2024-2025,CC Road,providing cement concrete road at EVP prabu Amma park Road ( Palani House to Mari House ) (Chainage 105m-109m) 44m,"310,000"
255,Iyyapanthangal,15th CFC - VP,2024-2025,Pipeline Extension,Providing pipe line to EVP prabu Avenue to Janagiraman Nagar 250m @ Iyyapanthangal Panchayat,"100,000"
256,Iyyapanthangal,15th CFC - VP,2024-2025,New Borewell,"Providing borewell, pumpset and pipe line to Nadukulam at E.V.P.Prabu Avenue @ Iyyapanthangal Panchayat(100m)","450,000"
257,Iyyapanthangal,15th CFC - VP,2024-2025,Wire Fencing,providing fencing arrangement to 30000 lr OHT at EVP Prabu Avenue @ Iyyapanthangal Panchayat,"40,000"
258,Iyyapanthangal,15th CFC - VP,2024-2025,Wire Fencing,providing fencing arrangement to 60000 lr OHT at Sivaramakrishnan Nagar in E.V.P.Avenue @ Iyyapanthangal Panchayat,"46,000"
259,Iyyapanthangal,15th CFC - VP,2024-2025,Wire Fencing,providing fencing arrangement to 30000 lr OHT at TheruVeethi amman Kovil Street in Koluthuvanchery colony @ Iyyapanthangal Panchayat,"40,000"
260,Iyyapanthangal,15th CFC - VP,2024-2025,CC Road,providing cement concrete road at Senthamizh Nagar 2nd street ( Santhana Krishnan House to Raja Mohan Nadaraj House) (Chainage 0.00m to 230.00m),"2,098,438"
261,Iyyapanthangal,15th CFC - VP,2024-2025,CC Road,providing cement concrete road at Senthamizh Nagar cross street ( Dhuarai Raj House to Santha House) (Chainage 0.00m to 52.00m),"365,000"
262,Iyyapanthangal,15th CFC - VP,2024-2025,Pipeline Extension,Providing pipe line to Lakshmi avenue 350m in Koluthvancheri Village @ Iyyapanthangal Panchayat,"117,836"
263,Iyyapanthangal,15th CFC - VP,2024-2025,Sanitary complex Repairs,Renovation of IWSC Building @ Iyyapanthangal Panchayat,"140,000"
264,Iyyapanthangal,15th CFC - VP,2024-2025,Wire Fencing,providing fensing arrangement to 30000 lr OHT at Balaji nagar Koluthuvancheri Village @ Iyyapanthangal Panchayat,"40,000"
265,Iyyapanthangal,15th CFC - VP,2024-2025,Drainage,Construction of Drainage in Dhanalakshmi nagar Road (Ragunathan House to Ramachandiran Hosue ) (Chainage 164m to 100m),"1,167,836"
266,Iyyapanthangal,15th CFC - VP,2024-2025,Drainage,Construction of Drainage in Thiruvithiyamman Kovil St (Jayavel House to Nallusamy House ) (Chainage 0.00 m to 120m),"1,316,000"
267,Iyyapanthangal,15th CFC - VP,2024-2025,CC Road,providing cement concrete road at Mangala Nagar cross street (Thandoni House to Palani House ) (Chainage 00.00m to 30.00m),"215,000"
268,Iyyapanthangal,15th CFC - VP,2024-2025,Wire Fencing,providing fencing arrangement to 20000 lr OHT at Mangala Nagar @ Iyyapanthangal Panchayat,"30,000"
269,Iyyapanthangal,15th CFC - DP,2024-2025,Drainage,Construction of Drainage in Subbaiya Nagar 3rd Street connecting to the existing drainage at Iyyapanthangal Panchayat,"805,000"
270,Iyyapanthangal,15th CFC - VP,2024-2025,Wire Fencing,providing fensing arrangement to 30000 lr OHT at Amman Kovil Street inThelliyar agaram Colony @ Iyyapanthangal Panchayat,"40,000"
271,Iyyapanthangal,Repairs to Rural House(Const.before 2001),2024-2025,House - Major Repairs (RRH),Construction of House - Major Repairs (RRH) Under Repairs to Rural House(Const.before 2001) for ஏழுமலை F/H of Ponnambalam,"60,000"
272,Iyyapanthangal,Repairs to Rural House(Const.before 2001),2024-2025,House - Major Repairs (RRH),Construction of House - Major Repairs (RRH) Under Repairs to Rural House(Const.before 2001) for தேவராஜ் பா F/H of Senthilkumar,"60,000"
273,Iyyapanthangal,MLACDS-Alandur,2024-2025,Reverse osmosis plant,"Supply, Installation Commissioning of Reverse Osmosis Plant (RO Plant) Commercial Model-2000 LPH in Thelliyar Agaram at Iyyapanthangal Panchayat","970,000"
274,Iyyapanthangal,15th CFC - VP,2024-2025,CC Road,providing cement concrete road at ThilliyaragaramPilliyar kovil street ( Balasundharam House to Selva Kumar House) (Chainage251m to 325m) 75m,"550,000"
275,Iyyapanthangal,15th CFC - VP,2024-2025,PDS outlet,Renovation of PDS Building in Main Road at Thilliyaragaram @ Iyyapanthangal Panchayat,"150,000"
276,Iyyapanthangal,15th CFC - VP,2024-2025,Wire Fencing,providing fensing arrangement to 30000 lr OHT at Thelliyar agaram Main Road @ Iyyapanthangal Panchayat,"40,000"
277,Iyyapanthangal,15th CFC - VP,2024-2025,New Borewell,"Providing borewell, pumpset and pipe line VGN Nagar at Iyyapanthangal Panchayat(100m)","450,000"
278,Iyyapanthangal,15th CFC - VP,2024-2025,New Borewell,"Providing borewell, pumpset and pipe line to Amman Kovil Street at Thilliyaragaram colony @ Iyyapanthangal Panchayat(150m)","450,000"
279,Iyyapanthangal,15th CFC - VP,2024-2025,New Borewell,"Providing borewell, pumpset and pipe line to Venugopal nagar at Iyyapanthangal Colony @ Iyyapanthangal Panchayat(100m)","450,000"
280,Iyyapanthangal,15th CFC - VP,2024-2025,Wire Fencing,providing fencing arrangement to 30000 lr OHT at Perumal Kovil Street in Ayyappanathangal Colony @ Iyyapanthangal Panchayat,"40,000"
281,Iyyapanthangal,PMAY(G),2024-2025,KKI,Construction of New House Under PMAY(G) for RAJESWARI R F/H of Raju,"240,000"
282,Iyyapanthangal,15th CFC - VP,2024-2025,Wire Fencing,providing fencing arrangement to 30000 lr OHT and 20000 lr OHT at Subramani Nagar @ Iyyapanthangal Panchayat,"70,000"
283,Iyyapanthangal,MGNREGS,2025-2026,Avenue Tree Plantation,Foramtion of Avenue Tree Plantation 2025 2026 Krishnaveniammal Nagar Ashok Biranthavan Nagar Street (200nos) at Iyyapanthangal panchayat - 1 km,"117,795"
284,Iyyapanthangal,NNT,2025-2026,CC Road,"Providing of Cement Concrete Road in Ashok Brindavanam Second Cross Street area of ​​Kundrathur Panchayat Union, Iyyapanthangal Panchayat. (General 1/3)","900,000"
285,Iyyapanthangal,CMDA Special Fund,2025-2026,CC Road,Providing Cement Concrete Pavement to Krishnaveniammal Nagar cross Street in Ashok Brindhavanam Nagar at Iyyapanthangal Panchayat,"817,000"
286,Iyyapanthangal,CMDA Special Fund,2025-2026,Drainage,Providing Additional Wall Height CC Drain with Cover Slab in Ashok Brindavanam to Subbiah Nagar at Iyyapanthangal Panchayat,"357,000"
287,Iyyapanthangal,MGNREGS,2025-2026,Avenue Tree Plantation,Foramtion of Avenue Tree Plantation 2025 2026 Dhanalakhsmi Nagar Main Road (100nos) at Iyyapanthangal panchayat - 0.5 km,"61,495"
288,Iyyapanthangal,MGNREGS,2025-2026,Avenue Tree Plantation,Foramtion of Avenue Tree Plantation 2025 2026 Koluthuvancheri Village Sai Nagar Street (200nos) at Iyyapanthangal panchayat - 1 km,"117,795"
289,Iyyapanthangal,MGNREGS,2025-2026,Watering of Avenue Tree Plantation,Watering of Existing Plantation 24-2025 in ATP in Iyyapanthangal at Iyyapanthangal Panchayat (300 Nos),"174,094"
290,Iyyapanthangal,MGNREGS,2025-2026,Institutional plantation,"Formation of 2025-26 All other Plantation Institutional plantation (20 Nos), Home Plantation 24-25=1,25-26=3 (4 * 2=8 Nos) at Iyyapanthangal Panchayat","20,960"
291,Iyyapanthangal,NNT,2025-2026,CC Road,"Providing of Cement Concrete road in Adithanar Nagar 4th Street area, Iyyapanthangal Panchayat, Kundrathur Panchayat Union (General 1/3)","2,186,000"
292,Iyyapanthangal,MLACDS-Alandur,2025-2026,Burial Ground,Construction of a Compound Wall in Balaji Nagar Burial Ground of ​​Iyyapanthangal Panchayat,"1,334,000"
293,Iyyapanthangal,15th CFC - VP,2025-2026,CC Road,Providing cement road to Kumari Makkal Street (266m),"2,128,000"
294,Iyyapanthangal,15th CFC - VP,2025-2026,CC Road,Providing cement road to mettu colony main street in Iyyapanthangal panchayat (107m),"913,440"
295,Iyyapanthangal,15th CFC - VP,2025-2026,CC Road,Providing cement road to SSK Avenue II with cover slab in Iyyapanthangal panchayat (100m),"888,464"
296,Iyyapanthangal,15th CFC - VP,2025-2026,OHT,Construction of New OHT at Perumal koi street 30000Lit (1nos),"1,800,000"
297,Iyyapanthangal,15th CFC - VP,2025-2026,Pipeline Extension,Providing Pipe Line Extension Work at Ponmuthu Nagar (445m),"147,428"
298,Iyyapanthangal,15th CFC - VP,2025-2026,New Borewell,Providing Borewell and Pumpset at Ashok Brindavan Nagar (1nos),"500,000"
299,Iyyapanthangal,15th CFC - VP,2025-2026,New Borewell,Providing Borewell and Pumpset at Senthamil Nagar (1nos),"500,000"
300,Iyyapanthangal,Kalaignarin Kanavu Illam,2025-2026,KKI,Construction of New House Under Kalaignarin Kanavu Illam for RAMESH F/H of CHANDIRAN,"310,000"
301,Iyyapanthangal,CMDA Special Fund,2025-2026,CC Road,Providing Cement Concrete Pavement to Pushpa Nagar at Iyyapanthangal Panchayat,"2,667,000"
302,Iyyapanthangal,CMDA Special Fund,2025-2026,CC Road,Providing Cement Concrete Pavement to Venugopal Nagar Street in Iyyapanthangal Village and Pancchayat,"1,366,000"
303,Iyyapanthangal,CMDA Special Fund,2025-2026,CC Road,Providing Cement Concrete Pavement to Venugopal Nagar Thiruvalluvar Street in Iyyapanthangal Village and Panchayat.,"992,000"
304,Iyyapanthangal,CMDA Special Fund,2025-2026,Drainage,Providing Storm Water Drain With Cover Slab in Puspa Nagar at Iyyapanthangal Panchayat,"3,821,000"
305,Iyyapanthangal,CGF Savings Fund - Infra,2025-2026,CC Road,Providing Cement Concrete Pavement to Annai Abirami 1st Street @ Iyyapanthangal Panchayat,"795,000"
306,Iyyapanthangal,CGF Savings Fund - Infra,2025-2026,CC Road,Providing Cement Concrete Pavement to Annai Abirami Nagar 3rd Street @ Iyyapanthangal Panchayat,"321,000"
307,Iyyapanthangal,CGF Savings Fund - Infra,2025-2026,CC Road,Providing Cement Concrete Pavement to Annai Abirami Nagar 4th Street @ Iyyapanthangal Panchayat,"944,000"
308,Iyyapanthangal,CGF Savings Fund - Infra,2025-2026,CC Road,"Providing Cement Concrete Pavement to Kesavardhini Nagar 2nd Street, 9th Street 10th Street @ Iyyapanthangal Panchayat","1,047,000"
309,Iyyapanthangal,CGF Savings Fund - Infra,2025-2026,CC Road,Providing Cement Concrete Pavement to Kesavardhini Nagar Main Road @ Iyyapanthangal Panchayat,"1,213,000"
310,Iyyapanthangal,CGF Savings Fund - Infra,2025-2026,CC Road,Providing Cement Concrete Pavement to Natesan Nagar Main Road @ Iyyapanthangal Panchayat,"1,605,000"
311,Iyyapanthangal,CGF Savings Fund - Infra,2025-2026,CC Road,Providing Cement Concrete Pavement to Padmavathy Nagar Arul Sakthi Vinayagar Street @ Iyyapanthangal Panchayat,"2,095,000"
312,Iyyapanthangal,CGF Savings Fund - Infra,2025-2026,Drainage,Providing Storm Water Drain add height with cover slab to Padmavathi nagar Arul Sakthi Vinayahar st @ Iyyapanthangal Panchayat,"1,310,000"
313,Iyyapanthangal,Namma Ooru Namma Arasu,2025-2026,Pipeline Extension,பாலாஜி நகர் பகுதியில் புதியதாக பைப்லைன் அமைத்தல் (750மீ),"337,500"
314,Iyyapanthangal,MLACDS-Alandur,2025-2026,Park,Construction of a Park EVP Prabhu Avenue area near the library at Iyyapanthangal Panchayat,"950,000"
315,Iyyapanthangal,CMDA Special Fund,2025-2026,CC Road,Providing Cement Concrete Pavement to Arun Nagar Thiruvalluvar Street in EVP Prabu Avenue at Iyyapanthangal Panchayat,"795,000"
316,Iyyapanthangal,CMDA Special Fund,2025-2026,CC Road,Providing Cement Concrete Pavement to Bharthi Nagar Main Road in EVP Prabu Avenue at Iyyapanthangal Panchayat,"1,714,000"
317,Iyyapanthangal,CMDA Special Fund,2025-2026,CC Road,Providing Cement Concrete Pavement to College Road Kalainger Nagar I Street in EVP Prabu Avenue at Iyyapanthangal Panchayat,"535,000"
318,Iyyapanthangal,CMDA Special Fund,2025-2026,CC Road,Providing Cement Concrete Pavement to EVP Pirabu Avebue III Main Road Sivaramakrishnan Nagar at Iyyapanthangal Panchayat,"2,380,000"
319,Iyyapanthangal,CMDA Special Fund,2025-2026,Drainage,Providing RCC Stom Water Drain at EVP 50ft Road to Thanthi Kalvoy at Iyyapanthangal Panchayat,"8,633,000"
320,Iyyapanthangal,CMDA Special Fund,2025-2026,Drainage,Providing RCC Stom Water Drain in Arputham Avenue to EVP 50ft Road at Iyyapanthangal Panchayat.,"9,040,000"
321,Iyyapanthangal,CMDA Special Fund,2025-2026,Drainage,Providing RCC Storm Water Drain at Annai Store to Arputham Avenue in EVP Prabu Avenue at Iyyapanthangal Panchayat,"9,040,000"
322,Iyyapanthangal,CMDA Special Fund,2025-2026,Drainage,Providing storm water drain to theruveethiyamman in Periyakoluthuvancheri at Iyyapanthangal Panchayat,"1,362,000"
323,Iyyapanthangal,CMDA Special Fund,2025-2026,CC Road,Providinf CC pavement to Maduram nagar Ist street in Koluthuvanchery At Iyyapanthangal Panchayat,"597,000"
324,Iyyapanthangal,CMDA Special Fund,2025-2026,Drainage,Construction of Storm Water Drain in Balaji Nagar Street Koluthuvancheri Villae at Iyyapanthangal Panchauat,"2,200,000"
325,Iyyapanthangal,CMDA Special Fund,2025-2026,Culvert,Construction of 3.00m span RCC Slab Culvert (7.00m Length) Ramaiyah nagar Street @ Iyyapanthangal Panchayat,"1,213,000"
326,Iyyapanthangal,MLACDS-Alandur,2025-2026,Burial Ground,Construction of Kariyamedai in Ponniamman Koil Street Burial Ground at Iyyapanthangal Panchayat.,"700,000"
327,Iyyapanthangal,CMDA Special Fund,2025-2026,CC Road,Providing Cement Concrete Pavement to Subbiah Nagar III Street at Iyyapanthangal Panchayat,"954,000"
328,Iyyapanthangal,Mudalvarin Grama Saalaigal Membattu Thittam(MGSMT) - Phase - III,2025-2026,CC Road,Strengthening of Cement Concrete Iyyapanthangal Amman Koil Street in Thelliyaragaram Colony Road Km 0/0 - 0/550 (R-419) in Iyyapanthangal Panchayat,"4,048,000"
329,Iyyapanthangal,General Fund - DP,2025-2026,CC Road,Providing Cement concrete Pavement to Thelliyar Agaram GSR Garden street at Iyyapanthangal Panchayat,"1,350,000"
330,Iyyapanthangal,CMDA Special Fund,2025-2026,CC Road,Providing Cement Concrete Pavement to VGN 2nd Main Road 2nd cross street (left side) in VGN Nagar at Iyyapanthangal Panchayat,"1,016,000"
331,Iyyapanthangal,Kalaignarin Kanavu Illam,2025-2026,KKI,Construction of New House Under Kalaignarin Kanavu Illam for முருகம்மாள் F/H of தேவக்குமார்,"310,000"
332,Iyyapanthangal,Kalaignarin Kanavu Illam,2025-2026,KKI,Construction of New House Under Kalaignarin Kanavu Illam for வனிதா F/H of துளசி,"310,000"
333,Iyyapanthangal,Rural Roads Maintenance,2025-2026,BT Road,MCB Road - Old Panchayat Office Road to Koluthuvancherinadu Kulam Road Km 0/0 - 0/650,"538,000"
334,Iyyapanthangal,CMDA Special Fund,2025-2026,Drainage,Providing storm water drain with additional height and cover slab SRMC Police station road in Mettu Colony at Iyyapanthangal Panchayat,"264,000"
335,Iyyapanthangal,NNT,2025-2026,CC Road,"Construction of Cement concrete road in from Agarkaram Mettu Street to Indira Road, Iyyapanthangal Panchayat Union, Kundrathur Panchayat Union (General 1/3)","3,902,000"
336,Iyyapanthangal,NNT,2025-2026,CC Road,"Providing of Cement Concrete Road in Vasantham Nagar area of ​​Iyyapanthangal Panchayat, Kundrathur Panchayat Union (General 1/3)","1,247,000"
1,Gerugambakkam,General Fund - BP,2021-2022,CC Road,Providing cement concrete pavement to Abdulkalam cross street in Akash nagar at Gerugambakkam panchayat,"1,000,000"
2,Gerugambakkam,TNRRIS-Stream-II-Strengthening,2021-2022,BT Road,Aakash Nagar to Gerugambakkam Link Road in Gerugambakkam panchayat,"4,202,000"
3,Gerugambakkam,PMAY(G),2021-2022,PMAY(G),Construction of New House Under PMAY(G) for chitra F/H of Rajendran,"240,000"
4,Gerugambakkam,PMAY(G),2021-2022,PMAY(G),Construction of New House Under PMAY(G) for Ranganathan Kannan F/H of Kannan,"240,000"
5,Gerugambakkam,PMAY(G),2021-2022,PMAY(G),Construction of New House Under PMAY(G) for SELVI F/H of Sankar,"240,000"
6,Gerugambakkam,PMAY(G),2021-2022,PMAY(G),Construction of New House Under PMAY(G) for Sivaperuman Kaliyappan F/H of Kaliyappan,"240,000"
7,Gerugambakkam,PMAY(G),2021-2022,PMAY(G),Construction of New House Under PMAY(G) for Subramani Govindhasamy F/H of Subramani,"240,000"
8,Gerugambakkam,15th CFC - VP,2021-2022,CC Road,Providing Cement Concrete Pavement to Leelavathy Nagar II Street in Gerugambakkam Panchayat,"1,000,000"
9,Gerugambakkam,15th CFC - VP,2021-2022,New Borewell,"Estimate for Drilling of new Borwell, Erection of Pumpset laying of 90mm Dia Pip lines in Pachaiammal Garden at Gerugambakkam Panchayat","538,000"
10,Gerugambakkam,15th CFC - VP,2021-2022,New Borewell,"Estimate for Drilling of new Borwell, Erection of Pumpset laying of 90mm Dia Pip lines in Ramachandra nagar at Gerugambakkam Panchayat","965,000"
11,Gerugambakkam,SDRF-North East Monsoon,2021-2022,BT Road,Providing Temporary Restoration to Gerugambakkam Village at Gerugambakkam Village Panchayat,"134,000"
12,Gerugambakkam,SIDS,2021-2022,School Renovation Work,Renovation to Panchayat Union Primary School East facing 3 Class Room School Building in Gerugambakkam Panchayat,"319,000"
13,Gerugambakkam,SIDS,2021-2022,School Renovation Work,Renovation to Panchayat Union Primary School Single Class Room School Building in Gerugambakam Panchayat,"114,000"
14,Gerugambakkam,SIDS,2021-2022,Kitchen Shed Repairs,Renovation to Kitchen Shed Building in Panchayat Union Primary School Campus at Gerugambakkam Panchayat,"27,000"
15,Gerugambakkam,SIDS,2021-2022,School Toilet Repair,Renovation to School Toilet for Boys Girls in Panchayat Union Primary School Building Campus in Gerugambakkam Panchayat,"42,500"
16,Gerugambakkam,SIDS,2021-2022,School Toilet Repair,Renovation to School Toilet in Panchayat Union Primary School Building Campus in Gerugambakkam Panchayat,"10,500"
17,Gerugambakkam,SIDS,2021-2022,New Borewell,"Drilling of new Borewell , Erection of Pumpset Laying of 90mm Dia Pipe Lines in Panchayat Union Primary school Campus at Gerugambakkam Panchayat","349,000"
18,Gerugambakkam,AGAMT II,2021-2022,CC Road,providing cement concrete pavement (35m) to anna street in keel colony at gerugambakkam panchayat,"246,000"
19,Gerugambakkam,AGAMT II,2021-2022,CC Road,Providing cement concrete pavement to Bharathynagar Velunachiyar street (100mx4.00m),"822,000"
20,Gerugambakkam,AGAMT II,2021-2022,Public toilet for PDS,construction of public toilet for PDS shop in gerugambakkam village at gerugambakkam panchayat,"300,000"
21,Gerugambakkam,AGAMT II,2021-2022,Fencing Green net provision for additional block nursery,providing green net arrangements for nursery in gerugambakkam village at gerugambakkam panchayat OSR land,"299,500"
22,Gerugambakkam,15th CFC - VP,2021-2022,Drainage,Construction of Storm Water Drain RCC Cover Slab Manholes in MGR Street in Melcolony at Gerugambakkam Panchayat,"927,000"
23,Gerugambakkam,15th CFC - VP,2021-2022,Drainage,Construction of Storm Water Drain RCC Cover Slab Manholes in Thiruvalluvar street in Melcolony at Gerugambakkam Panchayat,"576,000"
24,Gerugambakkam,General Fund - VP,2021-2022,Compound Wall,Construction of Compound wall village burial ground pumpset Sintex Tank in Gerugambakkam Panchayat,"533,000"
25,Gerugambakkam,General Fund - VP,2021-2022,New Borewell,Construction of Compound Wall in colony Burial Ground providing borewell Sintex Tank Pumping at gerugambakkam Panchayat,"1,158,000"
26,Gerugambakkam,PMAY(G),2021-2022,PMAY(G),Construction of New House Under PMAY(G) for Karikalan S P F/H of perumal,"240,000"
27,Gerugambakkam,AGAMT II,2021-2022,CC Road,Providing Cement Concrete Pavement in Malli Street in Keel colony at Gerugambakkam Panchayat,"559,000"
28,Gerugambakkam,AGAMT II,2021-2022,CC Road,Providing Cementy Concrete pavement to Saamanthy Street in Keel Colony at Gerugambakkam Panchayat,"916,000"
29,Gerugambakkam,15th CFC - VP,2021-2022,CC Road,Providing Cement Concrete Pavement to Bharathy Nagar Thai Street in Gerugambakkam Panchayat,"1,000,000"
30,Gerugambakkam,AGAMT II,2021-2022,CC Road,Providing Cement concrete pavement to Bharathy nagar Thiruvalluvar Street (110mx4.00m),"817,000"
31,Gerugambakkam,AGAMT II,2021-2022,CC Road,Providing cement concrete pavement to Bharathy Nagar Thiruvalluvar Street 6th 7th street (110mx4.00m),"940,000"
32,Gerugambakkam,AGAMT II,2021-2022,CC Road,Providing cement concrete pavement to Bharathynagar Vivekanand street (55mx4.00m),"1,083,000"
33,Gerugambakkam,CMDA Special Fund,2021-2022,Gym ,Construction of Compound wall around the  park & providing Gym arrangements in Ramachandra Nagar park ,"3,062,000"
34,Gerugambakkam,CMDA Special Fund,2021-2022,Toilet Work,Construction of Park & Toilet Building in Ramachandra Nagar park,"2,888,000"
35,Gerugambakkam,CMDA Fund,2022-2023,CC Road,Providing Cement concrete Pavement to Ramachandra nagar main road at Gerugambakkam Panchayat.,1729000
36,Gerugambakkam,CMDA Fund,2022-2023,CC Road,Providing Cement concrete Pavement to Prithis avenue road at Gerugambakkam Panchayat.,1750000
37,Gerugambakkam,CMDA Fund,2022-2023,CC Road,Providing Cement concrete Pavement to Madha town link road(Agraharam) at Gerugambakkam Panchayat.,1400000
38,Gerugambakkam,CMDA Fund,2022-2023,CC Road,Providing Cement concrete Pavement to Bharathi nagar main road  at Gerugambakkam Panchayat.,700000
39,Gerugambakkam,CMDA Fund,2022-2023,CC Road,Providing Cement concrete Pavement to Bharathi nagar Chithirai street at Gerugambakkam Panchayat.,700000
40,Gerugambakkam,CMDA Fund,2022-2023,CC Road,Providing Cement concrete Pavement to Bharathi nagar  Vinayagar koil  street at Gerugambakkam Panchayat.,1120000
41,Gerugambakkam,CMDA Fund,2022-2023,CC Road,Providing Cement concrete Pavement to Keelcolony Theruveethiaman koil street at Gerugambakkam Panchayat.,1085000
42,Gerugambakkam,CMDA Fund,2022-2023,CC Road,Providing Cement concrete Pavement to Keelcolony Gandhi  street at Gerugambakkam Panchayat.,630000
43,Gerugambakkam,CMDA Fund,2022-2023,CC Road,Providing Cement concrete Pavement to Keelcolony Ambethkar street  at Gerugambakkam Panchayat.,1855000
44,Gerugambakkam,CMDA Fund,2022-2023,CC Road,Providing Cement concrete Pavement to Chakrapani nagar Thamarai street  at Gerugambakkam Panchayat.,1932000
45,Gerugambakkam,CMDA Fund,2022-2023,CC Road,Providing Cement concrete Pavement to Chakrapani nagar Alli street  at Gerugambakkam Panchayat.,560000
46,Gerugambakkam,CMDA Fund,2022-2023,CC Road,Providing Cement concrete Pavement to Mukkani  street at Gerugambakkam Panchayat.  ,1855000
47,Gerugambakkam,CMDA Fund,2022-2023,CC Road,Providing Cement concrete Pavement to Shenbagam street  at Gerugambakkam Panchayat.,315000
48,Gerugambakkam,CMDA Fund,2022-2023,Park,"Improvements to Sakthi Avenue Park (25mx39m)(Park, pathway & Compound wall) at Gerugambakkam Panchayat.",2500000
49,Gerugambakkam,CMDA Fund,2022-2023,Park,"Improvements toVisalakshmi Nagar Park (25mx39m)(Park, pathway & Compound wall) at Gerugambakkam Panchayat.",3000000
50,Gerugambakkam,CMDA Fund,2022-2023,CC Road,Providing Cement concrete Pavement to Puliyanthoppu Murthy nagar at Gerugambakkam Panchayat.,665000
51,Gerugambakkam,CMDA Fund,2022-2023,CC Road,Providing Cement concrete Pavement to Puliyanthoppu Nachiyaramman street at Gerugambakkam Panchayat.,525000
52,Gerugambakkam,CMDA Fund,2022-2023,CC Road,Providing Cement concrete Pavement to Puliyanthoppu Ambethkar street at Gerugambakkam Panchayat.,560000
53,Gerugambakkam,CMDA Fund,2022-2023,CC Road,Providing Cement concrete Pavement to Bhoomadevi nagar Ist street at Gerugambakkam Panchayat.,714000
54,Gerugambakkam,CMDA Fund,2022-2023,CC Road,Providing Cement concrete Pavement to Bhoomadevi nagar 3rd  street at Gerugambakkam Panchayat.,630000
55,Gerugambakkam,CMDA Fund,2022-2023,CC Road,Providing Cement concrete Pavement to Bhoomadevi nagar 5th street at Gerugambakkam Panchayat.,560000
56,Gerugambakkam,CMDA Fund,2022-2023,CC Road,Providing Cement concrete Pavement to Bhoomadevi nagar 7th street at Gerugambakkam Panchayat.,560000
57,Gerugambakkam,CMDA Fund,2022-2023,CC Road,Providing Cement concrete Pavement to  Sainagar Ist and 2nd street at Gerugambakkam Panchayat.,826000
58,Gerugambakkam,MGNREGS,2022-2023,Desilting of Supply Channel,Strom water Earthern drain in Madha Town Street at Gerugambakkam Panchayat (2250 m) 2022-23,"340,000"
59,Gerugambakkam,MGNREGS,2022-2023,Desilting of Supply Channel,Strom water Earthern drain in Ramachandira Nagar Street at Gerugambakkam Panchayat (2250 m) 2022-23,"305,000"
60,Gerugambakkam,SBM(G),2022-2023,Battery Car,Purchase for E-Carts Gerugambakkam Village,"292,964"
61,Gerugambakkam,15th CFC - VP,2022-2023,School Renovation Work,Repair PUPS 2 Class room Annai Indra nagar,"100,000"
62,Gerugambakkam,15th CFC - VP,2022-2023,School Renovation Work,Repair PUPS Kitchen shed Annai Indra nagar,"70,000"
63,Gerugambakkam,15th CFC - VP,2022-2023,School Toilet Repair,Repair PUPS toilet Annai Indra Nagar,"40,000"
64,Gerugambakkam,MGNREGS,2022-2023,Desilting of Supply Channel,Strom water Earthern drain in Annai Indira Nagar Street at Gerugambakkam Panchayat (2250 m)2022-23,"430,000"
65,Gerugambakkam,MGNREGS,2022-2023,Moringa nursery,Formation on Moringa nursery at Gerugambakkam Pt 1000 nos,"131,000"
66,Gerugambakkam,General Fund - DP,2022-2023,CC Road,Providing Cement Concrete Pavement to Thiruvalluvar Cross Street at Gerugambakkam Panchayat.,"800,000"
67,Gerugambakkam,15th CFC - VP,2022-2023,CC Road,providing cement platform for segreggation at mcc,"89,106"
68,Gerugambakkam,15th CFC - VP,2022-2023,OHT,Repairs to 30000 litre OHT tank in Akash nagar 1 no,"87,000"
69,Gerugambakkam,15th CFC - VP,2022-2023,OHT,Repairs to 30000 litre OHT tank in Gerugambakkam village 1 no,"115,316"
70,Gerugambakkam,15th CFC - VP,2022-2023,OHT,Repairs to 30000 litre OHT tank in Keel colony 1 no,"87,000"
71,Gerugambakkam,15th CFC - VP,2022-2023,OHT,Repairs to 30000 litre OHT tank in Manthoppu 1 no,"87,000"
72,Gerugambakkam,15th CFC - VP,2022-2023,OHT,Repairs to 60000 litre OHT tank in Dr Ambethkar nagar 1 no,"103,000"
73,Gerugambakkam,15th CFC - VP,2022-2023,OHT,Repairs to 60000 litre OHT tank in Mel colony 1 no,"115,317"
74,Gerugambakkam,15th CFC - VP,2022-2023,New Borewell,providing borewell with pumpset main line distribution pipe line at Sakthi nagar,"786,830"
75,Gerugambakkam,15th CFC - VP,2022-2023,School Renovation Work,PUPS Gerugambakkam 3 Class room East facing,"219,000"
76,Gerugambakkam,15th CFC - VP,2022-2023,School Renovation Work,PUPS Gerugambakkam single Class room West facing,"75,000"
77,Gerugambakkam,15th CFC - VP,2022-2023,Solid Waste Management,providing fencing at mcc,"82,463"
78,Gerugambakkam,15th CFC - VP,2022-2023,Anganwadi Repairs,Repair Anganwadi building @ Keelma nagar,"140,000"
79,Gerugambakkam,15th CFC - VP,2022-2023,Anganwadi Repairs,Repair Anganwadi building @ Visalakshi nagar,"200,000"
80,Gerugambakkam,15th CFC - VP,2022-2023,Community Dug Well,Repairs to 30000 litre OHT tank in Bharathi nagar 1 no,"87,000"
81,Gerugambakkam,15th CFC - VP,2022-2023,Drainage,Storm Water Drain in Melcolony Thiruvalluvar Street,"786,000"
82,Gerugambakkam,15th CFC - VP,2022-2023,Battery Car,Purchase of new E- cart 6 nos @ Gerumbakkam panchayat,"600,000"
83,Gerugambakkam,15th CFC - VP,2022-2023,CC Road,Providing cement concrete pavement to Bharathil Nagar street,"874,845"
84,Gerugambakkam,15th CFC - VP,2022-2023,Payment to EB,Settlement to EB Dues @ Gerugambakkam Panchayat,"517,123"
85,Gerugambakkam,AGAMT library repair,2022-2023,Library Building Repair and Toilet Construction,Repairs and Renovation of Library Building @ Gerugambakkam Panchayat.,"146,000"
86,Gerugambakkam,SBM(G),2022-2023,Battery Car,Purchase of a E-Carts Gerugambakkam Village,"292,964"
87,Gerugambakkam,SBM(G),2022-2023,Battery Car,Purchase of E-Carts at Gerugambakkam Village,"292,964"
88,Gerugambakkam,SBM(G),2022-2023,Battery Car,Purchase of E-Carts Gerugambakkam Village,"292,964"
89,Gerugambakkam,Mudalvarin Grama Saalaigal Membattu Thittam (MGSMT),2022-2023,BT Road,Gerugambakkam -tharapakkam road,"6,967,000"
90,Gerugambakkam,Mudalvarin Grama Saalaigal Membattu Thittam (MGSMT),2022-2023,BT Road,Gerugambakkam By Pass Road,"5,056,000"
91,Gerugambakkam,General Fund - DP,2022-2023,Drainage,Construction of Strom Water Drain with Dispersion Trench RCC Cover slab in Thiruvalluvar Street in Melcolony at Gerugambakkam Panchayat.,"700,000"
92,Gerugambakkam,15th CFC - VP,2022-2023,Anganwadi Repairs,Repair Anganwadi building @ Meel Colony,"150,000"
93,Gerugambakkam,SBM(G),2022-2023,Battery Car,Purchase of E-Carts in Gerugambakkam Village,"292,964"
94,Gerugambakkam,General Fund - BP,2022-2023,Drainage,Constrction of Storm water Drain Bhooma devi nagar Main Cross streets at Gerugambakkam panchayat (chainage from 0m to 200m),"964,000"
95,Gerugambakkam,General Fund - BP,2022-2023,Drainage,Construction of storm water Drain in Bhooma devi nagar main cross street at gerugambakkam panchayat (chainage from 200m to 400m),"964,000"
96,Gerugambakkam,General Fund - BP,2022-2023,Drainage,Construction of storm water drain in Bhooma devi nagar main cross streets at gerugambakkam panchayat (chainage from 400m to 459.50m),"288,000"
97,Gerugambakkam,MGNREGS,2022-2023,Desilting of Supply Channel,Strom water Earthern drain in Ayshwarya Nagar Road at Gerugambakkam Panchayat (2500 m) 2022-23,"350,000"
98,Gerugambakkam,MGNREGS,2022-2023,Desilting of Supply Channel,Strom water Earthern drain in Vishalatchi Nagar Road at Gerugambakkam Panchayat (3000 m) 2022-23,"323,053"
99,Gerugambakkam,MGNREGS,2022-2023,CC Road,Gen Hab-Providing Cement Concrete Road Akash Nagar Ayyasamy Koil St at Gerugambakkam Pt450 2022-23,"2,396,000"
100,Gerugambakkam,SBM(G),2022-2023,Battery Car,Purchase of ECarts Gerugambakkam Village,"292,964"
101,Gerugambakkam,15th CFC - VP,2023-2024,Drainage,Providing Cement Platform around mcc campus),"108,610"
102,Gerugambakkam,SBM(G),2023-2024,Battery Car,Procurement of E-Cart -1 Gerugambakkam Panchayat,"252,750"
103,Gerugambakkam,Peri Urban Panchayat - CMDA Fund,2023-2024,CC Road,Providing Cement Concrete Road at Aipasi street,"490,000"
104,Gerugambakkam,Peri Urban Panchayat - CMDA Fund,2023-2024,CC Road,Providing Cement Concrete Road at Avani street,"595,000"
105,Gerugambakkam,Peri Urban Panchayat - CMDA Fund,2023-2024,CC Road,Providing Cement Concrete Road at Bristol street,"413,000"
106,Gerugambakkam,Peri Urban Panchayat - CMDA Fund,2023-2024,CC Road,Providing Cement Concrete Road at Chockammal street,"533,000"
107,Gerugambakkam,Peri Urban Panchayat - CMDA Fund,2023-2024,CC Road,Providing Cement Concrete Road at Gardiaal street,"413,000"
108,Gerugambakkam,Peri Urban Panchayat - CMDA Fund,2023-2024,CC Road,Providing Cement Concrete Road at Margazhi street,"1,050,000"
109,Gerugambakkam,Peri Urban Panchayat - CMDA Fund,2023-2024,CC Road,Providing Cement Concrete Road at Pattamal Gardan,"1,650,000"
110,Gerugambakkam,Peri Urban Panchayat - CMDA Fund,2023-2024,CC Road,Providing Cement Concrete Road at Pradeesh avenue,"1,200,000"
111,Gerugambakkam,Peri Urban Panchayat - CMDA Fund,2023-2024,CC Road,Providing Cement Concrete Road at Pradeesh avenue Ist cross st,"435,000"
112,Gerugambakkam,Peri Urban Panchayat - CMDA Fund,2023-2024,CC Road,Providing Cement Concrete Road at Ramachandra nagar EXTENSION,"1,500,000"
113,Gerugambakkam,Peri Urban Panchayat - CMDA Fund,2023-2024,CC Road,Providing Cement Concrete Road at Ramachandra Nagar II Main Road,"1,350,000"
114,Gerugambakkam,Peri Urban Panchayat - CMDA Fund,2023-2024,CC Road,Providing Cement Concrete Road at Ramachandra nagar II main road 2nd cross street,"1,268,000"
115,Gerugambakkam,Peri Urban Panchayat - CMDA Fund,2023-2024,CC Road,Providing Cement Concrete Road at Ramachandra nagar II main road III cross street,"945,000"
116,Gerugambakkam,Peri Urban Panchayat - CMDA Fund,2023-2024,CC Road,Providing Cement Concrete Road at Ramachandra nagar II main road II Leeft cross street,"2,625,000"
117,Gerugambakkam,Peri Urban Panchayat - CMDA Fund,2023-2024,CC Road,Providing Cement Concrete Road at Ramachandra nagar II main road Ist cross street,"300,000"
118,Gerugambakkam,Peri Urban Panchayat - CMDA Fund,2023-2024,CC Road,Providing Cement Concrete Road at Ramachandra nagar II main road Ist left cross street,"2,438,000"
119,Gerugambakkam,Peri Urban Panchayat - CMDA Fund,2023-2024,CC Road,Providing Cement Concrete Road at Ramachandra nagar II main road IV cross street,"525,000"
120,Gerugambakkam,Peri Urban Panchayat - CMDA Fund,2023-2024,CC Road,"Providing Cement Concrete Road at Ramachandra nagar II main road, Left CROSS I AND II","900,000"
121,Gerugambakkam,Peri Urban Panchayat - CMDA Fund,2023-2024,CC Road,Providing Cement Concrete Road at Ramachandra Nagar Main Road,"600,000"
122,Gerugambakkam,Peri Urban Panchayat - CMDA Fund,2023-2024,CC Road,Providing Cement Concrete Road at Ramachandra nagar main road left and right cross street,"825,000"
123,Gerugambakkam,Peri Urban Panchayat - CMDA Fund,2023-2024,CC Road,Providing Cement Concrete Road at Venugopal street,"1,725,000"
124,Gerugambakkam,Michaung Flood Damaged Roads,2023-2024,CC Road,Providing of Cement Concrete Road to at Sakthy Nagar I II Cross Street,"2,070,000"
125,Gerugambakkam,15th CFC - VP,2023-2024,New Borewell,"Providing Borewell. Pumpset, and main line at Vigneshwara Nagar","720,000"
126,Gerugambakkam,15th CFC - VP,2023-2024,New Borewell,Providing Borewell pumpset and main line distribution line at Akash nagar,"818,610"
127,Gerugambakkam,SBM(G),2023-2024,Battery Car,Procurement of E-Cart -7 Gerugambakkam Panchayat,"252,750"
128,Gerugambakkam,Michaung Flood Damaged Roads,2023-2024,CC Road,"Providing of Cement Concrete Road to Balaji Nagar 5,6 7 Streets","1,001,000"
129,Gerugambakkam,Michaung Flood Damaged Roads,2023-2024,CC Road,Providing of Cement Concrete Road to Balaji Nagar II Street,"1,725,000"
130,Gerugambakkam,Michaung Flood Damaged Roads,2023-2024,CC Road,Providing of Cement Concrete Road to Balaji Nagar I Street,"1,035,000"
131,Gerugambakkam,General Fund - DP,2023-2024,CC Road,Providing Cement Concrete Road Indira Nagar in Kalaignar Street at Gerugambakkam Panchayat,"1,175,000"
132,Gerugambakkam,SBM(G),2023-2024,Battery Car,Procurement of E-Cart -2 Gerugambakkam Panchayat,"252,750"
133,Gerugambakkam,MGNREGS,2023-2024,Kitchen Shed,Construction of New Kitchen Shed for Adi dravidar welfare Primary school at Gerugambakkam panchayat 2022-23,"743,000"
134,Gerugambakkam,MGNREGS,2023-2024,Rural Sports Centre,"Providing Rural Sports Centre (TYPE C) for 2024-25 OSR Land S.No.562/1A,565/2C1A at Gerugambakkam Panchayat","60,000"
135,Gerugambakkam,General Fund - BP,2023-2024,CC Road,Providing Cement Concrete pavement to Karpava Vinayakar Street @ Gerugambakkam Panchayat,"1,500,000"
136,Gerugambakkam,General Fund - VP,2023-2024,CC Road,Providing Cement Concrete Road to balakrishan nagar maln road,"1,400,000"
137,Gerugambakkam,General Fund - VP,2023-2024,CC Road,Providing Cement Concrete Road to koil street,"700,000"
138,Gerugambakkam,General Fund - VP,2023-2024,CC Road,Providing Cement Concrete Road to Mullai 2 street,"455,000"
139,Gerugambakkam,General Fund - VP,2023-2024,CC Road,Providing Cement Concrete Road to thiruppur kumaran street,"525,000"
140,Gerugambakkam,General Fund - DP,2023-2024,CC Road,Providing Cement Concrete Road in Lakshmi Nagar at Gerugambakkam Panchayat,"548,000"
141,Gerugambakkam,General Fund - DP,2023-2024,CC Road,Providing Cement Concrete Road in Rajaji Street and First Street at Gerugampakkam Panchayat,"605,000"
142,Gerugambakkam,15th CFC - DP,2023-2024,New Borewell,Drilling of new Borewell Supply and fixing of 5.00 HP pumpset and panel Board with allied materials in Balakrishnan nagar at Gerugambakkam Panchayat,"739,000"
143,Gerugambakkam,15th CFC - DP,2023-2024,New Borewell,Drilling of new Borewell Supply and fixing of 5.00 HP pumpset and panel Board with allied materials in Gerugambakkam Village at Gerugambakkam Panchayat.,"761,000"
144,Gerugambakkam,15th CFC - VP,2023-2024,Purchase of Tractor,Purchs of Tractor,"300,000"
145,Gerugambakkam,15th CFC - VP,2023-2024,Battery Car,Purchase of E cart in nos,"990,000"
146,Gerugambakkam,SBM(G),2023-2024,Mini CSC – 4 (upto 07.09.2023),Construction of Mini Community Sanitary Complexes Near VAO Office @ Gerugambakkam Panchayat,"350,000"
147,Gerugambakkam,SBM(G),2023-2024,Battery Car,Procurement of E-Cart -3 Gerugambakkam Panchayat,"252,750"
148,Gerugambakkam,SBM(G),2023-2024,Purchase of Tractor,Procurement of Motorized Vehicle - Tractor With Trailer for Gerugambakkam Village panchayat 1.No,"992,000"
149,Gerugambakkam,Peri Urban Panchayat - CMDA Fund,2023-2024,CC Road,Strengthening of CC Road Gerugambakkam to Periyapanacheri road Km 0/0 - 0/574 (R-84)at Gerugambakkam Panchayat,"3,390,000"
150,Gerugambakkam,Repairs/Reconstruction of houses in Seven Flood affected districts-2023,2023-2024,Reconstruction to houses ( flood affected ),Construction of Reconstruction to houses ( flood affected ) Under Repairs/Reconstruction of houses in Seven Flood affected districts-2023 for Paneerselvam F/H of Dhurairaj,"400,000"
151,Gerugambakkam,Michaung Flood Damaged Roads,2023-2024,CC Road,Providing of Cement Concrete Road to Perumal Koil Ist Street,"598,000"
152,Gerugambakkam,Michaung Flood Damaged Roads,2023-2024,CC Road,Providing of Cement Concrete Road to Perumal Koil Street,"1,560,000"
153,Gerugambakkam,SSA Integrated School Building,2023-2024,Repair to Smart Class,Renovation of Single Class Room for Smart Class in PUPS Gerugambakkam (East Facing) @ Gerugambakkam Panchayat,"90,000"
154,Gerugambakkam,NNT,2023-2024,CC Road,Providing Cement Concrete Pavement to Mani Nagar Road in Melcolony at Gerugambakkam Panchayat. (SC Habitation 1/5),"825,000"
155,Gerugambakkam,NNT,2023-2024,CC Road,Providing Cement Concrete Pavment to School Road in Melcolony at Gerugambakkam Panchayat. (SC Habitation 1/5),"690,000"
156,Gerugambakkam,SBM(G),2023-2024,Battery Car,Procurement of E-Cart -6 Gerugambakkam Panchayat,"252,750"
157,Gerugambakkam,SBM(G),2023-2024,Battery Car,Procurement of E-Cart -9 Gerugambakkam Panchayat,"252,750"
158,Gerugambakkam,SBM(G),2023-2024,Battery Car,Procurement of E-Cart -10 Gerugambakkam Panchayat,"252,750"
159,Gerugambakkam,SBM(G),2023-2024,Battery Car,Procurement of E-Cart -5 Gerugambakkam Panchayat,"252,750"
160,Gerugambakkam,SBM(G),2023-2024,Battery Car,Procurement of E-Cart -8 Gerugambakkam Panchayat,"252,750"
161,Gerugambakkam,Michaung Flood Damaged Roads,2023-2024,CC Road,Providing of Cement Concrete Road to at Sakthy Nagar Main Road,"1,932,000"
162,Gerugambakkam,General Fund - VP,2023-2024,CC Road,Providing Cement Concrete Road to ayaram nagar 3street,"700,000"
163,Gerugambakkam,General Fund - VP,2023-2024,CC Road,Providing Cement Concrete Road to kristol garden street,"1,575,000"
164,Gerugambakkam,SBM(G),2023-2024,Battery Car,Procurement of E-Cart -4 Gerugambakkam Panchayat,"252,750"
165,Gerugambakkam,Michaung Flood Damaged Roads,2023-2024,BT Road,Strengthening of B.T Nagar Main Road Km 0/0 - 0/650,"3,582,000"
166,Gerugambakkam,General Fund - BP,2023-2024,Drainage,Construction of storm water drain with RCC slab culvert in booma Devi Nagar extension Street at Gerugambakkam Panchayat,"1,800,000"
167,Gerugambakkam,15th CFC - VP,2023-2024,CC Road,Providing CC Road to Boomadevi Nagar 3rd Cross Street (72M),"451,479"
168,Gerugambakkam,SBM(G),2023-2024,Battery Car,Procurement of E-Cart -11 Gerugambakkam Panchayat,"252,750"
169,Gerugambakkam,Peri Urban Panchayat - CMDA Fund,2023-2024,CC Road,Providing Cement Concrete Road at Mullai street,"1,001,000"
170,Gerugambakkam,Peri Urban Panchayat - CMDA Fund,2023-2024,CC Road,Providing Cement Concrete Road at Thai Ist cross street,"525,000"
171,Gerugambakkam,Peri Urban Panchayat - CMDA Fund,2023-2024,CC Road,Providing Cement Concrete Road at Vaikasi street,"490,000"
172,Gerugambakkam,Michaung Flood Damaged Roads,2023-2024,CC Road,Providing of Cement Concrete Road to at Sree Lakshmi Road,"1,527,000"
173,Gerugambakkam,Michaung Flood Damaged Roads,2023-2024,CC Road,"Providing of Cement Concrete Road to at Vigneswara Nagar II Street, Sowdappa Nagar Link","1,104,000"
174,Gerugambakkam,Michaung Flood Damaged Roads,2023-2024,CC Road,Providing of Cement Concrete Road to at Vigneswara Nagar I Street,"1,035,000"
175,Gerugambakkam,15th CFC - VP,2024-2025,New Borewell,Providing Borewll Pumpset and pipe line at Cheran Street in Aksh Nagar(150m),"696,122"
176,Gerugambakkam,15th CFC - VP,2024-2025,New Borewell,Providing Borwell Pumpset and pipe line to Mathadown(200m),"934,000"
177,Gerugambakkam,15th CFC - VP,2024-2025,Wire Fencing,Providing Fencing arrangement to 60000 lit at VGN Prithish Avenue Park,"46,000"
178,Gerugambakkam,NABARD RIDF XXX - Construction of New OHT,2024-2025,OHT,Construction of 30000 litre capacity OHT and Laying of Pumping Mainline and Distribution Pipeline in Agragaram in Gerugambakkam Panchayat.,"1,842,000"
179,Gerugambakkam,15th CFC - VP,2024-2025,Wire Fencing,Providing Fencing arrangement to 60000 lit at Puliyan Thoppu,"46,000"
180,Gerugambakkam,Kalaignarin Kanavu Illam,2024-2025,KKI,Construction of New House Under Kalaignarin Kanavu Illam for சௌந்தரி மு F/H of முருகேசன்,"310,000"
181,Gerugambakkam,Kalaignarin Kanavu Illam,2024-2025,KKI,Construction of New House Under Kalaignarin Kanavu Illam for பாஸ்கர் அ F/H of அமாவசை,"310,000"
182,Gerugambakkam,PMAY(G),2024-2025,PMAY(G),Construction of New House Under PMAY(G) for Munimmal A F/H of Pongavanam,"120,000"
183,Gerugambakkam,15th CFC - VP,2024-2025,Wire Fencing,Providing Fencing arrangement to 60000 lit at Indra Nagar,"46,000"
184,Gerugambakkam,MGNREGS,2024-2025,CC Road,Providing Cement Concrete 24-25 Pavement to Gayathri Nagar Link Road at Gerugambakkam Pt (220),"1,884,000"
185,Gerugambakkam,MGNREGS,2024-2025,CC Road,Providing Cement Concrete 24-25 Pavement to Vigneswara Nagar III st at Gerugambakkam Pt (370),"3,165,000"
186,Gerugambakkam,NNT,2024-2025,CC Road,Manju Fountation,"2,600,000"
187,Gerugambakkam,NNT,2024-2025,CC Road,Manju Funtation,"3,600,000"
188,Gerugambakkam,MLACDS-Alandur,2024-2025,Bus Shelter,"Construction of Bus Shelter at Gerugambakkam Village Bus Stop, Kundrathur Panchayat Union.","790,000"
189,Gerugambakkam,General Fund - BP,2024-2025,CC Road,Providing Cement Concrete Pavement to Ramar I Street II Street at Gerugambakkam,"1,767,000"
190,Gerugambakkam,PMAY(G),2024-2025,PMAY(G),Construction of New House Under PMAY(G) for Durai G F/H of Ganapathy,"120,000"
191,Gerugambakkam,15th CFC - VP,2024-2025,Equipment for SWM (including safety equipment),Procurement of Thooimaikavalar safety kit 18 @ Gerugambakkam Panchayat,"54,000"
192,Gerugambakkam,SBM(G),2024-2025,Horizontal Soak pits,Construction of Horizontal Filter @ Gerugambakkam to Tharapakkam Road,"157,000"
193,Gerugambakkam,Kalaignarin Kanavu Illam,2024-2025,KKI,Construction of New House Under Kalaignarin Kanavu Illam for Kumar Sammantham F/H of Sammantham,"310,000"
194,Gerugambakkam,Kalaignarin Kanavu Illam,2024-2025,KKI,Construction of New House Under Kalaignarin Kanavu Illam for Pugazhenthi F/H of MUNUSAMY,"310,000"
195,Gerugambakkam,15th CFC - VP,2024-2025,Horizontal Soak pits,Construction of Horizontal Filter @ Gerugambakkam to Tharappakkam Road.,"47,100"
196,Gerugambakkam,Kalaignarin Kanavu Illam,2024-2025,KKI,Construction of New House Under Kalaignarin Kanavu Illam for ANNAPURANI F/H of MURUGESAN,"310,000"
197,Gerugambakkam,Kalaignarin Kanavu Illam,2024-2025,KKI,Construction of New House Under Kalaignarin Kanavu Illam for Jayanthi Raja F/H of Raja,"310,000"
198,Gerugambakkam,Kalaignarin Kanavu Illam,2024-2025,KKI,Construction of New House Under Kalaignarin Kanavu Illam for சேட் தா F/H of தாமோதரன்,"310,000"
199,Gerugambakkam,Kalaignarin Kanavu Illam,2024-2025,KKI,Construction of New House Under Kalaignarin Kanavu Illam for தயாநிதி ஏ F/H of ஏழுமலை,"310,000"
200,Gerugambakkam,Kalaignarin Kanavu Illam,2024-2025,KKI,Construction of New House Under Kalaignarin Kanavu Illam for மும்தாஜ் மை F/H of மைதீன்,"310,000"
201,Gerugambakkam,Kalaignarin Kanavu Illam,2024-2025,KKI,Construction of New House Under Kalaignarin Kanavu Illam for வள்ளி செ F/H of செல்லைய்யா,"310,000"
202,Gerugambakkam,NNT,2024-2025,CC Road,Providing Cement Concrete Pavement to Rajaji street in Manthoppu SC Habitation at Gerugambakkam Panchayat,"985,000"
203,Gerugambakkam,15th CFC - VP,2024-2025,Wire Fencing,Providing Fencing arrangement to 30000 lit at Keel Colony,"40,000"
204,Gerugambakkam,Iyothee Thass Pandithar Habitation Development Scheme,2024-2025,CC Road,Providing Cement Concrete Pavement (68 m) to Alli Street in Bharathidasan Street in Keelcolony at Gerugambakkam Panchayat,"688,000"
205,Gerugambakkam,Iyothee Thass Pandithar Habitation Development Scheme,2024-2025,CC Road,Providing Cement concrete Pavement (75 m) to Keelcolony Bharathidasan Street in Gerugambakkam Colony,"751,000"
206,Gerugambakkam,15th CFC - VP,2024-2025,Wire Fencing,Providing Fencing arrangement to 30000 lit at Boomadevi Nagar,"40,000"
207,Gerugambakkam,PMAY(G),2024-2025,PMAY(G),Construction of New House Under PMAY(G) for Rajendran Kannan F/H of Kannan,"120,000"
208,Gerugambakkam,PMAY(G),2024-2025,PMAY(G),Construction of New House Under PMAY(G) for Ranjithkumar Jagadeesan F/H of Jagadeesan,"120,000"
209,Gerugambakkam,PMAY(G),2024-2025,PMAY(G),Construction of New House Under PMAY(G) for Senthamil D F/H of Devaraj,"120,000"
210,Gerugambakkam,15th CFC - VP,2024-2025,CC Road,Providing Cement Concrete road at akash Nagar (Vakina Banu House to Krishnamoorth House ) (Chainage 00.00m to 310.00m),"1,869,495"
211,Gerugambakkam,15th CFC - VP,2024-2025,Wire Fencing,Providing Fencing arrangement to 30000 lit at Akash Nagar,"40,000"
212,Gerugambakkam,15th CFC - VP,2024-2025,Wire Fencing,Providing Fencing arrangement to 60000 lit at MCC,"46,000"
213,Gerugambakkam,15th CFC - VP,2024-2025,Drainage,Construction of Drainage in lakshmi nagar street (Pandiyan House to Thirunavukarasu House ) (Chainage 00.00m to 175.00m),"1,229,022"
214,Gerugambakkam,Kalaignarin Kanavu Illam,2024-2025,KKI,Construction of New House Under Kalaignarin Kanavu Illam for Sumathi F/H of Chandrasekar,"310,000"
215,Gerugambakkam,Mudalvarin Grama Saalaigal Membattu Thittam (MGSMT) - Phase II,2025-2026,BT Road,Strengthening of Gerugambakkam Agragaram Road Km 0/0 - 0/470 (R-414) in Gerugambakkam Panchayat,"3,192,000"
216,Gerugambakkam,CMDA Special Fund,2025-2026,CC Road,Providing Cement Concrete Pavement to Agaraharam Bharathi Street @ Gerugambakkam Panchayat,"450,000"
217,Gerugambakkam,CMDA Special Fund,2025-2026,CC Road,Providing Cement Concrete Pavement to Balaji Nagar 9th Street @ Gerugambakkam Panchayat,"985,000"
218,Gerugambakkam,CMDA Special Fund,2025-2026,CC Road,Providing Cement Concrete Pavement to Indra Nagar Annai Terasa Street @ Gerugambakkam Panchayat,"703,000"
219,Gerugambakkam,CMDA Special Fund,2025-2026,CC Road,Providing Cement Concrete Pavement to Indra Nagar Netaji Street @ Gerugambakkam Panchayat,"324,000"
220,Gerugambakkam,MGNREGS,2025-2026,Avenue Tree Plantation,Formation of 25-26 Avenue Tree Plantation From Indhira Nagar Road at Gerugambakkam panchayat (300 Nos) -1.5km,"174,094"
221,Gerugambakkam,MGNREGS,2025-2026,Avenue Tree Plantation,Formation of 25-26 Avenue Tree Plantation From Ramachandra Nagar Road at Gerugambakkam Panchayat (300 Nos) - 1.5km,"174,094"
222,Gerugambakkam,MGNREGS,2025-2026,Avenue Tree Plantation,Formation of 25-26 Avenue Tree Plantation From Sai Ragar Road t Gerugambakkam Panchayat (500 Nos) - 2.5 km,"286,693"
223,Gerugambakkam,MGNREGS,2025-2026,Avenue Tree Plantation,Formation of 25-26 Avenue Tree Plantation From Vicknesh Nagar Road at Gerugambakkam Panchayat (500 Nos) - 2.5 km,"286,693"
224,Gerugambakkam,MGNREGS,2025-2026,Institutional plantation,"Formation of 2025-26 All other Plantation Institutional plantation (15 Nos), Home Plantation 24-25=19,25-26=11 (30 * 2=60 Nos) at Gerugambakkam Panchayat","47,421"
225,Gerugambakkam,MLACDS-Alandur,2025-2026,Bus Shelter,Construction of Bus Shelter in Gerugambakkam - Manapakkam Road at Gerugambakkam Panchayat.,"1,000,000"
226,Gerugambakkam,MPLADS-LS-Sriperumbudur,2025-2026,Community Centre,Construction of Community Hall Building in Ground Floor and First Floor in Gerugambakkam Village Panchayat at Kundrathur Block.,"10,000,000"
227,Gerugambakkam,General Fund - DP,2025-2026,Drainage,Construction of Cement concrete sewage water drainage with RCC slab culvert in Lakshmi nagar street in Bharathy nagar at Gerugambakkam Panchayat,"1,960,000"
228,Gerugambakkam,15th CFC - VP,2025-2026,CC Road,Providing cc road at Nagathamman Kovil Street Akash Nagar (270m),"2,129,711"
229,Gerugambakkam,15th CFC - VP,2025-2026,OHT,"Construction of 30,000 lit Oht at Indra nagar (1nos)","1,597,284"
230,Gerugambakkam,Kalaignarin Kanavu Illam,2025-2026,KKI,Construction of New House Under Kalaignarin Kanavu Illam for Kumar F/H of Jayaraman,"310,000"
231,Gerugambakkam,Kalaignarin Kanavu Illam,2025-2026,KKI,Construction of New House Under Kalaignarin Kanavu Illam for RAJA F/H of AMMAVASAI,"310,000"
232,Gerugambakkam,Kalaignarin Kanavu Illam,2025-2026,KKI,Construction of New House Under Kalaignarin Kanavu Illam for Rajesh F/H of Sigamani,"310,000"
233,Gerugambakkam,Kalaignarin Kanavu Illam,2025-2026,KKI,Construction of New House Under Kalaignarin Kanavu Illam for SAGUNTHALA F/H of PAZHANI,"310,000"
234,Gerugambakkam,Kalaignarin Kanavu Illam,2025-2026,KKI,Construction of New House Under Kalaignarin Kanavu Illam for Selvi F/H of Ananthan,"310,000"
235,Gerugambakkam,Mudalvarin Grama Saalaigal Membattu Thittam (MGSMT) - Phase II,2025-2026,BT Road,Strengthening of Lakshmi Nagar Main Road to Lakshmi Nagar 1st Cross Road Km 0/0 - 0/800 (R-415) in Gerugambakkam Panchayat,"6,783,000"
236,Gerugambakkam,Mudalvarin Grama Saalaigal Membattu Thittam(MGSMT) - Phase - III,2025-2026,MGSMT-III,Strengthening of Gerugambakkam VGN Krona Main Road Km 0/0 - 0/480 (R-420) in Gerugambakkam Panchayat,"3,328,000"
237,Gerugambakkam,Mudalvarin Grama Saalaigal Membattu Thittam(MGSMT) - Phase - III,2025-2026,CC Road,Strengthening of Cement Concrete Gerugambakkam Leelavathy Nagar Main Road Km 0/0-0/630 (R-147) in Gerugambakkam Panchayat,"4,620,000"
238,Gerugambakkam,Mudalvarin Grama Saalaigal Membattu Thittam(MGSMT) - Phase - III,2025-2026,cc Road,Strengthening of Cement Concrete Gerugambakkam to Ambedkar Road Km 0/0 - 0/220 in (R-416) Gerugambakkam Panchayat,"1,692,000"
239,Gerugambakkam,CMDA Special Fund,2025-2026,CC Road,Providing Cement Concrete Pavement to Village Burial Ground @ Gerugambakkam Panchayat,"515,000"
240,Gerugambakkam,CMDA Special Fund,2025-2026,Drainage,Providing storm water drain at Omalur Ramasamy Reddiyar street @ Gerugambakkam Panchayat,"970,000"
241,Gerugambakkam,CMDA Special Fund,2025-2026,CC Road,Providing Cement Concrete Pavement to Balakrishna nagar vivekanandar street @ Gerugambakkam Panchayat,"220,000"
242,Gerugambakkam,CMDA Special Fund,2025-2026,CC Road,Providing Cement Concrete Pavement to Annamalaiyar Street @ Gerugambakkam Panchayat,"1,671,000"
243,Gerugambakkam,CMDA Special Fund,2025-2026,CC Road,Providing Cement Concrete Pavement to Sreepuram Street at Keelcolony @ Gerugambakkam Panchayat,"766,000"
244,Gerugambakkam,CMDA Special Fund,2025-2026,CC Road,Providing cement concrete road to chakrapani street link road @ Gerugambakkam Panchayat,"704,000"
245,Gerugambakkam,CGF Savings Fund - Infra,2025-2026,CC Road,Providing Cement Concrete Pavement to Bhooma Devi Nagar I Main Road @ Gerugambakkam Panchayat,"2,748,000"
246,Gerugambakkam,Mudalvarin Grama Saalaigal Membattu Thittam (MGSMT) - Phase II,2025-2026,BT Road,Strengthening of Gerugambakkam to Thandalam Road via Tharapakkam Km 0/0 - 3/780 (R-39) in Gerugambakkam Panchayat,"32,330,000"
247,Gerugambakkam,CMDA Special Fund,2025-2026,CC Road,"Providing Cement Concrete Pavement to Cholan I, II, III IV Cross Streets @ Gerugambakkam Panchayat","1,290,000"
248,Gerugambakkam,CMDA Special Fund,2025-2026,CC Road,Providing Cement Concrete Pavement to Church Street at Akash Nagar @ Gerugambakkam Panchayat,"1,994,000"
249,Gerugambakkam,CMDA Special Fund,2025-2026,CC Road,Providing Cement Concrete Pavement to Immanuel Street @ Gerugambakkam Panchayat,"883,000"
250,Gerugambakkam,CMDA Special Fund,2025-2026,CC Road,Providing Cement Concrete Pavement to Jhansi Rani 1st Main Road @ Gerugambakkam Panchayat,"957,000"
251,Gerugambakkam,CMDA Special Fund,2025-2026,CC Road,Providing Cement Concrete Pavement to Jhansi Rani 2nd Main Road @ Gerugambakkam Panchayat,"1,031,000"
252,Gerugambakkam,CMDA Special Fund,2025-2026,CC Road,Providing Cement Concrete Pavement to Sowdappa Nagar Street @ Gerugambakkam Panchayat,"1,764,000"
253,Gerugambakkam,CMDA Special Fund,2025-2026,Drainage,Providing Storm Water Drain With Cover slab From Kochar Garden To Barathi Nagar 216m RCC Slab Culvet @ Gerugambakkam Panchayat,"2,354,000"
254,Gerugambakkam,CGF Savings Fund - Infra,2025-2026,CC Road,Providing Cement Concrete Pavement to Aakash Nagar Cholan Street @ Gerugambakkam Panchayat,"2,586,000"
255,Gerugambakkam,CGF Savings Fund - Infra,2025-2026,CC Road,Providing Cement Concrete Pavement to Jhansi Rani Cross Street @ Gerugambakkam Panchayat,"1,370,000"
256,Gerugambakkam,CGF Savings Fund - Infra,2025-2026,CC Road,"Providing Cement Concrete Pavement to Lakshmi Nagar I, II IV Streets @ Gerugambakkam Panchayat","1,697,000"
257,Gerugambakkam,CGF Savings Fund - Infra,2025-2026,CC Road,Providing Cement Concrete Pavement to Pallavan Street @ Gerugambakkam Panchayat,"2,586,000"
258,Gerugambakkam,CGF Savings Fund - Infra,2025-2026,CC Road,Providing Cement Concrete Pavement to Pandian Street @ Gerugambakkam Panchayat,"2,586,000"
259,Gerugambakkam,CGF Savings Fund - Infra,2025-2026,CC Road,Providing Cement Concrete Pavement to Sri Lakshmi Nagar Periyar Street @ Gerugambakkam Panchayat,"2,281,000"
260,Gerugambakkam,CGF Savings Fund - Infra,2025-2026,CC Road,Providing Cement Concrete Pavement to Venkateswara Nagar II Street @ Gerugambakkam Panchayat,"833,000"
261,Gerugambakkam,CGF Savings Fund - Infra,2025-2026,CC Road,Providing Cement Concrete Pavement to Vigneswarara Nagar Main Road @ Gerugambakkam Panchayat,"1,932,000"
1,Erandam Kattalai,15th CFC - VP,2021-2022,New Borewell,"Estimate for Drilling of new Borwell, Erection of Pumpset laying of 90mm Dia Pip lines in Puthavedu colony at Irandankattalai Panchayat","488,000"
2,Erandam Kattalai,MPLADS-LS-Sriperumbudur,2021-2022,School - PU-Middle School,"Construction of 2 class room Building with Compound wall in panchayat Union Middle School at Puthavedu in Irandamkattalai Village, Kundrathur Union, Alandur Constituency.","2,000,000"
3,Erandam Kattalai,General Fund - BP,2021-2022,CC Road,Providing Cement Concrete Pavement to M K Staalin street in Irandamkattalai Village at Irandamkattalai Panchayat (0m to 140m),"858,000"
4,Erandam Kattalai,General Fund - BP,2021-2022,CC Road,Providing cement concrete pavement to M K Staalin street in Irandamkattalai village at Irandamkattalai Panchayat (140m to 240m),"614,000"
5,Erandam Kattalai,PMAY(G),2021-2022,PMAY(G),Construction of New House Under PMAY(G) for Janarthanan F/H of Balasundaram,"240,000"
6,Erandam Kattalai,PMAY(G),2021-2022,PMAY(G),Construction of New House Under PMAY(G) for manikkam F/H of manthavelliyan,"240,000"
7,Erandam Kattalai,MGNREGS,2021-2022,Soak Pit,Construction of Soak Pit Individual at Irrandamkattalai Panchayat ( 20 Nos),"199,000"
8,Erandam Kattalai,MGNREGS,2021-2022,Community Soak Pit,Gen Ha 2021-22Const of Comm Soak Pit Near Puthavedu Colony Anganwadi Public Fountain at Irandamkatt,"13,375"
9,Erandam Kattalai,MGNREGS,2021-2022,Community Soak Pit,Gen Ha 2021-22 Const of Comm Soak Pit Near Sathananthapuram Ambedkar St Syntex at Irandamkattalai pt,"13,375"
10,Erandam Kattalai,MGNREGS,2021-2022,Community Soak Pit,Gen Ha -2021-22Const of Com Soak Pit Near Anganwadi Public Fountain at Irrandamkatalai Pt,"13,375"
11,Erandam Kattalai,MGNREGS,2021-2022,School Compound Wall,Construction 2021-22 of Compound Wall around PUPS in Karaima Nagar at Kundrathur Town Pt at Irandamkattalai Pt. 8 m,"54,160"
12,Erandam Kattalai,15th CFC - BP,2021-2022,Drainage,Construction of Strom Water Drain in Raghavendra Nagar (Thirupur Kumaran Street to Ayodhi Daasan Street) at Irandamkattalai Panchayat,"2,000,000"
13,Erandam Kattalai,15th CFC - VP,2021-2022,CC Road,Provdiding Cement Concrete Pavement to VGR Avenue Street at Irandankattalai Panchayat,"651,000"
14,Erandam Kattalai,15th CFC - VP,2021-2022,Drainage,Construction of Storm water Drain in Samayapuram Road at Irandankattalai Panchayt,"488,000"
15,Erandam Kattalai,SDRF-North East Monsoon,2021-2022,BT Road,Providing Temporary Restoration to Erandam Kattalai Village at Erandam Kattalai Village Panchayat,"14,000"
16,Erandam Kattalai,SDRF-North East Monsoon,2021-2022,BT Road,Providing Temporary Restoration to Irandamkattalai Village at Irandamkattalai Village Panchayat,"50,000"
17,Erandam Kattalai,CMDA Fund,2022-2023,CC Road,Providing Cement concrete Road at Abdulkalam Street at Irandamkattalai Panchayat.,1540000
18,Erandam Kattalai,CMDA Fund,2022-2023,CC Road,Providing Cement concrete Road at Ayodyadasar Street at Irandamkattalai Panchayat.,1470000
19,Erandam Kattalai,CMDA Fund,2022-2023,CC Road,Providing Cement concrete Road at Thirupurkumaran Street at Irandamkattalai Panchayat.,1505000
20,Erandam Kattalai,CMDA Fund,2022-2023,CC Road,Providing Cement concrete Road  at Pillayar Koil Street at Irandamkattalai Panchayat.,1015000
21,Erandam Kattalai,CMDA Fund,2022-2023,CC Road,Providing Cement concrete Road at VOC Street at Irandamkattalai Panchayat.,980000
22,Erandam Kattalai,CMDA Fund,2022-2023,CC Road,Providing Cement concrete Road at Kattabomman Street at Irandamkattalai Panchayat.,1610000
23,Erandam Kattalai,CMDA Fund,2022-2023,CC Road,Providing Cement concrete Road at Samayapuram Main Road at Irandamkattalai Panchayat.,1610000
24,Erandam Kattalai,CMDA Fund,2022-2023,CC Road,Providing Cement concrete Road  at Gothai Avenue Street at Irandamkattalai Panchayat.,1050000
25,Erandam Kattalai,CMDA Fund,2022-2023,CC Road,Providing Cement concrete Road  at Gothai Avenue 1st Cross Street at Irandamkattalai Panchayat.,490000
26,Erandam Kattalai,CMDA Fund,2022-2023,CC Road,Providing Cement concrete Road  at 2nd Cross Street in Gothai Avenue at Irandamkattalai Panchayat.,350000
27,Erandam Kattalai,CMDA Fund,2022-2023,CC Road,Providing Cement concrete Road  at 3rd Cross Street in Gothai Avenue at Irandamkattalai Panchayat.,420000
28,Erandam Kattalai,CMDA Fund,2022-2023,CC Road,Providing Cement concrete Road to 4th Cross Street in Gothai Avenue at Irandamkattalai Panchayat.,455000
29,Erandam Kattalai,CMDA Fund,2022-2023,CC Road,Providing Cement concrete Road  at Chandrasekarapuram Kakanji Street at Irandamkattalai Panchayat.,3360000
30,Erandam Kattalai,CMDA Fund,2022-2023,CC Road,Providing Cement concrete Road  at Chandrasekarapuram Bharathiyar Street at Irandamkattalai Panchayat.,1050000
31,Erandam Kattalai,CMDA Fund,2022-2023,Drainage,Providing Strom Water drain at Abdulkalam Street at Irandamkattalai Panchayat.,1600000
32,Erandam Kattalai,MGNREGS,2022-2023,Desilting of Supply Channel,Strom Water Earthern Drainage at Ragavendira Nagar Cross St at Irrandamkattalai Pt (2250 m)2022-23,"1,060,000"
33,Erandam Kattalai,General Fund - BP,2022-2023,School Renovation Work,Renovation to Panchayat Middle School east facing 3 class room in puthavedu village @ irandamkattalai panchayat,"76,000"
34,Erandam Kattalai,General Fund - BP,2022-2023,School Renovation Work,Renovation to Panchayat Middle School west facing (G2+F2) class room in puthavedu village @ Irandamkattalai panchayat,"108,000"
35,Erandam Kattalai,General Fund - DP,2022-2023,Anganwadi,Construction of Anganwadi Building in Puthavedu at Irandan kattalai Panchayat,"1,357,000"
36,Erandam Kattalai,15th CFC - VP,2022-2023,OHT,Repairs to 30000 litre OHT tank in Buddavedu 1 no,"91,925"
37,Erandam Kattalai,15th CFC - VP,2022-2023,School Renovation Work,Renovation of PUMS 3 Class room (Floor tiles centre class room) in Puthavedu village @ Irandamkattalai,"50,000"
38,Erandam Kattalai,15th CFC - VP,2022-2023,School Renovation Work,Renovation to PUMS (GF+FF Building) 2 class room Floor tiles Puthavedu village @ Irandamkattalai,"190,000"
39,Erandam Kattalai,SBM(G),2022-2023,Battery Car,Purchase of E-Cart at Irandankattalai Panchayat,"292,964"
40,Erandam Kattalai,MGNREGS,2022-2023,Desilting of Supply Channel,Strom Water Earthern Drainage Samayapuram Nagar Street at Irrandamkattalai Panchayat(3000m)2022-23,"1,070,000"
41,Erandam Kattalai,MLACDS-Alandur,2022-2023,Reverse osmosis plant,Providing Reverse Osmosis Plant Cotainer Model 2000 LPH in Sadanandapuram Village at Irandankattalai Panchayat,"825,000"
42,Erandam Kattalai,15th CFC - VP,2022-2023,Pipeline Extension,Providing Distribution Pipeline at Sathanandapuram at Srinivasaperumal Koil STreet,"193,049"
43,Erandam Kattalai,MGNREGS,2022-2023,Desilting of Supply Channel,Strom WaterEarthern Drainage at Chandirasekarapuram Cross St at Irrandamkattalai Pt (3000m) 2022-23,"1,250,000"
44,Erandam Kattalai,MGNREGS,2022-2023,Desilting of Supply Channel,Strom Water Earthern Drainage at Everest Garden St at Irrandamkattalai Panchayat (2500 m)2022-23,"940,000"
45,Erandam Kattalai,MGNREGS,2022-2023,Desilting of Supply Channel,Strom water Earthern drain in Cini Field Nagar Cross at Irrandamkattalai Panchayat (2600m)2022-23,"1,060,000"
46,Erandam Kattalai,MGNREGS,2022-2023,Desilting of Supply Channel,Strom water Earthern drain in Gajalakshmi Cross Nagar at Irrandamkattalai Panchayat (2300m)2022-23,"980,000"
47,Erandam Kattalai,General Fund - DP,2022-2023,CC Road,Providing Cement Concrete Road to besilwhite Nagar Arignar Anna Street at Irandamkattalai Panchayat.,"1,000,000"
48,Erandam Kattalai,15th CFC - VP,2022-2023,OHT,Repairs to 30000 litre OHT tank in CK Salai 1 no,"92,000"
49,Erandam Kattalai,15th CFC - VP,2022-2023,OHT,Repairs to 30000 litre OHT tank in Irandankattalai 1 no,"87,000"
50,Erandam Kattalai,15th CFC - VP,2022-2023,Purchase of Tractor,Purchase of new Tractor at Irandamkattalai,"300,000"
51,Erandam Kattalai,15th CFC - VP,2022-2023,Battery Car,Purchase of new E-Cart 2 no @ Irandankattalai panchayat,"200,000"
52,Erandam Kattalai,15th CFC - VP,2022-2023,CC Road,CC Pavement to Gothai Avenue Street,"367,325"
53,Erandam Kattalai,15th CFC - VP,2022-2023,Payment to EB,Settlement to EB Dues @ Irandamkattalai Panchayat,"168,702"
54,Erandam Kattalai,SBM(G),2022-2023,Battery Car,Purchase of E-Cart Irandamkattalai Panchayat,"292,964"
55,Erandam Kattalai,SBM(G),2023-2024,Battery Car,Procurement of E-Cart -1 Irandamkattalai Panchayat,"252,750"
56,Erandam Kattalai,15th CFC - VP,2023-2024,Drainage,Providing drainage at bajanai koil cross street 41m,"289,296"
57,Erandam Kattalai,Michaung Flood Damaged Roads,2023-2024,CC Road,Providing Cement Concrete Road to Samayapuram 8th Street,"850,000"
58,Erandam Kattalai,MGNREGS,2023-2024,Rural Sports Centre,Providing Rural Sports Centre (TYPE C) for 2024-25 Irrandamkattalai OSR Land S.No.345 at Irrandamkattalai Panchayat,"60,000"
59,Erandam Kattalai,MLACDS-Alandur,2023-2024,Park,Construction of Pathway Gym Building in Samayapuram Park at Irandankattalai Panchayat.,"3,500,000"
60,Erandam Kattalai,MPLADS-LS-Sriperumbudur,2023-2024,School - PU-Middle School,"Construction of Two Class Room Building in Panchayat Union Middle School, Irandamkattalai Panchayat at Kundrathur Panchayat Union.","2,300,000"
61,Erandam Kattalai,General Fund - BP,2023-2024,Kitchen Shed Repairs,Renovation of Kitchen shed at PUPS in Irandam Kattalai,"117,000"
62,Erandam Kattalai,General Fund - BP,2023-2024,Open Well,Providing Erection of New 7.50 HP Pumpset Panel Board with allied Materials in Open well in Irandamkattalai @ Irandamkattalai Panchayat,"436,000"
63,Erandam Kattalai,General Fund - BP,2023-2024,Open Well,Providing Erection of New 7.50 HP Pumpset Panel Board with allied Materials in Open well in Puthavedu @ Irandamkattalai Panchayat,"436,000"
64,Erandam Kattalai,General Fund - VP,2023-2024,CC Road,Providing Cement concrete pavement ro Mahasakthi nagar,"910,000"
65,Erandam Kattalai,15th CFC - VP,2023-2024,Sanitary Complex,Construction of Mini CSC@ Irrandamkattalai village panchayat,"140,000"
66,Erandam Kattalai,15th CFC - VP,2023-2024,Battery Car,Purchase of E cart in Nos,"90,000"
67,Erandam Kattalai,15th CFC - VP,2023-2024,New Borewell,Providing Borewell with pumpset at Ragavendra Nagar,"519,296"
68,Erandam Kattalai,SBM(G),2023-2024,Mini CSC – 4 (upto 07.09.2023),Construction of Mini Community Sanitary Complexes Near VAO Office @ Irandambakattalai Panchayat,"350,000"
69,Erandam Kattalai,Peri Urban Panchayat - CMDA Fund,2023-2024,CC Road,Providing Cement Concrete Road at Kannan avenue,"1,421,000"
70,Erandam Kattalai,Peri Urban Panchayat - CMDA Fund,2023-2024,CC Road,Providing Cement Concrete Road at madha koil street,"721,000"
71,Erandam Kattalai,Peri Urban Panchayat - CMDA Fund,2023-2024,CC Road,Providing Cement Concrete Road at Srinivasa perumal koil street,"2,632,000"
72,Erandam Kattalai,Peri Urban Panchayat - CMDA Fund,2023-2024,CC Road,Providing Cement Concrete Road at Venkaeshwara avenue,"1,435,000"
73,Erandam Kattalai,Michaung Flood Damaged Roads,2023-2024,CC Road,Providing of Cement Concrete Road to Murasoli Maaran Street,"1,100,000"
74,Erandam Kattalai,Michaung Flood Damaged Roads,2023-2024,CC Road,Providing of Cement Concrete Road to Vasantham II Street,"390,000"
75,Erandam Kattalai,Michaung Flood Damaged Roads,2023-2024,BT Road,Strengthening of Everest Gardern Main Road,"2,860,000"
76,Erandam Kattalai,15th CFC - VP,2024-2025,CC Road,providing Cement Concrete Road to Puthuavedu Perumal Koil Cross Street ( Sathanam House to Dhurai Vel House) (Chainage 00.00m to 60.00m),"300,000"
77,Erandam Kattalai,15th CFC - VP,2024-2025,Wire Fencing,Providing Fencing Arrangement to 60000 Ir OHT at Puthavedu Colony,"46,000"
78,Erandam Kattalai,Repairs to Rural House(Const.before 2001),2024-2025,House - Minor Repairs (RRH),Construction of House - Minor Repairs (RRH) Under Repairs to Rural House(Const.before 2001) for Elayarani F/H of Ramalingam,"49,000"
79,Erandam Kattalai,Repairs to Rural House(Const.before 2001),2024-2025,House - Minor Repairs (RRH),Construction of House - Minor Repairs (RRH) Under Repairs to Rural House(Const.before 2001) for Jayalakshmi F/H of ARUMUGAM,"50,000"
80,Erandam Kattalai,Repairs to Rural House(Const.before 2001),2024-2025,House - Minor Repairs (RRH),Construction of House - Minor Repairs (RRH) Under Repairs to Rural House(Const.before 2001) for Karunanidhi F/H of Athimoolam,"50,000"
81,Erandam Kattalai,Repairs to Rural House(Const.before 2001),2024-2025,House - Minor Repairs (RRH),Construction of House - Minor Repairs (RRH) Under Repairs to Rural House(Const.before 2001) for Kumar F/H of Ganesan,"49,000"
82,Erandam Kattalai,Repairs to Rural House(Const.before 2001),2024-2025,House - Minor Repairs (RRH),Construction of House - Minor Repairs (RRH) Under Repairs to Rural House(Const.before 2001) for Ponniyakodi F/H of AZAGAPPAN,"48,000"
83,Erandam Kattalai,Repairs to Rural House(Const.before 2001),2024-2025,House - Minor Repairs (RRH),Construction of House - Minor Repairs (RRH) Under Repairs to Rural House(Const.before 2001) for Raja F/H of Perumal,"48,000"
84,Erandam Kattalai,Repairs to Rural House(Const.before 2001),2024-2025,House - Minor Repairs (RRH),Construction of House - Minor Repairs (RRH) Under Repairs to Rural House(Const.before 2001) for Subramani F/H of RAJI,"49,000"
85,Erandam Kattalai,Repairs to Rural House(Const.before 2001),2024-2025,House - Major Repairs (RRH),Construction of House - Major Repairs (RRH) Under Repairs to Rural House(Const.before 2001) for Vasantha F/H of Bakkirisammy,"50,000"
86,Erandam Kattalai,Kalaignarin Kanavu Illam,2024-2025,KKI,Construction of New House Under Kalaignarin Kanavu Illam for Jaya Kuppusamy F/H of Kuppusamy,"310,000"
87,Erandam Kattalai,Kalaignarin Kanavu Illam,2024-2025,KKI,Construction of New House Under Kalaignarin Kanavu Illam for Kuppurajam Konnayan F/H of Konnayan,"310,000"
88,Erandam Kattalai,Kalaignarin Kanavu Illam,2024-2025,KKI,Construction of New House Under Kalaignarin Kanavu Illam for K. தண்டபாணி F/H of குப்புசாமி,"310,000"
89,Erandam Kattalai,Kalaignarin Kanavu Illam,2024-2025,KKI,Construction of New House Under Kalaignarin Kanavu Illam for குமார் F/H of வைத்தி,"310,000"
90,Erandam Kattalai,Kalaignarin Kanavu Illam,2024-2025,KKI,Construction of New House Under Kalaignarin Kanavu Illam for நீதிபதி ஆ F/H of ஆதிமூலம்,"310,000"
91,Erandam Kattalai,15th CFC - VP,2024-2025,New Borewell,"providing Borewell, Pumpset and Pipe Line to Reddiyar Street @ Irandankattalai Pt(100m)","550,183"
92,Erandam Kattalai,AGAMT II,2024-2025,CC Road,Providing CC Road at AR Avenue street in Puthavedu Reddiyar street at Erandam Kattalai Panchayat. Length of the road 64 in meter Width of the road   3.75   in meter,"404,000"
93,Erandam Kattalai,15th CFC - BP,2024-2025,Drainage,Providing Drainage to V.O.C Street in Erandam Kattalai Panchayat (110m),"770,000"
94,Erandam Kattalai,15th CFC - VP,2024-2025,Wire Fencing,Providing Fencing Arrangement to 30000 Ir OHT at Puthavedu Village,"40,000"
95,Erandam Kattalai,15th CFC - VP,2024-2025,Horizontal Soak pits,Construction of Horizontal Filter @ Puthuvedu Village in Irandankattalai Panchayat.,"47,100"
96,Erandam Kattalai,SBM(G),2024-2025,Horizontal Soak pits,Construction of Horizontal Filter @ Ayothidas Street,"157,000"
97,Erandam Kattalai,Kalaignarin Kanavu Illam,2024-2025,KKI,Construction of New House Under Kalaignarin Kanavu Illam for Anandhan Subramani F/H of Subramani,"310,000"
98,Erandam Kattalai,15th CFC - VP,2024-2025,Wire Fencing,Providing Fensing Arrangement to 30000 Ir OHT at Sathananthapuram Service Road,"40,000"
99,Erandam Kattalai,AGAMT II,2024-2025,PDS outlet,Constructions of Public Distribution Shop at Sadanandapuram,"945,000"
100,Erandam Kattalai,Kalaignarin Kanavu Illam,2024-2025,KKI,Construction of New House Under Kalaignarin Kanavu Illam for Monika S F/H of Rajesh,"310,000"
101,Erandam Kattalai,Kalaignarin Kanavu Illam,2024-2025,KKI,Construction of New House Under Kalaignarin Kanavu Illam for Usha Siva F/H of Siva,"310,000"
102,Erandam Kattalai,Kalaignarin Kanavu Illam,2024-2025,KKI,Construction of New House Under Kalaignarin Kanavu Illam for மைதிலி வி F/H of விஸ்வநாதன்,"310,000"
103,Erandam Kattalai,MLACDS-Alandur,2024-2025,Park,"Providing Additional Improvement to Samayapuram Park at Irandamkattalai Village, Kundrathur Panchayat Union.","1,000,000"
104,Erandam Kattalai,PMAY(G),2024-2025,PMAY(G),Construction of New House Under PMAY(G) for Gnanaprakasam F/H of jayaraman,"240,000"
105,Erandam Kattalai,15th CFC - BP,2024-2025,Drainage,Providing Drainage and Culvert to Pillaiyar Koil Street in Erandam Kattalai Panchayat (167m /2 Nos),"1,450,000"
106,Erandam Kattalai,15th CFC - VP,2024-2025,CC Road,Providing CEment Concrete Road to Azhagapuri Street ( Sugumar House to Vimal House) (chainage 00.00m to 30.00m),"221,577"
107,Erandam Kattalai,15th CFC - VP,2024-2025,Wire Fencing,Providing Fencing Arrangement to 60000 Ir OHT at Santhirasekarapuram,"46,000"
108,Erandam Kattalai,15th CFC - VP,2024-2025,Wire Fencing,PRovinding Fencing Arrangement to 30000 Ir OHT at Near Panchayat Office Building at Irandankattalai Panchayat,"40,000"
109,Erandam Kattalai,15th CFC - VP,2024-2025,Drainage,Construction of Drainage at samayapuram 8th street ( crystal gurden flats to samayapuram 8th street) (Chainage 00.00m to 70.00m),"488,083"
110,Erandam Kattalai,15th CFC - VP,2024-2025,Equipment for SWM (including safety equipment),Procurement of Thooimaikavalar safety kit - 5 @ Erandam Kattalai Pacnhayat,"15,000"
111,Erandam Kattalai,SIDS,2024-2025,School Toilet Repair,Repairs to boys and girls toilet in PUPS at Irandankattalai panchayat,"64,000"
112,Erandam Kattalai,SIDS,2024-2025,School Toilet Repair,Repairs to teachers toilet in PUPS at Irandankattalai panchayat,"60,000"
113,Erandam Kattalai,AGAMT II,2024-2025,CC Road,Providing CC Road at Edan Garden street at Erandam Kattalai Panchayat. Length of the road  109 in meter Width of the road 3.75 in meter,"975,000"
114,Erandam Kattalai,AGAMT II,2024-2025,CC Road,Providing CC Road at GP Garden Ist street at Erandam Kattalai Panchayat. Length of the road  40 in meter. Width of the road   3.75   in meter,"315,000"
115,Erandam Kattalai,AGAMT II,2024-2025,CC Road,Providing CC Road at Vallalar Street at Erandam Kattalai Panchayat. Length of the road 130  in meter. Width of the road 3.75 in meter,"924,000"
116,Erandam Kattalai,AGAMT II,2024-2025,CC Road,Provind CC Road at GP Garden IInd street at Erandam Kattalai Panchayat. Length of the road  70 in meter. Width of the road 3.75 in meter.,"475,000"
117,Erandam Kattalai,Repairs to Rural House(Const.before 2001),2024-2025,House - Minor Repairs (RRH),Construction of House - Minor Repairs (RRH) Under Repairs to Rural House(Const.before 2001) for Baskar F/H of Manikkam,"48,000"
118,Erandam Kattalai,Repairs to Rural House(Const.before 2001),2024-2025,House - Minor Repairs (RRH),Construction of House - Minor Repairs (RRH) Under Repairs to Rural House(Const.before 2001) for Velu F/H of DHANAPAL,"50,000"
119,Erandam Kattalai,Kalaignarin Kanavu Illam,2024-2025,KKI,Construction of New House Under Kalaignarin Kanavu Illam for Sankar F/H of Singaram,"310,000"
120,Erandam Kattalai,Kalaignarin Kanavu Illam,2024-2025,KKI,Construction of New House Under Kalaignarin Kanavu Illam for VALLIAMMAN F/H of KRISHNAN,"310,000"
121,Erandam Kattalai,Kalaignarin Kanavu Illam,2024-2025,KKI,Construction of New House Under Kalaignarin Kanavu Illam for கதிரேசன் கி F/H of கிருஷ்ணன்,"310,000"
122,Erandam Kattalai,NNT,2025-2026,Drainage,"Construction of Strom Water Drain on Dr.Kalainger Street, Puthavedu Colony Irandamkattalai Panchayat, Kundrathur Panchayat Union. (SC Habitation)","592,000"
123,Erandam Kattalai,NNT,2025-2026,Drainage,"Construction of Strom Water Drain on M.G.R. Street, Puthavedu Colony Irandamkattalai Panchayat, Kundrathur Panchayat Union. (SC Habitation)","710,000"
124,Erandam Kattalai,NNT,2025-2026,Drainage,"Construction of Strom Water Drain on Perumal Koil Street, Puthavedu Colony Irandamkattalai Panchayat, Kundrathur Panchayat Union. (SC Habitation)","1,182,000"
125,Erandam Kattalai,Kalaignarin Kanavu Illam,2025-2026,KKI,Construction of New House Under Kalaignarin Kanavu Illam for SELVI F/H of THIYAGARAJAN,"310,000"
126,Erandam Kattalai,CMDA Special Fund,2025-2026,CC Road,Providing Cement Concrete Pavement to Puthavedu Perumal Koil Street @ Irandamkattalai Panchayat,"878,000"
127,Erandam Kattalai,CMDA Special Fund,2025-2026,CC Road,Providing Cement Concrete Pavement to Vasantham Nagar 1st Street @ Irandamkattalai Panchayat,"377,000"
128,Erandam Kattalai,Kalaignarin Kanavu Illam,2025-2026,KKI,Construction of New House Under Kalaignarin Kanavu Illam for LAVANYA F/H of VINOTHKUMAR,"310,000"
129,Erandam Kattalai,CMDA Special Fund,2025-2026,CC Road,Providinfg cement concrete road to Samayapuram 4th street @ Irandamkattalai Panchayat,"692,000"
130,Erandam Kattalai,CMDA Special Fund,2025-2026,CC Road,Providing Cement Concrete Pavement to Golden Avenue 1st Street @ Irandam Kattalai Panchayat,"427,000"
131,Erandam Kattalai,CMDA Special Fund,2025-2026,CC Road,Providing Cement Concrete Pavement to Golden Avenue 2nd Street @ Irandamkattalai Panchayat,"506,000"
132,Erandam Kattalai,CMDA Special Fund,2025-2026,CC Road,Providing Cement Concrete Pavement to Golden Avenue Main Road @ Irandam Kattalai Panchayat,"883,000"
133,Erandam Kattalai,CMDA Special Fund,2025-2026,CC Road,Providing Cement Concrete Pavement to Sadananthapuram Perumal Koil Street @ Irandamkattalai Panchayat,"482,000"
134,Erandam Kattalai,CGF Savings Fund - Infra,2025-2026,CC Road,Providing Cement Concrete Pavement to Samayapuram 2nd Main Road,"1,917,000"
135,Erandam Kattalai,CGF Savings Fund - Infra,2025-2026,CC Road,Providing Cement Concrete Pavement to Samayapuram 7th Cross Street @ Irandamkattalai Panchayat,"955,000"
136,Erandam Kattalai,CGF Savings Fund - Infra,2025-2026,CC Road,Providing Cement Concrete Pavement to Samayapuram Park Main Road @ Irandamkattalai Panchayat,"1,926,000"
137,Erandam Kattalai,MGNREGS,2025-2026,Avenue Tree Plantation,Formation of 25-26 Avenue Tree plantation in Everst Garden at Irandamkattalai Panchayat (200 Nos) 1 km,"117,795"
138,Erandam Kattalai,MGNREGS,2025-2026,Avenue Tree Plantation,Formation of 25-26 Avenue Tree plantation in Samyapuram park at Irandamkattalai Panchayat (100 Nos) - 0.50 km,"61,495"
139,Erandam Kattalai,MGNREGS,2025-2026,Watering of Avenue Tree Plantation,Watering of Existing Plantation 24-2025 in ATP in Irandamkattalai Village at Irandamkattalai Panchayat (600 Nos),"342,992"
140,Erandam Kattalai,MGNREGS,2025-2026,Institutional plantation,"Formation of 2025-26 All other Plantation Institutional plantation (15 Nos), Home Plantation 24-25=13,25-26=11(24 * 2=48 Nos) at Irrandamkattalai Panchayat","40,665"
141,Erandam Kattalai,15th CFC - VP,2025-2026,CC Road,Providing cement road to Sai Nagar street in irandamkattalai panchayat (109m),"718,737"
142,Erandam Kattalai,15th CFC - VP,2025-2026,Pipeline Extension,Providing Pipe Line Extension in Ambethkar Street (480m),"184,800"
143,Erandam Kattalai,15th CFC - VP,2025-2026,Pipeline Extension,Providing Pipe Line Extension in Sekkiyar Street Ragaventhira Nagar (78m),"33,083"
144,Erandam Kattalai,15th CFC - VP,2025-2026,New Borewell,Providing Borewell and Pipe Line Gajalakshmi Nagar (1nos),"321,170"
145,Erandam Kattalai,AGAMT library repair,2025-2026,Library Building Repair and Toilet Construction,Repairs and Renovation of Library Building @ Irandamkattalai Panchayat,"143,000"
146,Erandam Kattalai,Kalaignarin Kanavu Illam,2025-2026,KKI,Construction of New House Under Kalaignarin Kanavu Illam for DHANALAKSHMI F/H of BASKARAN,"310,000"
147,Erandam Kattalai,Kalaignarin Kanavu Illam,2025-2026,KKI,Construction of New House Under Kalaignarin Kanavu Illam for DHANASEKARAN F/H of AASHIRVATHAM,"310,000"
148,Erandam Kattalai,Kalaignarin Kanavu Illam,2025-2026,KKI,Construction of New House Under Kalaignarin Kanavu Illam for KANNIKA F/H of RAMESH,"310,000"
149,Erandam Kattalai,Kalaignarin Kanavu Illam,2025-2026,KKI,Construction of New House Under Kalaignarin Kanavu Illam for Karpagam F/H of Murali,"310,000"
150,Erandam Kattalai,Kalaignarin Kanavu Illam,2025-2026,KKI,Construction of New House Under Kalaignarin Kanavu Illam for SHANTHA F/H of KOTHANDAM,"310,000"
151,Erandam Kattalai,Kalaignarin Kanavu Illam,2025-2026,KKI,Construction of New House Under Kalaignarin Kanavu Illam for SUDHAKAR F/H of RAMAN,"310,000"
152,Erandam Kattalai,Kalaignarin Kanavu Illam,2025-2026,KKI,Construction of New House Under Kalaignarin Kanavu Illam for SUMATHI F/H of SIVAKUMAR,"310,000"
153,Erandam Kattalai,Mudalvarin Grama Saalaigal Membattu Thittam(MGSMT) - Phase - III,2025-2026,CC Road,Strengthening of Cement Concrete Irandankattalai to Mettu HC Road 0/0-0/250 (R-417) in Irandankattalai Panchayat,"1,571,000"
154,Erandam Kattalai,CMDA Special Fund,2025-2026,CC Road,Providing Cement Concrete Pavement to Everest Garden 3rd street to Pesil Blue Apartment @ Irandamkattalai Panchayat,"2,360,000"
155,Erandam Kattalai,CMDA Special Fund,2025-2026,CC Road,Providing Cement Concrete Pavement to Everest Garden 5th Cross street @ Irandam kattalai Panchayat,"346,000"
156,Erandam Kattalai,CMDA Special Fund,2025-2026,CC Road,Providing Cement Concrete Pavement to Everest Garden 7th street,"759,000"
157,Erandam Kattalai,CMDA Special Fund,2025-2026,CC Road,Providing Cement Concrete Pavement to Everest Garden Phase II Street @ Irandam Kattalai Panchayat,"806,000"
158,Erandam Kattalai,CMDA Special Fund,2025-2026,CC Road,Providing Cement Concrete Pavement to Gajalakshmi Nagar III Street IV Street @ Irandamkattalai Panchayat,"954,000"
159,Erandam Kattalai,CMDA Special Fund,2025-2026,CC Road,Providing Cement Concrete Pavement to Gajalakshmi Nagar I Street and Cross Street @ Irandamkattalai Panchayat,"1,335,000"
160,Erandam Kattalai,CMDA Special Fund,2025-2026,CC Road,Providing Cement Concrete Pavement to Pesil Diamond Street @ Irandamkattalai Panchayat,"377,000"
161,Erandam Kattalai,CMDA Special Fund,2025-2026,CC Road,Providing Cement Concrete Pavement to Pesil Green Street @ Irandamkattalai Panchayat,"746,000"
162,Erandam Kattalai,CMDA Special Fund,2025-2026,CC Road,Providing Cement Concrete Pavement to Pesil White Street @ Irandamkattalai Panchayat,"856,000"
163,Erandam Kattalai,CMDA Special Fund,2025-2026,Drainage,Construction of storm water Drain RCC Slab Culverts 4 Numbers in Pisil White Street @ Irandamkattalai Panchayat,"3,360,000"
164,Erandam Kattalai,CGF Savings Fund - Infra,2025-2026,CC Road,Providing Cement Concrete Pavement to Cinefield 1st Street @ Irandamkattalai Panchayat,"437,000"
165,Erandam Kattalai,CGF Savings Fund - Infra,2025-2026,CC Road,Providing Cement Concrete Pavement to Cinefield 2nd Street @ Irandamkattalai Panchayat,"737,000"
166,Erandam Kattalai,CGF Savings Fund - Infra,2025-2026,CC Road,Providing Cement Concrete Pavement to Cinefield 3rd Street @ Irandamkattalai panchayat,"605,000"
167,Erandam Kattalai,CGF Savings Fund - Infra,2025-2026,CC Road,Providing Cement Concrete Pavement to Cinefield 4th Street @ Irandamkattalai Panchayat,"927,000"
168,Erandam Kattalai,CGF Savings Fund - Infra,2025-2026,CC Road,Providing Cement Concrete Pavement to Everest Garden 1st street Cross streets @ Irandamkattalai Panchayat,"784,000"
169,Erandam Kattalai,CGF Savings Fund - Infra,2025-2026,CC Road,Providing Cement Concrete Pavement to Everest Garden 1st street @ Irandamkattalai Panchayat,"1,875,000"
170,Erandam Kattalai,CGF Savings Fund - Infra,2025-2026,CC Road,Providing Cement Concrete Pavement to Everest Garden 2nd Cross street @ Irandamkattalai Panchayat,"1,446,000"
171,Erandam Kattalai,CGF Savings Fund - Infra,2025-2026,CC Road,Providing Cement Concrete Pavement to J A Avenue Street @ Irandamkattalai panchayat,"821,000"
172,Erandam Kattalai,CGF Savings Fund - Infra,2025-2026,CC Road,Providing Cement Concrete Pavement to Kannan Avenue I Cross Steert II Cross Street @ Irandamkattalai Panchayat,"728,000"
173,Erandam Kattalai,CGF Savings Fund - Infra,2025-2026,CC Road,Providing Cement Concrete Pavement to Sugumar Garden @ Irandamkattalai Panchayat,"1,100,000"
174,Erandam Kattalai,Namma Ooru Namma Arasu,2025-2026,Pipeline Extension,"சேக்கிழார் தெரு, சாய் நகர், மாதா நகர், ஜி.பி. கார்டன் பகுதியில் புது பைப்லைன் அமைத்தல் (450M)","170,000"
1,Kolapakkam,NNT,2021-2022,CC Road,Providing Cement Concrete Pavement to Maxworth Nagar II at Main Road in Kolapakkam Village in Kolapakkam Panchayat in Kundrathur Block.,"1,289,000"
2,Kolapakkam,NNT,2021-2022,CC Road,Providing Cement Concrete Pavement to Maxworth Nagar II Cross Street at Kolapakkam Village in Kolapakkam Panchayat in Kundrathur Block.,"798,000"
3,Kolapakkam,NNT,2021-2022,CC Road,Providing Cement Concrete Pavement to Maxworth Nagar Phase II at 6th Cross Street in Kolapakkam Village in Kolapakkam Panchayat in Kundrathur Block.,"913,000"
4,Kolapakkam,NNT,2021-2022,CC Road,Providing Cement Concrete Pavement to Padmavathy Nagar Main Road in Kolapakkam Village Pancayat in Kundrathur Block.,"2,550,000"
5,Kolapakkam,NNT,2021-2022,CC Road,"Providing Cement Concrete Pavement to Venkateswara Nagar I street in Kolapakkam Village at Kolapakkam Panchayat, Kundrathur Panchayat Union.","682,000"
6,Kolapakkam,NNT,2021-2022,Park,Providing Improvements BT Nagar Phase park at Kolapakkam Village in Kolapakkam Panchayat in Kundrathur Block.,"975,000"
7,Kolapakkam,General Fund - BP,2021-2022,CC Road,providing cement concrete pavement to vanniyar street in kolapakkam village at kolapakkam panchayat,"921,000"
8,Kolapakkam,General Fund - BP,2021-2022,CC Road,Kolpakkam to Mowlivakkam to Thiruperumal nagar Road at Kolapakkam panchayat,"120,000"
9,Kolapakkam,General Fund - BP,2021-2022,Library Building Repair and Toilet Construction,Providing Renovation to the Library Building in Kolapakkam Village at Kolapakkam Panchayat (Booth No.98W),"128,000"
10,Kolapakkam,TNRRIS-Stream-II-Strengthening,2021-2022,BT Road,Ramamoorthy Nagar to Maxwarth Phase II road kolapakkam,"4,769,000"
11,Kolapakkam,PMAY(G),2021-2022,PMAY(G),Construction of New House Under PMAY(G) for BALU M F/H of Munusami,"240,000"
12,Kolapakkam,PMAY(G),2021-2022,PMAY(G),Construction of New House Under PMAY(G) for Gandhimathi F/H of Arjunan,"240,000"
13,Kolapakkam,PMAY(G),2021-2022,PMAY(G),Construction of New House Under PMAY(G) for kanagavalli K F/H of Karunakaran,"240,000"
14,Kolapakkam,PMAY(G),2021-2022,PMAY(G),Construction of New House Under PMAY(G) for Manavalan Perumal F/H of Perumal,"240,000"
15,Kolapakkam,PMAY(G),2021-2022,PMAY(G),Construction of New House Under PMAY(G) for Mari Allimuthu F/H of Allimuthu,"240,000"
16,Kolapakkam,PMAY(G),2021-2022,PMAY(G),Construction of New House Under PMAY(G) for PALAIYAM K F/H of Kullavandu,"240,000"
17,Kolapakkam,PMAY(G),2021-2022,PMAY(G),Construction of New House Under PMAY(G) for Saritha F/H of Paramasivam,"240,000"
18,Kolapakkam,PMAY(G),2021-2022,PMAY(G),Construction of New House Under PMAY(G) for Steban F/H of Steban,"240,000"
19,Kolapakkam,PMAY(G),2021-2022,PMAY(G),Construction of New House Under PMAY(G) for VENKATESAN M F/H of Mani,"240,000"
20,Kolapakkam,PMAY(G),2021-2022,PMAY(G),Construction of New House Under PMAY(G) for Venkatesan M F/H of Muthu,"240,000"
21,Kolapakkam,MGNREGS,2021-2022,Massive Tree Plantation,Massive Tree Plantation in Ramamoorthi Avenue BT Nagar at Kolapakkam Pt (500 Nos) 21-22,"135,500"
22,Kolapakkam,15th CFC - VP,2021-2022,CC Road,Providing Cement Concrete Pavement to MGR Salai VOC Street in Kolapakkam Panchayat,"567,000"
23,Kolapakkam,15th CFC - VP,2021-2022,CC Road,Providing Cement Concrete Pavement to Othaivaadai I Street II Street in Kolapakkam Panchayat,"456,000"
24,Kolapakkam,15th CFC - VP,2021-2022,New Borewell,"Estimate for Drilling of new Borwell, Erection of Pumpset laying of 90mm Dia Pip lines in Radhakrishnan Nagar at Kolapakkam Panchayat","524,000"
25,Kolapakkam,15th CFC - VP,2021-2022,Drainage,Construction of Storm Water Drain in Jeya Priya Nagar at Kolapakkam Panchayat,"1,024,000"
26,Kolapakkam,SDRF-North East Monsoon,2021-2022,BT Road,Providing Temporary Restoration to Kolapakkam Village at Kolapakkam Panchayat,"93,000"
27,Kolapakkam,SDRF-North East Monsoon,2021-2022,BT Road,Providing Temporary Restoration to R175 Kolapakkam Maxworth Nagar at Kolapakkam Panchayat,"53,000"
28,Kolapakkam,SBM(G),2021-2022,Plastic Waste Management Unit (PWMU),Kolapakkam Plastic Waste Management,"550,000"
29,Kolapakkam,PMAY(G),2021-2022,PMAY(G),Construction of New House Under PMAY(G) for Jagan Dayalan F/H of Dhayalan,"240,000"
30,Kolapakkam,15th CFC - VP,2021-2022,CC Road,Providing Cement Concrete Pavement to Hamima Street at Kolapakkam Panchayat,"343,000"
31,Kolapakkam,15th CFC - VP,2021-2022,New Borewell,"Estimate for Drilling of new Borwell, Erection of Pumpset laying of 90mm Dia Pip lines in Colony BG at Kolapakkam Panchayat","500,000"
32,Kolapakkam,CMDA Fund,2022-2023,CC Road,Providing Cement concrete Pavement to MRK nagar  main road at Kolapakkam Panchayat.,2373000
33,Kolapakkam,CMDA Fund,2022-2023,CC Road,Providing Cement concrete Pavement to MRK nagar 3rd street at Kolapakkam Panchayat.,245000
34,Kolapakkam,CMDA Fund,2022-2023,CC Road,Providing Cement concrete Pavement to MRK nagar 4th street at Kolapakkam Panchayat.,630000
35,Kolapakkam,CMDA Fund,2022-2023,CC Road,Providing Cement concrete Pavement to MRK nagar 5th  street at Kolapakkam Panchayat.,1050000
36,Kolapakkam,CMDA Fund,2022-2023,CC Road,Providing Cement concrete Pavement to MRK nagar  KK street at Kolapakkam Panchayat.,210000
37,Kolapakkam,CMDA Fund,2022-2023,CC Road,Providing Cement concrete Pavement to Ganesh nagar main road at Kolapakkam Panchayat.,1540000
38,Kolapakkam,CMDA Fund,2022-2023,CC Road,Providing Cement concrete Pavement to Ganesh nagar 2nd main road and cross road at Kolapakkam Panchayat.,1246000
39,Kolapakkam,CMDA Fund,2022-2023,CC Road,Providing Cement concrete Pavement to Ganesh nagar 3rd main road and cross roads at Kolapakkam Panchayat.,1505000
40,Kolapakkam,CMDA Fund,2022-2023,CC Road,Providing Cement concrete Pavement to Lotus street at Kolapakkam Panchayat.,539000
41,Kolapakkam,CMDA Fund,2022-2023,CC Road,Providing Cement concrete Pavement to Lotus  cross street at Kolapakkam Panchayat.,224000
42,Kolapakkam,CMDA Fund,2022-2023,CC Road,Providing Cement concrete Pavement to Srinivasa nagar main road at Kolapakkam Panchayat.,2333000
43,Kolapakkam,CMDA Fund,2022-2023,CC Road,Providing Cement concrete Pavement to Balaji nagar 2nd street at Kolapakkam Panchayat.,917000
44,Kolapakkam,CMDA Fund,2022-2023,CC Road,Providing Cement concrete Pavement to Balaji nagar 1st street at Kolapakkam Panchayat.,378000
45,Kolapakkam,CMDA Fund,2022-2023,CC Road,Providing Cement concrete Pavement to Balaji nagar  main road at Kolapakkam Panchayat.,1162000
46,Kolapakkam,CMDA Fund,2022-2023,CC Road,Providing Cement concrete Pavement to vijayalakshmi nagar  main road at Kolapakkam Panchayat.,840000
47,Kolapakkam,CMDA Fund,2022-2023,CC Road,Providing Cement concrete Pavement to BT nagar Alamaram opposite at Kolapakkam Panchayat.,910000
48,Kolapakkam,CMDA Fund,2022-2023,CC Road,Providing Cement concrete Pavement to Maxworth nagar phase I ThrowpathyAmman  street at Kolapakkam Panchayat.,1736000
49,Kolapakkam,CMDA Fund,2022-2023,CC Road,Providing cc  Pavement to  kolapakkam to mowlivakkam road  at Kolapakkam Panchayat.,3348000
50,Kolapakkam,CMDA Fund,2022-2023,CC Road,Providing cc  Pavement to  kulanthiamman koil road at Kolapakkam Panchayat.,2492000
51,Kolapakkam,CMDA Fund,2022-2023,CC Road,Providing Cement concrete Pavement to Alaya garden Ist street at Kolapakkam Panchayat.,840000
52,Kolapakkam,MGNREGS,2022-2023,Desilting of Supply Channel,Strom water Earthern drain in Desamarimuthu St at Kolapakkam Panchayat(1950 m)2022-23,"450,000"
53,Kolapakkam,MGNREGS,2022-2023,Desilting of Supply Channel,Strom water Earthern drain in Ramamoorthi Avenue Cross Street at Kolapakkam Panchayat(1800m)2022-23,"425,000"
54,Kolapakkam,MGNREGS,2022-2023,Desilting of Supply Channel,Strom water Earthern drain in Samima Nagar Street at Kolapakkam Panchayat (1950 m) 2022-23,"450,000"
55,Kolapakkam,MGNREGS,2022-2023,Desilting of Supply Channel,"Strom water Earthern drain in Thattan Kulam,Road at Kolapakkam Panchayat (1950 m) 2022-23","450,000"
56,Kolapakkam,MGNREGS,2022-2023,Desilting of Pond,Construction of Revetment in Kuzhanthai Amman Koil Kulam at Kolapakkam Panchayt. (2050 m),"1,056,770"
57,Kolapakkam,NNT,2022-2023,BT Road,Providing Widening and Black Topping of Kolapakkam Pallavaram Road at Kolapakkam Panchayat. (0m to 500m),"3,085,000"
58,Kolapakkam,NNT,2022-2023,BT Road,Providing Widening and Black Topping of Kolapakkam Pallavaram Road at Kolapakkam Panchayat. (Chainage from 500m to 1000m),"3,085,000"
59,Kolapakkam,General Fund - BP,2022-2023,Kitchen Shed,Construction of kitchen shed in higher secondary school at kolapakkam panchayat,"524,000"
60,Kolapakkam,General Fund - BP,2022-2023,School Renovation Work,Renovation to Panchayat Primary School east facing 3 class room in kolapakkam village @ kolapakkam panchayat,"67,000"
61,Kolapakkam,General Fund - BP,2022-2023,School Renovation Work,Renovation to Panchayat Primary School west facing 3 class rom in kolapakkam village @ kolapakkam panchayat,"67,000"
62,Kolapakkam,General Fund - BP,2022-2023,Community Centre Repairs,Providing Renovation of community hall building in kolapakkam village at kolapakkam panchayat,"398,000"
63,Kolapakkam,General Fund - BP,2022-2023,Community Centre Repairs,Providing Renovation of JJ mahal community Hall building in kolapakkam village @ kolapakkam panchayat,"694,000"
64,Kolapakkam,General Fund - DP,2022-2023,CC Road,Providing Cement Concrete Pavement to Agatheeswarer Koil Street at Kolapakkam Panchayat.,"507,000"
65,Kolapakkam,General Fund - DP,2022-2023,CC Road,Providing Cement Concrete Pavement to Maxworth Nagar 5th Street at Kolapakkam Panchayat.,"1,000,000"
66,Kolapakkam,General Fund - DP,2022-2023,CC Road,Providing Cement Concrete Pavement to Perumal Koil 1st Cross Street at Kolapakkam Panchayat,"401,000"
67,Kolapakkam,General Fund - DP,2022-2023,CC Road,Providing Cement Concrete Pavement to Perumal Koil 2nd Cross Street at Kolapakkam Panchayat.,"741,000"
68,Kolapakkam,General Fund - DP,2022-2023,CC Road,Providing Cement Concrete Pavement to Thiruvalluvar Street at Kolapakkam Panchayat.,"627,000"
69,Kolapakkam,15th CFC - VP,2022-2023,CC Road,CC pavement at Padhmavathi Nagar Cross Street(8m) (8.M) 0/0 to 0/8 m),"57,302"
70,Kolapakkam,15th CFC - VP,2022-2023,OHT,Repairs to 60000 litre OHT tank in BT Nagar 1 no,"113,000"
71,Kolapakkam,15th CFC - VP,2022-2023,OHT,Repairs to 60000 litre OHT tank in Kolapakkam village 2 nos,"217,112"
72,Kolapakkam,15th CFC - VP,2022-2023,OHT,Repairs to 60000 litre OHT tank in Max worth ph1 2 nos,"206,000"
73,Kolapakkam,15th CFC - VP,2022-2023,OHT,Repairs to 60000 litre OHT tank in Max worth ph2 - 1 no,"113,000"
74,Kolapakkam,15th CFC - VP,2022-2023,OHT,Repairs to 60000 litre OHT tank in MRK Nagar 1 no,"113,000"
75,Kolapakkam,15th CFC - VP,2022-2023,OHT,Repairs to 60000 litre OHT tank in Ramamoorthy avenue 1 no,"113,000"
76,Kolapakkam,15th CFC - VP,2022-2023,Pipeline Extension,Providing Distribution Pipe Lines to VGN Nagar at Kolapakkam Panchayat,"123,364"
77,Kolapakkam,15th CFC - VP,2022-2023,School Renovation Work,Repair PUPS 3 Class room East Facing,"209,000"
78,Kolapakkam,15th CFC - VP,2022-2023,School Renovation Work,Repair PUPS 3 Class room West Facing,"209,000"
79,Kolapakkam,15th CFC - VP,2022-2023,School Toilet Repair,Repair PUPS Boys toilet ACC Steeet,"35,000"
80,Kolapakkam,15th CFC - VP,2022-2023,School Toilet Repair,Repairs PUPS Girls toilet RCC road,"70,000"
81,Kolapakkam,15th CFC - VP,2022-2023,Drainage,Storm Water Drain in Padmavathy Nagar (7.M) 0/0 to 0/7 m),"54,476"
82,Kolapakkam,15th CFC - VP,2022-2023,Drainage,Storm Water Drain with Cover Slab in Padmavathy Nagar Cross Streets,"744,000"
83,Kolapakkam,15th CFC - VP,2022-2023,Battery Car,Purchase of new E-Cart 2 no @ Kolapakkam panchayat,"200,000"
84,Kolapakkam,15th CFC - VP,2022-2023,CC Road,Providing cement concrete pavement to Ganesh Nagar I st street,"601,000"
85,Kolapakkam,15th CFC - VP,2022-2023,Payment to EB,Settlement to EB Dues @ Kolapakkam Panchayat,"353,745"
86,Kolapakkam,SBM(G),2022-2023,Battery Car,Purchase of @ Kolapakkam Panchayat,"292,964"
87,Kolapakkam,Mudalvarin Grama Saalaigal Membattu Thittam (MGSMT),2022-2023,BT Road,Kolapakkam to Mowlivakkam road,"12,869,000"
88,Kolapakkam,Mudalvarin Grama Saalaigal Membattu Thittam (MGSMT),2022-2023,BT Road,Max worth Nagar Phase I @ II link Road in Kolapakkam Panchayat,"2,056,000"
89,Kolapakkam,15th CFC - VP,2022-2023,Anganwadi Repairs,Repair Anganwadi building @ (PUPS Campus) Kolapakkam Colony 1,"150,000"
90,Kolapakkam,SBM(G),2022-2023,Battery Car,Purchase of Kolapakkam Panchayat,"292,964"
91,Kolapakkam,General Fund - DP,2023-2024,CC Road,Providing Cement Concrete Road in B.T Nagar at Kolapakkam Panchayat,"550,000"
92,Kolapakkam,SBM(G),2023-2024,Battery Car,Procurement of E-Cart -5 Kolapakkam Panchayat,"252,750"
93,Kolapakkam,15th CFC - VP,2023-2024,New Borewell,Providing Borewell at Roja Street Max Worth Nagar Phase 2,"394,163"
94,Kolapakkam,SBM(G),2023-2024,Battery Car,Procurement of E-Cart -2 Kolapakkam Panchayat,"252,750"
95,Kolapakkam,SBM(G),2023-2024,Battery Car,Procurement of E-Cart -7 Kolapakkam Panchayat,"252,750"
96,Kolapakkam,MGNREGS,2023-2024,Rural Sports Centre,Providing Rural Sports Centre (TYPE C) for 2024-25 MRK Park S.No.91 at Koalapakkam Panchayat,"60,000"
97,Kolapakkam,MLACDS-Alandur,2023-2024,Park,"Construction of Pathway, Kids Play Area Compound wall in Ramakrishna Nagar Park at Kolapakkam Panchayat","2,500,000"
98,Kolapakkam,General Fund - BP,2023-2024,CC Road,Providing Cement Concrete pavement to Rajendran cross Street in Kolapakkam Village @ Kolapakkam Panchayat,"726,000"
99,Kolapakkam,General Fund - BP,2023-2024,CC Road,Providing Cement Concrete pavement to Rajendran Street in Kolapakkam Village @ Kolapakkam Panchayat,"908,000"
100,Kolapakkam,General Fund - BP,2023-2024,Drainage,Construction of storm water drain with RCC cover slab manholes in vannier mettu cross street at Kolapakkam Panchayat,"1,741,000"
101,Kolapakkam,General Fund - VP,2023-2024,CC Road,Providing Cement Concrete Road to mariyamman koil street 1st street,"1,800,000"
102,Kolapakkam,General Fund - VP,2023-2024,CC Road,Providing Cement Concrete Road to Maruthyb nagar,"1,785,000"
103,Kolapakkam,General Fund - VP,2023-2024,CC Road,Providing Cement Concrete Road to Rammoorthy avenue School road,"1,515,000"
104,Kolapakkam,General Fund - DP,2023-2024,CC Road,Providing Cement Concrete Road in Ramamoorthy Avenue at Kolapakkam Panchayat,"240,000"
105,Kolapakkam,General Fund - DP,2023-2024,Drainage,Construction of Strom Water Drain in Kamtchi Amman Nagar at Kolapakkam Panchayat.,"1,740,000"
106,Kolapakkam,15th CFC - DP,2023-2024,New Borewell,Drilling of new Borewell Supply and fixing of 5.00 HP pumpset and panel Board with allied materials in Anna main road at Kolapakkam Panchayat.,"750,000"
107,Kolapakkam,15th CFC - DP,2023-2024,New Borewell,Drilling of New Borewell Supply and fixing of 5.00 HP pumpset and panel Board with allied materials in Samiyaar Kulam in Karumariamman nagar at Kolapakkam Panchayat.,"750,000"
108,Kolapakkam,15th CFC - BP,2023-2024,CC Road,Prociding of cement pavement Venkadeswara nager sakthi nager at salamangalam panchayat,"1,750,000"
109,Kolapakkam,15th CFC - VP,2023-2024,Purchase of Tractor,Purchs of Tractor,"300,000"
110,Kolapakkam,15th CFC - VP,2023-2024,Battery Car,Purchase of E cart in Nos,"720,000"
111,Kolapakkam,15th CFC - VP,2023-2024,Drainage,repair to Toilet panchyayat office in kolappakam,"24,163"
112,Kolapakkam,15th CFC - VP,2023-2024,New Borewell,Providing Borewell with pumpset in VGN Nagar,"650,000"
113,Kolapakkam,SBM(G),2023-2024,Battery Car,Procurement of E-Cart -4 Kolapakkam Panchayat,"252,750"
114,Kolapakkam,SBM(G),2023-2024,Battery Car,Procurement of E-Cart -6 Kolapakkam Panchayat,"252,750"
115,Kolapakkam,SBM(G),2023-2024,Purchase of Tractor,Procurement of Motorized Vehicle - Tractor With Trailer for Kolapakkam Village panchayat 1.No,"992,000"
116,Kolapakkam,Peri Urban Panchayat - CMDA Fund,2023-2024,CC Road,Providing CC Pavement to Maxworth Nagar Phase I Road Ist street,"2,550,000"
117,Kolapakkam,Peri Urban Panchayat - CMDA Fund,2023-2024,CC Road,Providing Cement Concrete Road at Maxworth Nagar phase 2,"2,678,000"
118,Kolapakkam,Michaung Flood Damaged Roads,2023-2024,CC Road,Providing of Cement Concrete Road to Mahalakshmi Nagar 4.50m,"1,404,000"
119,Kolapakkam,Michaung Flood Damaged Roads,2023-2024,CC Road,Providing of Cement Concrete Road to Ramamoorthy Avenue II Street 4.50m,"1,170,000"
120,Kolapakkam,SSA Integrated School Building,2023-2024,Repair to Smart Class,Renovation of Single Class Room for Smart Class in PUPS Kolapakkam (East Facing) @ Kolapakkam Panchayat,"90,000"
121,Kolapakkam,General Fund - VP,2023-2024,CC Road,Providing Cement Concrete Road to Radha krishanan nagar,"2,675,000"
122,Kolapakkam,SBM(G),2023-2024,Battery Car,Procurement of E-Cart -1 Kolapakkam Panchayat,"252,750"
123,Kolapakkam,SBM(G),2023-2024,Battery Car,Procurement of E-Cart -3 Kolapakkam Panchayat,"252,750"
124,Kolapakkam,SBM(G),2023-2024,Battery Car,Procurement of E-Cart -8 Kolapakkam Panchayat,"252,750"
125,Kolapakkam,Peri Urban Panchayat - CMDA Fund,2023-2024,CC Road,Providing CC Pavement to Maxworth Nagar Phase II Road 6th st,"1,913,000"
126,Kolapakkam,Peri Urban Panchayat - CMDA Fund,2023-2024,CC Road,Providing CC Pavement to Maxworth Nagar Phase II Road 7th st,"1,913,000"
127,Kolapakkam,Peri Urban Panchayat - CMDA Fund,2023-2024,CC Road,Providing CC Pavement to Maxworth Nagar Phase I Road 2nd st,"2,550,000"
128,Kolapakkam,Peri Urban Panchayat - CMDA Fund,2023-2024,CC Road,Providing CC Pavement to Maxworth Nagar Phase I Road 3rd st,"2,550,000"
129,Kolapakkam,Peri Urban Panchayat - CMDA Fund,2023-2024,CC Road,Providing CC Pavement to Maxworth Nagar Phase I Road 4th st,"2,550,000"
130,Kolapakkam,Peri Urban Panchayat - CMDA Fund,2023-2024,CC Road,Providing CC Pavement to Maxworth Nagar Phase I Road 5th st,"1,700,000"
131,Kolapakkam,Michaung Flood Damaged Roads,2023-2024,CC Road,Providing of Cement Concrete Road to Devi Karumari Amman Nagar,"1,217,000"
132,Kolapakkam,Michaung Flood Damaged Roads,2023-2024,CC Road,Providing of Cement Concrete Road to RamaKrishna Nagar Main Road,"1,014,000"
133,Kolapakkam,15th CFC - BP,2024-2025,CC Road,Providing CC Road at Thiru Venkatam Nagar in Kolapakkam Panchayat (120M),"840,000"
134,Kolapakkam,15th CFC - VP,2024-2025,Pipeline Extension,Providing Pipe Line to Thattankulam Paguthi (Chainage 0.00m to 410m),"143,500"
135,Kolapakkam,15th CFC - VP,2024-2025,Wire Fencing,Providing Fencing Arrangement to 30000 Ir OHT at M.R.K. Nagar,"40,000"
136,Kolapakkam,15th CFC - VP,2024-2025,Wire Fencing,Providing Fencing Arrangement to 60000 Ir OHT and 30000 Ir OHT at Thattankulam Paguthi,"70,000"
137,Kolapakkam,NNT,2024-2025,CC Road,Vanniyar Street,"2,296,000"
138,Kolapakkam,NNT,2024-2025,OHT,"Construction of OHT Tank at VGN Nagar, Kolapakkam Panchayat, Kundrathur Panchayat Union.","1,650,000"
139,Kolapakkam,NNT,2024-2025,Drainage,Construction of storm water drain with RCC Cover Slab and Manholes in Kolapakkam Jeyapriya Nagar cross street at kolapakkam Panchayat.,"210,000"
140,Kolapakkam,NNT,2024-2025,Drainage,Construction of Strom water Drain with RCC cover slab and manholes in Devi Karumariyamman Street at kolapakkam Panchayat.,"2,606,000"
141,Kolapakkam,General Fund - BP,2024-2025,CC Road,Providing Cement Concrete Pavement to VGN Nagar Ganesh Nagar Street at Kolapakkam,"2,242,000"
142,Kolapakkam,PMAY(G),2024-2025,PMAY(G),Construction of New House Under PMAY(G) for Padmanabhan Palayam F/H of Palayam,"120,000"
143,Kolapakkam,15th CFC - BP,2024-2025,CC Road,Providing CC Road at Thiruperumal Nagar in Kolapakkam Panchayat (250M),"1,750,000"
144,Kolapakkam,15th CFC - VP,2024-2025,CC Road,Providing Cement Concrete Road to Kopakkam Ramoorthy Avenue IInd Cross Street (Santhosh House to Shresta Apparment) (Chainage 00.00m to 210.00m),"1,475,023"
145,Kolapakkam,15th CFC - VP,2024-2025,Drainage,Construction of Drainage at vanniyar IInd street ( Tamilvanan House to Murugan Kovil House ) (Chainage 00.00m to 116.00m),"776,268"
146,Kolapakkam,15th CFC - VP,2024-2025,Equipment for SWM (including safety equipment),Procurementof thooimaikavalar safety kit - 10 @ kolapakkam Panchayat,"30,000"
147,Kolapakkam,Kalaignarin Kanavu Illam,2024-2025,KKI,Construction of New House Under Kalaignarin Kanavu Illam for RANI RAGHAVAN F/H of RAGHAVAN,"310,000"
148,Kolapakkam,Kalaignarin Kanavu Illam,2024-2025,KKI,Construction of New House Under Kalaignarin Kanavu Illam for Ruthiramoorthy Singaram F/H of Singaram,"310,000"
149,Kolapakkam,Kalaignarin Kanavu Illam,2024-2025,KKI,Construction of New House Under Kalaignarin Kanavu Illam for பழனி ஆ F/H of ஆறுமுகம்,"310,000"
150,Kolapakkam,PMAY-G spill over works of previous year,2024-2025,PMAY(G),Construction of New House Under PMAY-G spill over works of previous year for Manavalan Perumal F/H of Perumal,"240,000"
151,Kolapakkam,Repairs to Rural houses(constructed before 2001) 2024-25 phase II,2024-2025,House - Minor Repairs (RRH),Construction of House - Minor Repairs (RRH) Under Repairs to Rural houses(constructed before 2001) 2024-25 phase II for Sasitha F/H of Annamalai,"55,000"
152,Kolapakkam,MGNREGS,2024-2025,Percolation pond,Formation of 2024-2025 New pond in Kolapakkam Colony (30 x 30) m at Koalapakkam pt,"1,000,000"
153,Kolapakkam,NNT,2024-2025,Drainage,Construction of Storm water drain with RCC cover slab manholes in Kolapakkam Colony Main Road at Kolapakkam Panchayat.,"4,575,000"
154,Kolapakkam,NNT,2024-2025,Drainage,Construction of strom water Drain with RCC cover slab and Manholes in Kolapakkam Colony Cross road at Kolapakkam Panchayat,"2,494,000"
155,Kolapakkam,NNT,2024-2025,Drainage,Construction of Strom Water Drain with RCC Cover slab Manholes in Kolapakkam Colony Cross Road at kolapakkam Panchayat.,"4,000,000"
156,Kolapakkam,PMAY(G),2024-2025,PMAY(G),Construction of New House Under PMAY(G) for Deivagandhi Ravi F/H of Ravi,"120,000"
157,Kolapakkam,PMAY(G),2024-2025,PMAY(G),Construction of New House Under PMAY(G) for Divya F/H of Dhayalan,"120,000"
158,Kolapakkam,PMAY(G),2024-2025,PMAY(G),Construction of New House Under PMAY(G) for P Mariyan F/H of Palaiyappan,"120,000"
159,Kolapakkam,PMAY(G),2024-2025,PMAY(G),Construction of New House Under PMAY(G) for Puramal Ragu F/H of Ragu,"120,000"
160,Kolapakkam,PMAY(G),2024-2025,PMAY(G),Construction of New House Under PMAY(G) for Thamodharan A F/H of Arjunan,"120,000"
161,Kolapakkam,15th CFC - DP,2024-2025,CC Road,Providing Cement Concrete Pavement to Chinna Samy Street in Kolapakkam Colony at Kolapakkam Panchayat,"885,046"
162,Kolapakkam,15th CFC - VP,2024-2025,Pipeline Extension,"Providing Borewell,Pumpset and Pipe Line To M.G.R Nagar(100m)","432,768"
163,Kolapakkam,15th CFC - VP,2024-2025,Pipeline Extension,Providing Pipe Line To Kolapakkam Colony Main Street and Cross Street (Chainage 0.00m to 1200m),"420,000"
164,Kolapakkam,Repairs to Rural House(Const.before 2001),2024-2025,House - Minor Repairs (RRH),Construction of House - Minor Repairs (RRH) Under Repairs to Rural House(Const.before 2001) for A.Annakili F/H of KULLU,"49,000"
165,Kolapakkam,Repairs to Rural House(Const.before 2001),2024-2025,House - Minor Repairs (RRH),Construction of House - Minor Repairs (RRH) Under Repairs to Rural House(Const.before 2001) for A.Kumar F/H of ARUMUGAM,"49,000"
166,Kolapakkam,Repairs to Rural House(Const.before 2001),2024-2025,House - Minor Repairs (RRH),Construction of House - Minor Repairs (RRH) Under Repairs to Rural House(Const.before 2001) for A.Ramu F/H of APPU,"49,000"
167,Kolapakkam,Repairs to Rural House(Const.before 2001),2024-2025,House - Minor Repairs (RRH),Construction of House - Minor Repairs (RRH) Under Repairs to Rural House(Const.before 2001) for C.Mari F/H of CHINNAPAIYAN,"49,500"
168,Kolapakkam,Repairs to Rural House(Const.before 2001),2024-2025,House - Minor Repairs (RRH),Construction of House - Minor Repairs (RRH) Under Repairs to Rural House(Const.before 2001) for J.Elumalai F/H of JAYARAMAN,"48,000"
169,Kolapakkam,Repairs to Rural House(Const.before 2001),2024-2025,House - Minor Repairs (RRH),Construction of House - Minor Repairs (RRH) Under Repairs to Rural House(Const.before 2001) for Kearlin F/H of ADHIKEASAVAN,"50,000"
170,Kolapakkam,Repairs to Rural House(Const.before 2001),2024-2025,House - Minor Repairs (RRH),Construction of House - Minor Repairs (RRH) Under Repairs to Rural House(Const.before 2001) for K.kothainayagi F/H of KUPPUSAMY,"49,000"
171,Kolapakkam,Repairs to Rural House(Const.before 2001),2024-2025,House - Minor Repairs (RRH),Construction of House - Minor Repairs (RRH) Under Repairs to Rural House(Const.before 2001) for M.Manohari F/H of mariyaanadham,"49,500"
172,Kolapakkam,Repairs to Rural House(Const.before 2001),2024-2025,House - Minor Repairs (RRH),Construction of House - Minor Repairs (RRH) Under Repairs to Rural House(Const.before 2001) for Moorthi/Nadesa F/H of NADESEAN,"50,000"
173,Kolapakkam,Repairs to Rural House(Const.before 2001),2024-2025,House - Minor Repairs (RRH),Construction of House - Minor Repairs (RRH) Under Repairs to Rural House(Const.before 2001) for Thirumalaivasan F/H of JANAKIRAMAN,"49,500"
174,Kolapakkam,Repairs to Rural House(Const.before 2001),2024-2025,House - Major Repairs (RRH),Construction of House - Major Repairs (RRH) Under Repairs to Rural House(Const.before 2001) for E.Gilbert F/H of EATTI,"60,000"
175,Kolapakkam,Repairs to Rural House(Const.before 2001),2024-2025,House - Major Repairs (RRH),Construction of House - Major Repairs (RRH) Under Repairs to Rural House(Const.before 2001) for Kumari F/H of Godhandan,"60,000"
176,Kolapakkam,Repairs to Rural House(Const.before 2001),2024-2025,House - Major Repairs (RRH),Construction of House - Major Repairs (RRH) Under Repairs to Rural House(Const.before 2001) for M.Anjali F/H of mari,"62,000"
177,Kolapakkam,Repairs to Rural House(Const.before 2001),2024-2025,House - Major Repairs (RRH),Construction of House - Major Repairs (RRH) Under Repairs to Rural House(Const.before 2001) for P.Parandhaman F/H of PAKKIRISAMY,"62,000"
178,Kolapakkam,Repairs to Rural House(Const.before 2001),2024-2025,House - Major Repairs (RRH),Construction of House - Major Repairs (RRH) Under Repairs to Rural House(Const.before 2001) for R.Dhansingh F/H of RAGAVAN,"61,000"
179,Kolapakkam,Repairs to Rural House(Const.before 2001),2024-2025,House - Major Repairs (RRH),Construction of House - Major Repairs (RRH) Under Repairs to Rural House(Const.before 2001) for S.Baby F/H of shanmugam,"60,000"
180,Kolapakkam,Kalaignarin Kanavu Illam,2024-2025,KKI,Construction of New House Under Kalaignarin Kanavu Illam for Ganesan Manickam F/H of Manickam,"310,000"
181,Kolapakkam,Repairs to Rural houses(constructed before 2001) 2024-25 phase II,2024-2025,House - Minor Repairs (RRH),Construction of House - Minor Repairs (RRH) Under Repairs to Rural houses(constructed before 2001) 2024-25 phase II for B.Amul F/H of Babu,"55,000"
182,Kolapakkam,CMDA Special Fund,2025-2026,CC Road,Providing Cement Concrete Pavement to Anushya avenue in Thiruperumal nagar @ Kolapakkam Panchayat,"824,000"
183,Kolapakkam,CMDA Special Fund,2025-2026,CC Road,Providing Cement Concrete Pavement to Rathina samy Street @ Kolapakkam Panchayat,"1,219,000"
184,Kolapakkam,CMDA Special Fund,2025-2026,Drainage,Construction of Storm Water Drain Providing RCC Cover Slab in Sababathy Nagar Street @ Kolapakkam Panchayat,"2,100,000"
185,Kolapakkam,CMDA Special Fund,2025-2026,Drainage,Providing storm water drain at Anushya avenue in Thiruperumal nagar with cover slab @ Kolapakkam Panchayat,"777,000"
186,Kolapakkam,CGF Savings Fund - Infra,2025-2026,CC Road,Providing Cement Concrete Pavement to Kamatchiamman Nagar II Main Road @ Kolapakkam Panchayat,"1,817,000"
187,Kolapakkam,CGF Savings Fund - Infra,2025-2026,Drainage,Construction of Storm Water Drain in Kamatchi Amman nagar II Main Road @ Kolapakkam Panchayat,"1,169,000"
188,Kolapakkam,CGF Savings Fund - Infra,2025-2026,CC Road,Providing Cement Concrete Pavement to MRK Nagar 6th Street @ Kolapakkam Panchayat,"281,000"
189,Kolapakkam,MGNREGS,2025-2026,Avenue Tree Plantation,Formation of 25-26 Avenue Tree plantation in Kolapakkam village Road site at kolapakkam Panchayat (400 Nos) - 2 km,"230,394"
190,Kolapakkam,MGNREGS,2025-2026,Avenue Tree Plantation,Formation of 25-26 Avenue Tree plantation in Kuzhanthai Amman Kovil Salai Road site at kolapakkam Panchayat (400 Nos) - 2 km,"230,394"
191,Kolapakkam,MGNREGS,2025-2026,Avenue Tree Plantation,Formation of 25-26 Avenue Tree plantation in VGN Oravil Salai at kolapakkam Panchayat (200 Nos) - 1 km,"117,795"
192,Kolapakkam,MGNREGS,2025-2026,Watering of Avenue Tree Plantation,Watering of Existing Plantation 2023-24 in ATP in Kolapakkam at Kolapakkam Panchayat (150 Nos),"89,645"
193,Kolapakkam,MGNREGS,2025-2026,Institutional plantation,"Formation of 2025-26 All other Plantation Institutional plantation (10 Nos), Home Plantation 24-25=10,25-26=8,(18 * 2=36 Nos) at Kolapakkam Pt","31,094"
194,Kolapakkam,NNT,2025-2026,CC Road,Providing of Cement Cancrete Pavment (269) to Bajanai Koil Street in Nehru Nagar at Kolapakkam Panchayat,"2,412,000"
195,Kolapakkam,NNT,2025-2026,CC Road,Providing of cement concrete pavement on Gandhi Street (330 m) in Kolapakkam Panchayat,"2,959,000"
196,Kolapakkam,NNT,2025-2026,CC Road,"Providing of Cement Concrete Road on Lalaji School Road in Kundrathur Panchayat Union, Kolapakkam Panchayat (General 1/3)","2,223,000"
197,Kolapakkam,NNT,2025-2026,CC Road,"Providing of Cement Road in Perumal Temple Street in ​​Kolapakkam Panchayat, Kundrathur Panchayat Union (General Section 1/3)","3,039,000"
198,Kolapakkam,NNT,2025-2026,CC Road,Providing of Cement Road in Pillaiyar Koil Street area of ​​Kolapakkam Panchayat at Kundrathur Panchayat Union (General Habitation 1/3),"1,212,000"
199,Kolapakkam,NNT,2025-2026,CC Road,"Providing of Cement Road in Vembuliyamman Temple Street Kolapakkam Panchayat at ​​Kundrathur Panchayat Union, (General Habitation 1/3)","964,000"
200,Kolapakkam,NNT,2025-2026,Drainage,"Construction of Strom Water Drain (320 M) on Vanniyar Mettu Street in Kolapakkam Panchayat, Kundrathur Panchayat Union. (General Habitation)","2,163,000"
201,Kolapakkam,NNT,2025-2026,Drainage,"Construction of Strom Water Drain on Ramamoorthy Avenue Phase II Main Road (294M) in Kolapakkam Panchayat, Kundrathur Panchayat Union. (General Habitation)","1,986,000"
202,Kolapakkam,NNT,2025-2026,Drainage,"Construction of Strom Water Drain with Culvert (4 Nos) on Ramamoorthy Avenue Phase II Main Road (254M) in Kolapakkam Panchayat, Kundrathur Panchayat Union. (General Habitation)","2,555,000"
203,Kolapakkam,NNT,2025-2026,Drainage,"Construction of Strom Water Drain with RCC Cover Slab on Rajamani Madura Appartment and Isha Kayathri Appartment Street Kolapakkam Panchayat, Kundrathur Panchayat Union. (General Habitation)","6,382,000"
204,Kolapakkam,General Fund - DP,2025-2026,CC Road,Construction of Cement concrete pavement in Kolapakkam village Ramamoorthy nagar street at Kolapakkam Panchayat,"1,886,000"
205,Kolapakkam,General Fund - DP,2025-2026,Drainage,Construction of Cement concrete Sewage in Kolapakkam village Ramamoorthy nagar street at Kolapakkam Panchayat,"410,000"
206,Kolapakkam,15th CFC - VP,2025-2026,CC Road,providing cement road at agadheeshwarar kovil east side road (190m),"1,445,311"
207,Kolapakkam,15th CFC - VP,2025-2026,New Borewell,Providing Borewell and Pumpset at Manosaravor Nagar (1Nos),"600,000"
208,Kolapakkam,15th CFC - VP,2025-2026,New Borewell,Providing Borewell and Pumpset at VGN Nagar (1Nos),"483,983"
209,Kolapakkam,AGAMT library repair,2025-2026,Library Building Repair and Toilet Construction,Repairs and Renovation of Library Building @ Kolapakkam,"105,000"
210,Kolapakkam,AGAMT II,2025-2026,CC Road,Providing Cement Concrete Road to Pattammal Garden (91.5 M) at Kolapakkam Village Kolapakkam Panchayat,"869,000"
211,Kolapakkam,AGAMT II,2025-2026,Burial Ground,"Improvements to Kolapakkam Village Burial Ground Waiting Shed, CC Road, Water Supply, Street Light at Kolapakkam Village @ Kolapakkam Panchayat","1,126,000"
212,Kolapakkam,Kalaignarin Kanavu Illam,2025-2026,KKI,Construction of New House Under Kalaignarin Kanavu Illam for MURALIDASS F/H of THIRUVENKADAM,"310,000"
213,Kolapakkam,Kalaignarin Kanavu Illam,2025-2026,KKI,Construction of New House Under Kalaignarin Kanavu Illam for Palanivel Venkatesan F/H of Venkatesan,"310,000"
214,Kolapakkam,Kalaignarin Kanavu Illam,2025-2026,KKI,Construction of New House Under Kalaignarin Kanavu Illam for PARIMALA F/H of PARAMASIVAM,"310,000"
215,Kolapakkam,CMDA Special Fund,2025-2026,CC Road,Providing Cement Concrete Pavement to Narayana nagar Main Road @ Kolapakkam Panchayat,"1,048,000"
216,Kolapakkam,CMDA Special Fund,2025-2026,CC Road,Providing Cement Concrete Pavement to VGN Nagar Azhaganantha Street @ Kolapakkam Panchayat,"562,000"
217,Kolapakkam,CMDA Special Fund,2025-2026,CC Road,Providing Cement Concrete Pavement to VGN Nagar Godavari Street @ Kolapakkam Panchayat,"564,000"
218,Kolapakkam,CMDA Special Fund,2025-2026,CC Road,Providing Cement Concrete Pavement to VGN Nagar Krshipra Street @ Kolapakkam Panchayat,"564,000"
219,Kolapakkam,CMDA Special Fund,2025-2026,CC Road,Providing Cement Concrete Pavement to VGN Nagar Narmada Street @ Kolapakkam Panchayat,"375,000"
220,Kolapakkam,CMDA Special Fund,2025-2026,CC Road,Providing Cement Concrete Pavement to VGN Nagar Saraswathi Street @ Kolapakkam Panchayat,"375,000"
221,Kolapakkam,CMDA Special Fund,2025-2026,CC Road,Providing Cement Concrete Pavement to VGN Nagar Yamuna Street @ Kolapakkam Panchayat,"748,000"
222,Kolapakkam,CMDA Special Fund,2025-2026,Drainage,Construction of Storm Water Drain Providing RCC Cover Slab in Namathu Nagar Street @ Kolapakkam Panchayat,"657,000"
223,Kolapakkam,CGF Savings Fund - Infra,2025-2026,CC Road,Providing Cement Concrete Pavement to Sree Narayana Nagar 2nd Street @ Kolapakkam Panchayat,"2,240,000"
224,Kolapakkam,CGF Savings Fund - Infra,2025-2026,CC Road,Providing Cement Concrete Pavement to Sree Narayana Nagar 3rd Street @ Kolapakkam Panchayat,"1,141,000"
225,Kolapakkam,CGF Savings Fund - Infra,2025-2026,CC Road,Providing Cement Concrete Pavement to Sree Narayana Nagar 5th Street @ Kolapakkam panchayat,"637,000"
226,Kolapakkam,CGF Savings Fund - Infra,2025-2026,CC Road,Providing Cement Concrete Pavement to Sree Narayana Nagar III Cross Street @ Kolapakkam Panchayat,"1,410,000"
227,Kolapakkam,NNT,2025-2026,CC Road,"Providing of CC Road with RCC Cover Slab MGR Nagar Salai in Kolapakkam Colony at Kolapakkam Panchayat, Kundrathur Panchayat Union. (General Habitation)","6,686,335"
228,Kolapakkam,NNT,2025-2026,CC Road,Providing of Cement Cancrete Pavment (177) to Old BG Approach Raod and Kakanji Street in Kolapakkam Panchayat,"1,589,000"
229,Kolapakkam,NNT,2025-2026,CC Road,Providing of Cement Road in Ambedkar Street area of ​​ Kolapakkam Panchayat at Kundrathur Panchayat Union (SC Habitation1/5),"622,000"
230,Kolapakkam,General Fund - DP,2025-2026,Drainage,Construction of Cement concrete sewage water drainage with RCC cover slab Cement concrete pavement in Kolapakkam colony Akshaya nagar road at Kolapakkam Panchayat,"1,800,000"
231,Kolapakkam,AGAMT II,2025-2026,CC Road,Providing Cement Concrete Road to Manasarovar Nagar and Cross Street (212 M) at kolapakkam Colony @ Kolapakkam Panchayat,"2,000,000"
232,Kolapakkam,AGAMT II,2025-2026,CC Road,Providing Cement Concrete Road to Padmavathi Nagar Avenue (100 M) at kolapakkam Colony @ Kolapakkam Panchayat,"948,000"
233,Kolapakkam,Mudalvarin Grama Saalaigal Membattu Thittam(MGSMT) - Phase - III,2025-2026,CC Road,Strengthening of Cement Concrete Kolappakkam Colony MGR Nagar to Padmam Nagar Km 0/0 - 0/470 (R-421) in Kolapakkam Panchayat,"3,713,000"
234,Kolapakkam,CMDA Special Fund,2025-2026,CC Road,Providing cc road to sabima nagar @ Kolapakkam Panchayat,"824,000"
235,Kolapakkam,CMDA Special Fund,2025-2026,CC Road,Providing Cement Concrete Pavement Storm Water Drain with Cover Slab to Padmavathy Nagar @ Kolapakkam Panchayat,"2,285,000"
236,Kolapakkam,CMDA Special Fund,2025-2026,CC Road,Providing Cement Concrete Pavement to Kolapakkam Colony Thiruvalluvar Street @ Kolapakkam Panchayat,"1,877,000"
237,Kolapakkam,CMDA Special Fund,2025-2026,CC Road,Providing Cement Concrete Pavement to Maxworth Nagar Phase III 1st Cross Street @ Kolapakkam Panchayat,"591,000"
238,Kolapakkam,CMDA Special Fund,2025-2026,CC Road,Providing Cement Concrete Pavement to Maxworth Nagar Phase III 2nd Cross Street @ Kolapakkam Panchayat,"585,000"
239,Kolapakkam,CMDA Special Fund,2025-2026,CC Road,Providing Cement Concrete Pavement to Maxworth Nagar Phase III 3rd Cross Street,"535,000"
240,Kolapakkam,CMDA Special Fund,2025-2026,CC Road,Providing Cement Concrete Pavement to Maxworth Nagar Phase III Main Road @ Kolapakkam Panchayat,"449,000"
241,Kolapakkam,CMDA Special Fund,2025-2026,CC Road,Providing Cement Concrete Pavement to Maxworth Phase III BG Road @ Kolapakkam Panchayat,"1,281,000"
242,Kolapakkam,CMDA Special Fund,2025-2026,CC Road,Providing Cement concrete road Ist street in Ramamoorthy avenue @ Kolapakkam Panchayat,"564,000"
243,Kolapakkam,CMDA Special Fund,2025-2026,CC Road,Providing Cement concrete road Park street in Ramamoorthy avenue @ Kolapakkam Panchayat,"397,000"
244,Kolapakkam,CMDA Special Fund,2025-2026,CC Road,Providing Cement Concrete Road to Ramamoorthy Avenue Devaraj Street @ Kolapakkam panchayat,"748,000"
245,Kolapakkam,CMDA Special Fund,2025-2026,Drainage,Providing storm water drain Park street in Ramamoorthy avenue @ Kolapakkam Panchayat,"306,000"
246,Kolapakkam,CMDA Special Fund,2025-2026,Drainage,Providing storm water drain to sabima nagar 2nd street @ Kolapakkam Panchayat,"556,000"
247,Kolapakkam,CMDA Special Fund,2025-2026,Drainage,Providing storm water drain to sabima nagar Ist street,"556,000"
248,Kolapakkam,CMDA Special Fund,2025-2026,Drainage,Providing storrm water drain from kolapakkam colony to sabima nagar @ Kolapakkam Panchayat,"625,000"
249,Kolapakkam,CGF Savings Fund - Infra,2025-2026,CC Road,Providing Cement Concrete Pavement to Mahalakshmi Nagar Cross Street @ Kolapakkam Panchayat,"2,244,000"
250,Kolapakkam,CGF Savings Fund - Infra,2025-2026,CC Road,Providing Cement Concrete Pavement to Ramamoorthy Avenue Casagranda Near Road @ Kolapakkam Panchayat,"573,000"
251,Kolapakkam,CGF Savings Fund - Infra,2025-2026,CC Road,Providing Cement Concrete Pavement to Ramamoorthy Avenue I II Cross Street @ Kolapakkam Panchayat,"756,000"
252,Kolapakkam,CGF Savings Fund - Infra,2025-2026,CC Road,Providing Cement Concrete Pavement to Sree Kamatchiamman Nagar Street @ Kolapakkam Panchayat,"1,050,000"
253,Kolapakkam,CGF Savings Fund - Infra,2025-2026,Drainage,Construction of Storm Water Drain Providing RCC Cover Slab in Mahalakshmi Nagar Street @ Kolapakkam Panchayat,"1,803,000"
254,Kolapakkam,CGF Savings Fund - Infra,2025-2026,Drainage,Providing Cement Concrete Storm Water Drain with RCC Cover Slab to Kolapakkam Colony Thiruvalluvar Street @ Kolapakkam Panchayat,"3,045,000"
1,Kovur,MGNREGS,2021-2022,Minor Bridge,Construction of Minor Bridge in Adham Nagar at Kovur Panchayat,"3,311,000"
2,Kovur,PMAY(G),2021-2022,PMAY(G),Construction of New House Under PMAY(G) for NAGARAJ F/H of Kumar,"240,000"
3,Kovur,15th CFC - VP,2021-2022,Drainage,Construction of Storm Water Drain in Indra Nagar Street at Kovur Panchayat,"1,283,000"
4,Kovur,NNT,2021-2022,CC Road,Providing Cement concrete pavement to Kovur Colony Road at Kovur Panchayat (SC Habitation – 1/5 Public contribution),"2,500,000"
5,Kovur,PMAY(G),2021-2022,PMAY(G),Construction of New House Under PMAY(G) for Elumalai F/H of Murugesan,"240,000"
6,Kovur,PMAY(G),2021-2022,PMAY(G),Construction of New House Under PMAY(G) for sakthivel F/H of murugeshan,"240,000"
7,Kovur,MPLADS-LS-Sriperumbudur,2021-2022,PDS outlet,"Construction of Public Distribution shop Building in Kumaran Nagar at Kovur Panchayat, Kundrathur Panchayat Union","1,561,000"
8,Kovur,MGNREGS,2021-2022,Burial Ground,Gen Ha Construction of 2021-22 Burial Ground Kovur Village at Kovur Panchayat,"1,943,000"
9,Kovur,MGNREGS,2021-2022,Drainage,General Habitation - Construction CC Drainge in Ambal Nagar VOC Street at Kovur Panchayat 80 m,"347,520"
10,Kovur,MGNREGS,2021-2022,Drainage,General Habitation - Construction CC Drainge in Saradha Nagar 1and 2nd Street at Kovur Panchayat 360 m,"1,563,840"
11,Kovur,MGNREGS,2021-2022,Community Soak Pit,Gen Hab2021-22 Construction of Community Soak Pit Near H S S (Boys) Syntex at Kovur Pt,"13,375"
12,Kovur,MGNREGS,2021-2022,Community Soak Pit,Gen Hab2021-22 Construction of Community Soak Pit Near H S S (Girls) Syntex at Kovur Pt,"13,375"
13,Kovur,MGNREGS,2021-2022,Community Soak Pit,Gen Hab2021-22 Construction of Community Soak Pit Near Manthoppu Anganwadi at Kovur Pt,"13,375"
14,Kovur,MGNREGS,2021-2022,Community Soak Pit,Gen Hab 2021-22 Construction of Community Soak Pit Near Manthoppu School Syntex at Kovur Pt,"13,375"
15,Kovur,MGNREGS,2021-2022,CC Road,SC Habitation -2021-22 Providing Cement Concrete Road to Adhivasi Street at Kovur Pt (80 m),"520,000"
16,Kovur,MGNREGS,2021-2022,CC Road,SC Habitation - 2021-22 Providing Cement Concrete Road to Ponniamman Koil Street at Kovur Pt (200 m),"1,300,000"
17,Kovur,MGNREGS,2021-2022,Culvert,General Habitation- Construction of RCC Slab Culvert 3.0 m near Vadakku mada Vethi at Kovur Panchayat,"798,000"
18,Kovur,15th CFC - VP,2021-2022,CC Road,Providing Cement Concrete Pavement to Selvaganapathy Nagar Road at Kovur Panchayat,"1,710,000"
19,Kovur,15th CFC - VP,2021-2022,OHT,Estimate for Construction of 20000 Lit OHT in Sathya Nagar at Kovur Panchayat,"745,000"
20,Kovur,15th CFC - VP,2021-2022,New Borewell,"Estimate for Drilling of new Borwell, Erection of Pumpset laying of 90mm Dia Pip lines in Manthoppu at Kovur Panchayat","538,000"
21,Kovur,SDRF-North East Monsoon,2021-2022,BT Road,"Providing Temporary Restoration to Ambal Nagar, Radhabay Nagar, Kumaran Nagar and Ponniamman Koil Street at Kouvr Village Panchayat","129,000"
22,Kovur,SIDS,2021-2022,School Renovation Work,Renovation to Panchayat Union Middle School South facing 2 Class Room School Building in Puthu Vattaraam at Kovur Panchayat,"75,000"
23,Kovur,SIDS,2021-2022,School Renovation Work,Renovation to Panchayat Union Middle School (West Facing - GF + FF) in Pudhu Vattaraam at Kovur Panchayat,"310,000"
24,Kovur,SIDS,2021-2022,School Renovation Work,Renovation to Panchayat Union Primary School 2 Class Room School Building in Kovur Village at Kovur Panchayat,"164,000"
25,Kovur,SIDS,2021-2022,School Renovation Work,Renovation to Panchayat Union Primary School 2 Class Room School Building No. 2 in Kovur Village at Kovur Panchayat,"72,500"
26,Kovur,SIDS,2021-2022,School Renovation Work,Renovation to Panchayat Union Primary School 2 Class Room School Building No. 3 in Kovur Village at Kovur Panchayat,"89,000"
27,Kovur,SIDS,2021-2022,Kitchen Shed Repairs,Renovation to Kitchen Shed Building in Panchayat Union Primary School Campus at Kovur Panchayat,"47,500"
28,Kovur,SIDS,2021-2022,School Toilet Repair,Renovation to School Toilet for Boys Girls in Panchayat Union Primary School Building Campus in Kovur Village at Kovur Panchayat,"64,500"
29,Kovur,SIDS,2021-2022,School Toilet Repair,Renovation to School Toilet for Girls in Panchayat Union Middle School Building Campus in Puthuvattaaram at Kovur Panchayat,"51,500"
30,Kovur,SIDS,2021-2022,School Toilet Repair,Renovation to School Toilet in Panchayat Union Middle School Building Campus in Puthuvattaaram at Kovur Panchayat,"75,500"
31,Kovur,SIDS,2021-2022,School Toilet Repair,Renovation to School Toilet No. 3 for Boys in Panchayat Union Primary School Building Campus in Kovur Village at Kovur Panchayat,"10,000"
32,Kovur,SIDS,2021-2022,New Borewell,"Drilling of new Borewell , Erection of Pumpset Laying of 90mm Dia Pipe Lines in Panchayat Union Primary school Campus at Kovur Panchayat","364,000"
33,Kovur,AGAMT library repair,2021-2022,Library Building Repair and Toilet Construction,"Renovation of Library building Reparis at Kovur,Kundrathur Panchayat.","137,000"
34,Kovur,AGAMT II,2021-2022,CC Road,providing cement concrete pavement (88m) to kumaran nagar 2nd street at kovur panchayat,"600,000"
35,Kovur,AGAMT II,2021-2022,CC Road,"Providing cement concrete pavement to Kumaran Nagar main cross street (198mx3,75m)","979,000"
36,Kovur,AGAMT II,2021-2022,CC Road,Providing Cement Concrete pavement to Natarajan Nagar 4th 5th Stret in Ponniyamman Nagar at Kovue Panchayat,"577,000"
37,Kovur,AGAMT II,2021-2022,CC Road,"Providing Cement Concrete pavement to Natarajan Nagar I, II $ III Street in Ponniyaman Nagar at Kovur Panchayat","835,000"
38,Kovur,AGAMT II,2021-2022,CC Road,Providing Concrete pavement to Kumaran Nagar 1st street (50X3.75M),"300,000"
39,Kovur,AGAMT II,2021-2022,Kitchen Shed,Construction of Kitchen Shed cum Store Building in Panchayat Union Middle Schgool in Manthoppu at Kovur Panchayat,"524,000"
40,Kovur,MGNREGS,2021-2022,Minor Bridge,Construction of Minor Bridge in SRS Nagar at Kovur Panchayat,"3,311,000"
41,Kovur,General Fund - BP,2021-2022,CC Road,Providing Cement Concrete pavement to Sankar street in Adhilakshmi Nagar at Kovur Panchayat (0m to 85m),"532,000"
42,Kovur,General Fund - BP,2021-2022,CC Road,Providing Cement Concrete pavement to Sankar street in Adhilakshmi Nagar at kovur Panchayat (85m to 164m),"494,000"
43,Kovur,MLACDS-Alandur,2021-2022,Reverse osmosis plant,Providing Reverse Osmosis Plant Container Model 1000 LPH in the Exsisting Borewell with Submerssible Pumpset in Ambal Nagar at Kovur Panchayat .,"725,000"
44,Kovur,15th CFC - DP,2021-2022,Drainage,Construction of Sewage water drain in Seeradi Sai Baba Avenue street in Ambal Nagar at Kovur Panchayat.,"2,500,000"
45,Kovur,AGAMT II,2021-2022,CC Road,Providing cement concrete pavement (116m) to Balakrishna nagar I II street Ponnalamman Nagar,"864,000"
46,Kovur,AGAMT II,2021-2022,CC Road,"Providing cement concrete pavement to SPE Avenue 1st to 5th streets in Ponniamman Nagar (218mx4,00m)","1,571,000"
47,Kovur,CMDA Fund,2022-2023,CC Road,Providing Cement concrete Pavement to VV Nagar Road at Kovur Panchayat.,543000
48,Kovur,CMDA Fund,2022-2023,CC Road,Providing Cement concrete Pavement to Vaachal Avenue Streets  at Kovur Panchayat.,1328000
49,Kovur,CMDA Fund,2022-2023,CC Road,Providing Cement concrete Pavement to VBR Avenue Main  Road  at Kovur Panchayat.,1782000
50,Kovur,CMDA Fund,2022-2023,CC Road,Providing Cement concrete Pavement to VBR Avenue III Street  at Kovur Panchayat.,1053000
51,Kovur,CMDA Fund,2022-2023,CC Road,Providing Cement concrete Pavement to Madura Avenue Main Road   at Kovur Panchayat.,2147000
52,Kovur,CMDA Fund,2022-2023,CC Road,Providing Cement concrete Pavement to Saikirupa Avenue Street  at Kovur Panchayat.,591000
53,Kovur,CMDA Fund,2022-2023,CC Road,Providing Cement concrete Pavement to Eswaran nagar Street  at Kovur Panchayat.,1661000
54,Kovur,CMDA Fund,2022-2023,CC Road,Providing Cement concrete Pavement to Muthumariamman Koil Street  at Kovur Panchayat.,770000
55,Kovur,CMDA Fund,2022-2023,CC Road,Providing Cement concrete Pavement to Ponni nagar at Kovur Panchayat.,1596000
56,Kovur,CMDA Fund,2022-2023,CC Road,Providing Cement concrete road chekkadi Ambal nagar III at Kovur Panchayat.,1337000
57,Kovur,CMDA Fund,2022-2023,CC Road,Providing Cement concrete Pavement to Moogambigai Nagar Extension  at Kovur Panchayat.,3362000
58,Kovur,CMDA Fund,2022-2023,CC Road,Providing Cement concrete Pavement to Sai garden main Road at Kovur Panchayat.,1685000
59,Kovur,CMDA Fund,2022-2023,CC Road,Providing Cement concrete Pavement to Sai Garden Streets at Kovur Panchayat.,1580000
60,Kovur,CMDA Fund,2022-2023,CC Road,Providing Cement concrete Pavement to Kovur Village Kumaran Nagar Ist Main Road at Kovur Panchayat.,956000
61,Kovur,CMDA Fund,2022-2023,CC Road,Providing Cement concrete Pavement to Kovur Village Kumaran Nagar II Main road  at Kovur Panchayat.,972000
62,Kovur,CMDA Fund,2022-2023,CC Road,Providing Cement concrete Pavement to Kovur Village Kumaran Nagar III Main road at Kovur Panchayat.,972000
63,Kovur,CMDA Fund,2022-2023,CC Road,Providing Cement concrete Pavement to Kovur Village Kumaran Nagar IV Main road  at Kovur Panchayat.,932000
64,Kovur,CMDA Fund,2022-2023,CC Road,Providing Cement concrete Pavement to Kovur Village SPE Avenue Street at Kovur Panchayat.,2552000
65,Kovur,CMDA Fund,2022-2023,CC Road,Providing Cement concrete Pavement to Kovur Village Radhabai V Street at Kovur Panchayat.,510000
66,Kovur,CMDA Fund,2022-2023,CC Road,Providing Cement concrete Pavement to Kovur Village Radhabai V Cross Street at Kovur Panchayat.,705000
67,Kovur,CMDA Fund,2022-2023,CC Road,Providing Cement concrete Pavement to Kovur Village Puthuvataram I Street at Kovur Panchayat.,713000
68,Kovur,CMDA Fund,2022-2023,CC Road,Providing Cement concrete Pavement to Kovur Village Puthuvattram II Street at Kovur Panchayat.,794000
69,Kovur,CMDA Fund,2022-2023,CC Road,Providing Cement concrete Pavement to Kovur Village Puthuvattraam III Street at Kovur Panchayat.,360000
70,Kovur,CMDA Fund,2022-2023,CC Road,Providing Cement concrete Pavement to Kovur Village South Mada Main Street at Kovur Panchayat.,2909000
71,Kovur,CMDA Fund,2022-2023,CC Road,Providing Cement concrete Pavement to Kovur Village North Mada Main Street at Kovur Panchayat.,2737000
72,Kovur,CMDA Fund,2022-2023,CC Road,Providing Cement concrete Pavement to Kovur Village East Mada Main Street at Kovur Panchayat.,2424000
73,Kovur,CMDA Fund,2022-2023,CC Road,Providing Cement concrete Pavement to Srinivasan nagar main road at Kovur Panchayat.,1790000
74,Kovur,CMDA Fund,2022-2023,CC Road,Providing Cement concrete Pavement to Annammal nagar main road at Kovur Panchayat.,1499000
75,Kovur,CMDA Fund,2022-2023,CC Road,Providing Cement concrete Pavement to sarada nagar main Ist street at Kovur Panchayat.,1377000
76,Kovur,CMDA Fund,2022-2023,CC Road,Providing Cement concrete Pavement to sarada nagar main IInd street at Kovur Panchayat.,1385000
77,Kovur,CMDA Fund,2022-2023,Drainage,Providing storm water drain to Kovur  kulakarai Street at Kovur Panchayat.,891000
78,Kovur,CMDA Fund,2022-2023,Drainage,Providing storm water drain to madha nagar Ist street with cover slab at Kovur Panchayat.,2025000
79,Kovur,CMDA Fund,2022-2023,Drainage,Providing storm water drain to madha nagar IInd street with cover slab at Kovur Panchayat.,1499000
80,Kovur,CMDA Fund,2022-2023,Park,"Improvements to Park at Akshaya OSR in Kovur Panchayat (Size of 110mx30m)(Park, Pathway & Compound wall) at Kovur Panchayat.",3000000
81,Kovur,15th CFC - VP,2022-2023,OHT,Repairs to 30000 litre OHT tank in Adam Nagar 1 no,"87,000"
82,Kovur,SBM(G),2022-2023,Battery Car,Purchase of E-cart Kovoor Panchayat,"292,964"
83,Kovur,15th CFC - BP,2022-2023,Anganwadi Repairs,Providing Renovation to the Angnvadi Building in Kovur colony at kovur panchayat,"242,000"
84,Kovur,SBM(G),2022-2023,Battery Car,Purchase of E-cart @ Kovoor Panchayat,"292,964"
85,Kovur,MGNREGS,2022-2023,Desilting of Supply Channel,Strom water Earthern drain in Kovuran Kalvai at Kovur Panchayat (1800 m) 2022-23,"505,548"
86,Kovur,MGNREGS,2022-2023,Desilting of Supply Channel,Strom water Earthern drain in Thotathu Kalvai at Kovur Panchayat ( 1900 m) 2022-23,"500,000"
87,Kovur,MGNREGS,2022-2023,Moringa nursery,Formation of Moringa nursery at Kovur Pt 1000 nos,"131,000"
88,Kovur,MLACDS-Alandur,2022-2023,school toilet,Constrution of Girls Toilet in Government PUMS at Kovur Village at Kovur Panchayat,"591,000"
89,Kovur,MPLADS-LS-Sriperumbudur,2022-2023,Community Centre,"Construction of Community Hall at Kovur panchayat - Manthoppu area, Kundrathur Block","5,000,000"
90,Kovur,General Fund - BP,2022-2023,CC Road,Providing cement concrete pavement to venkateswara nagar main extension road at kovur pamchayat,"315,000"
91,Kovur,15th CFC - DP,2022-2023,School Renovation Work,Providing Renovation to the Panchayat Union Middle School 3 Class Room Building in West Facing in First Floor at Kovur Panchayat,"287,000"
92,Kovur,15th CFC - DP,2022-2023,School Renovation Work,Providing Renovation to the Panchayat Union Middle School 5 Class Room Building in West Facing Ground Floor at Kovur Panchayat,"457,000"
93,Kovur,15th CFC - DP,2022-2023,School Renovation Work,Providing Renovation to the Panchayat Union Primary School 2 Class Room Building in East Facing at Kovur Panchayat,"134,000"
94,Kovur,15th CFC - DP,2022-2023,School Renovation Work,"Providing Renovation to the Panchayat Union Primary School 2 Class Room Building in East Facing No.2, at Kovur Panchayat","117,000"
95,Kovur,15th CFC - DP,2022-2023,School Renovation Work,"Providing Renovation to the Panchayat Union Primary School 2 Class Room Building in East Facing No.3, at Kovur Panchayat","139,000"
96,Kovur,15th CFC - BP,2022-2023,School Renovation Work,Renovation to anganwadi Building in Manthopu PUMS School Campus at Kovur Panchayat,"171,000"
97,Kovur,15th CFC - VP,2022-2023,CC Road,providing cement platform at mcc,"53,008"
98,Kovur,15th CFC - VP,2022-2023,CC Road,providing cement platform at mcc,"53,013"
99,Kovur,15th CFC - VP,2022-2023,OHT,Repairs to 30000 litre OHT tank in Darmaraja koil street 1 no,"87,000"
100,Kovur,15th CFC - VP,2022-2023,OHT,Repairs to 60000 litre OHT tank in Darmaraja koil street 1 no,"103,000"
101,Kovur,15th CFC - VP,2022-2023,OHT,Repairs to 60000 litre OHT tank in Kovur village 2 nos,"226,024"
102,Kovur,15th CFC - VP,2022-2023,Battery Car,Purchase of new E- cart 2 nos @ Kovur panchayat,"200,000"
103,Kovur,15th CFC - VP,2022-2023,CC Road,"Providing cement concrete pavement to Venkateshwara Nagar MAin road, Thiruvalluvar Road","1,595,000"
104,Kovur,15th CFC - VP,2022-2023,Payment to EB,Settlement to EB Dues @ Kovur Panchayat,"442,972"
105,Kovur,Construction of New and Additional Classroom Schoool Buildings,2022-2023,School - PU-Middle School,Construction Four Class Room Building (PUMS) in Pudhuvattaram at Kovur Panchayat,"7,250,000"
106,Kovur,Mudalvarin Grama Saalaigal Membattu Thittam (MGSMT),2022-2023,CC Road,Kovur Kumaran nagar road,"4,804,000"
107,Kovur,MGNREGS,2022-2023,Desilting of Supply Channel,Strom Water Earthern drain in Madura Avenue Srinivasa Nagar Street at Kovur Pt (2000 m)2022-23,"550,000"
108,Kovur,15th CFC - VP,2022-2023,Drainage,Storm Water Drain in SRS Nagar Main Road,"963,000"
109,Kovur,MGNREGS,2022-2023,CC Road,Gen Habitation - Providing Pavar block Pavement to Kanniappan Garden at Kovur Pt (85 m)2022-23,"601,200"
110,Kovur,MGNREGS,2022-2023,CC Road,Gen Hab - Providing Pavar block Pavement to Balu Street at Kovur Panchayat (165 m)2022-23,"1,165,000"
111,Kovur,15th CFC - VP,2022-2023,OHT,Repairs to 30000 litre OHT tank in Athilakshmi nagar 1 no,"87,000"
112,Kovur,MLACDS-Alandur,2022-2023,Anganwadi,Construction of Anganwadi building in Ambal Nagar Kovur Panchayat @ Kundrathur block,"1,357,000"
113,Kovur,15th CFC - VP,2022-2023,OHT,Repairs to 60000 litre OHT tank in Ambal nagar 1 no,"103,000"
114,Kovur,15th CFC - VP,2022-2023,New Borewell,providing borewell and pumpset at ambal nagar 1,"439,984"
115,Kovur,General Fund - BP,2022-2023,CC Road,Providing cement concrete pavement to ponniamman nagar cross streets at kovur panchayat,"583,000"
116,Kovur,General Fund - BP,2022-2023,CC Road,Providing cement concrete pavement to ponniamman nagar main road at kovur panchayat,"488,000"
117,Kovur,15th CFC - VP,2022-2023,OHT,Repairs to 60000 litre OHT tank in Balaji nagar 1 no,"103,000"
118,Kovur,SBM(G),2023-2024,Battery Car,Procurement of E-Cart -4 Kovoor Panchayat,"252,750"
119,Kovur,PM-JANMAN (PMAY-G),2023-2024,PMJANMAN,Construction of New House Under PM-JANMAN (PMAY-G) for Vijaya R F/H of Raja G,"507,000"
120,Kovur,SBM(G),2023-2024,Battery Car,Procurement of E-Cart -1 Kovoor Panchayat,"252,750"
121,Kovur,MGNREGS,2023-2024,Rural Sports Centre,Providing Rural Sports Centre (TYPE C) for 2024-25 Kovur OSR Land S.No.340 at Kovur Panchayat,"60,000"
122,Kovur,MLACDS-Alandur,2023-2024,Bus Shelter,"Construction of Bus Stand Improvement in Kovur Village at kovur Panchayat, Kundrathur Panchayat Union.","4,500,000"
123,Kovur,General Fund - BP,2023-2024,CC Road,Providing cement concrete pavement to Perumal Kovil Street in kovur village at Kovur panchayat,"1,503,000"
124,Kovur,General Fund - BP,2023-2024,Compound Wall,Construction of Compound Wall around Village Panchayat Office @ Kovur Panchayat,"760,000"
125,Kovur,General Fund - VP,2023-2024,CC Road,Providing Cement concrete Culvert to Eswaran streets,"1,717,000"
126,Kovur,General Fund - VP,2023-2024,CC Road,Providing Cement concrete pavement Culvert to Eswaran cross street,"1,280,000"
127,Kovur,15th CFC - VP,2023-2024,Purchase of Tractor,Purchs of Tractor,"600,000"
128,Kovur,15th CFC - VP,2023-2024,Battery Car,Purchasing of E cart in Nos,"360,000"
129,Kovur,SBM(G),2023-2024,Battery Car,Procurement of E-Cart -2 Kovoor Panchayat,"252,750"
130,Kovur,SBM(G),2023-2024,Purchase of Tractor,Procurement of Motorized Vehicle - Tractor With Trailer for Kovur Village panchayat 1,"992,000"
131,Kovur,SBM(G),2023-2024,Purchase of Tractor,Procurement of Motorized Vehicle - Tractor With Trailer for Kovur Village panchayat 2,"992,000"
132,Kovur,Peri Urban Panchayat - CMDA Fund,2023-2024,CC Road,Providing Cement Concrete Road at Perumal koil street,"938,000"
133,Kovur,Peri Urban Panchayat - CMDA Fund,2023-2024,CC Road,Providing Cement Concrete Road at Pillaiyar koil street,"878,000"
134,Kovur,Michaung Flood Damaged Roads,2023-2024,CC Road,Providing Cement Concrete Road to KS Road to South Mada Street,"424,000"
135,Kovur,Michaung Flood Damaged Roads,2023-2024,CC Road,Providing Cement Concrete Road to Kulakarai Street,"1,211,000"
136,Kovur,SSA Integrated School Building,2023-2024,Repair to Smart Class,Renovation of Single Class Room for Smart Class in PUPS Kovur @ Kovur Panchayat,"90,000"
137,Kovur,Peri Urban Panchayat - CMDA Fund,2023-2024,CC Road,Providing Cement Concrete Road at Arputharaj,"1,196,000"
138,Kovur,Peri Urban Panchayat - CMDA Fund,2023-2024,CC Road,Providing Cement Concrete Road at Arul sreet,"1,225,000"
139,Kovur,Peri Urban Panchayat - CMDA Fund,2023-2024,CC Road,Providing Cement Concrete Road at Balamurugan street,"1,846,000"
140,Kovur,Peri Urban Panchayat - CMDA Fund,2023-2024,CC Road,Providing Cement Concrete Road at Jayaram nagar main and c ross stret,"1,833,000"
141,Kovur,Peri Urban Panchayat - CMDA Fund,2023-2024,CC Road,Providing Cement Concrete Road at Venkaeshwara nagar,"980,000"
142,Kovur,SBM(G),2023-2024,Battery Car,Procurement of E-Cart -3 Kovoor Panchayat,"252,750"
143,Kovur,Michaung Flood Damaged Roads,2023-2024,CC Road,Providing Cement Concrete Road to Madura Avenue Main Road,"2,172,000"
144,Kovur,15th CFC - VP,2023-2024,OHT,Construction of 200000 lit OHT with borewell and pipe line at perumal koil,"1,281,797"
145,Kovur,Peri Urban Panchayat - CMDA Fund,2023-2024,CC Road,Providing Cement Concrete Road at Jeyamkondan Street,"378,000"
146,Kovur,Peri Urban Panchayat - CMDA Fund,2023-2024,CC Road,Providing Cement Concrete Road at Kabilar Street,"574,000"
147,Kovur,Peri Urban Panchayat - CMDA Fund,2023-2024,CC Road,Providing Cement Concrete Road at Kambar Street,"1,750,000"
148,Kovur,Peri Urban Panchayat - CMDA Fund,2023-2024,CC Road,Providing Cement Concrete Road at Nehru street,"1,218,000"
149,Kovur,Peri Urban Panchayat - CMDA Fund,2023-2024,CC Road,Providing Cement Concrete Road at Thiruvalluvar Street,"784,000"
150,Kovur,Peri Urban Panchayat - CMDA Fund,2023-2024,BT Road,Kovur Ambal nagar road Km 0/0 -0/515,"2,523,000"
151,Kovur,Michaung Flood Damaged Roads,2023-2024,CC Road,Providing of Cement Concrete Road to Agathiyar Street,"265,000"
152,Kovur,Michaung Flood Damaged Roads,2023-2024,CC Road,"Providing of Cement Concrete Road to Avvayar Street, Jeyachandran Street Gandhi Street","718,000"
153,Kovur,Michaung Flood Damaged Roads,2023-2024,CC Road,Providing of Cement Concrete Road to Bharathidasan Street,"835,000"
154,Kovur,Peri Urban Panchayat - CMDA Fund,2023-2024,CC Road,Providing Cement Concrete Road at Ambal Nagar II Main Road,"2,130,000"
155,Kovur,Peri Urban Panchayat - CMDA Fund,2023-2024,CC Road,Providing Cement Concrete Road at Ambal Nagar II Main Road Extension,"1,020,000"
156,Kovur,Peri Urban Panchayat - CMDA Fund,2023-2024,CC Road,Providing Cement Concrete Road at Ambal Nagar II Main Road Extension Cross Street,"1,065,000"
157,Kovur,Peri Urban Panchayat - CMDA Fund,2023-2024,CC Road,Providing Cement Concrete Road at Bathmavathi Street,"1,106,000"
158,Kovur,Peri Urban Panchayat - CMDA Fund,2023-2024,CC Road,Providing Cement Concrete Road to Ponniyamman Nagar Radha Bhai Nagar Main Road Kovur Panchayat,"1,515,000"
159,Kovur,Michaung Flood Damaged Roads,2023-2024,CC Road,Providing Cement Concrete Road to Thiruchendurpuram,"1,753,000"
160,Kovur,Michaung Flood Damaged Roads,2023-2024,CC Road,Providing Cement Concrete Road to VV Nagar Extension,"1,242,000"
161,Kovur,NNT,2023-2024,Drainage,Construction of Storm Water drain with RCC RCC Cover Slab and Manholes in Annammal Nagar Road at Kovur Panchayat. (General Habitation 1/3),"1,190,000"
162,Kovur,General Fund - BP,2023-2024,Drainage,Construction of Storm Water Drain with RCC cover slab Manholes in K.K.Nagar Link Road @ Kovur Panchayat,"930,000"
163,Kovur,Michaung Flood Damaged Roads,2023-2024,CC Road,Providing Cement Concrete Road to Annamal Nagar I Street,"676,000"
164,Kovur,Michaung Flood Damaged Roads,2023-2024,CC Road,Providing Cement Concrete Road to Arunachala Nagar,"1,339,000"
165,Kovur,Michaung Flood Damaged Roads,2023-2024,CC Road,Providing Cement Concrete Road to Sunderasan Nagar,"1,932,000"
166,Kovur,15th CFC - VP,2024-2025,PDS outlet,Renovation Of PDS Building at Dharmaraj Koil Street,"150,000"
167,Kovur,15th CFC - VP,2024-2025,Pipeline Extension,Providing Pipeline Moogambigai Nagar to Manthoppu @ Kovur Panchayat (0m to 540m),"325,000"
168,Kovur,15th CFC - VP,2024-2025,Wire Fencing,Providing Fencing Arrangement to 30000 Ir OHT at Dharmaraja Koil Street,"40,000"
169,Kovur,PM-JANMAN (PMAY-G),2024-2025,PMJANMAN,Construction of New House Under PM-JANMAN (PMAY-G) for Chandra Kannayiram F/H of Kannayiram,"507,000"
170,Kovur,PM-JANMAN (PMAY-G),2024-2025,PMJANMAN,Construction of New House Under PM-JANMAN (PMAY-G) for Padma Munusamy F/H of Munusamy,"507,000"
171,Kovur,PM-JANMAN (PMAY-G),2024-2025,PMJANMAN,Construction of New House Under PM-JANMAN (PMAY-G) for Valli Natesan F/H of Natesan,"507,000"
172,Kovur,PM-JANMAN (PMAY-G),2024-2025,PMJANMAN,Construction of New House Under PM-JANMAN (PMAY-G) for Yashodha Subramani F/H of Subramani,"507,000"
173,Kovur,Repairs to Rural House(Const.before 2001),2024-2025,House - Minor Repairs (RRH),Construction of House - Minor Repairs (RRH) Under Repairs to Rural House(Const.before 2001) for S.Rajashwari F/H of Shanmugam,"49,000"
174,Kovur,Iyothee Thass Pandithar Habitation Development Scheme,2024-2025,Burial Ground,Providing Improvements to Burial Ground – Cement Concrete Pavement (94m) Construction of Compound wall in Kovur colony,"948,000"
175,Kovur,Kalaignarin Kanavu Illam - Model House,2024-2025,KKI,Construction of New House Under Kalaignarin Kanavu Illam for Rosi F/H of Samual,"350,000"
176,Kovur,Repairs to Rural House(Const.before 2001),2024-2025,House - Minor Repairs (RRH),Construction of House - Minor Repairs (RRH) Under Repairs to Rural House(Const.before 2001) for Aarumugam F/H of CHINNAKUZHANTHAI,"50,000"
177,Kovur,Repairs to Rural House(Const.before 2001),2024-2025,House - Minor Repairs (RRH),Construction of House - Minor Repairs (RRH) Under Repairs to Rural House(Const.before 2001) for Arikesan F/H of Sundram,"50,000"
178,Kovur,Repairs to Rural House(Const.before 2001),2024-2025,House - Minor Repairs (RRH),Construction of House - Minor Repairs (RRH) Under Repairs to Rural House(Const.before 2001) for Perumal F/H of KUPPAN,"49,000"
179,Kovur,Repairs to Rural House(Const.before 2001),2024-2025,House - Minor Repairs (RRH),Construction of House - Minor Repairs (RRH) Under Repairs to Rural House(Const.before 2001) for Tikkaram.M F/H of MUNUSAMY,"50,000"
180,Kovur,Kalaignarin Kanavu Illam,2024-2025,KKI,Construction of New House Under Kalaignarin Kanavu Illam for Sangeetha F/H of Ravi,"310,000"
181,Kovur,MLACDS-Alandur,2024-2025,Bus Shelter,"Construction of Bus Shelter at Kovur Bus Stop Towards Kundrathur Side, Kundrathur Panchayat Union.","790,000"
182,Kovur,MLACDS-Alandur,2024-2025,Bus Shelter,"Construction of Bus Shelter at Kovur Bus Stop towards Porur Side, Kundrathur Panchayat Union.","790,000"
183,Kovur,MLACDS-Alandur,2024-2025,Bus Shelter,"Construction of Bus Shelter at Kovur EB Office Bus Stop, Kundrathur Panchayat Union","790,000"
184,Kovur,MLACDS-Alandur,2024-2025,Bus Shelter,"Providing Bus Stand Extension at Kovur EB Bus Stand, Kundrathur Panchayat Union.","1,000,000"
185,Kovur,MPLADS-LS-Sriperumbudur,2024-2025,Community Centre,"Construction of First Floor for Community Hall at Manthoppu Kovur Panchayat, Kundrathur Panchayat Union.","5,000,000"
186,Kovur,General Fund - BP,2024-2025,CC Road,Providing Cement Concrete Pavement to Perumal Koil Cross Street at Kovur,"1,277,000"
187,Kovur,15th CFC - VP,2024-2025,New Borewell,Providing Pipe Line to Venkateshwara Extn 426m,"150,000"
188,Kovur,15th CFC - VP,2024-2025,Wire Fencing,Providing Fencing Arrangement to 30000 Ir OHT at Ambal Nagar 1,"40,000"
189,Kovur,15th CFC - VP,2024-2025,Wire Fencing,Providing Fencing Arrangement to 30000 Ir OHT at Ambal Nagar II,"40,000"
190,Kovur,Kalaignarin Kanavu Illam,2024-2025,KKI,Construction of New House Under Kalaignarin Kanavu Illam for Rajendhiran F/H of Munusamy,"310,000"
191,Kovur,15th CFC - VP,2024-2025,Pipeline Extension,Providing Pipe Line to VGN Main Road to Ponniyamman Nagar 900m,"315,000"
192,Kovur,Kalaignarin Kanavu Illam,2024-2025,KKI,Construction of New House Under Kalaignarin Kanavu Illam for KALYANI F/H of RAJAMANICKAM,"310,000"
193,Kovur,15th CFC - VP,2024-2025,New Borewell,Porviding Pipe Line to Thiruchendurpuram 200m,"71,035"
194,Kovur,15th CFC - VP,2024-2025,New Borewell,Providing Pipe Line to Sai Garden 510m,"179,000"
195,Kovur,15th CFC - VP,2024-2025,Wire Fencing,Providing Fencing Arrangement to 30000 Ir OHT at Ponni Nagar,"40,000"
196,Kovur,15th CFC - VP,2024-2025,New Borewell,Providing Pipe Line to Mogambi Nagar Extn 450m,"158,000"
197,Kovur,15th CFC - VP,2024-2025,Drainage,Construction of Drainage at Annammal Nagar IIIrd street (0m to 94m) (Thirunavukarasu to manjula ),"624,035"
198,Kovur,15th CFC - VP,2024-2025,Drainage,Construction of Drainage at Annammal Nagar Ist street (0m to 98m) (Premkumar to Kanniyappan),"686,000"
199,Kovur,15th CFC - VP,2024-2025,Drainage,"Construction of Drainage at Annammanl Nagar 2nd Street, (0m to 170 m) Vasanthiragavan House to Padmanaban House)","1,107,713"
200,Kovur,15th CFC - VP,2024-2025,Drainage,"Construction of Drainage at Annammanl Nagar 2nd Street, (0m to 79 m) Karthigeyan House to Renugadeci House)","553,000"
201,Kovur,15th CFC - VP,2024-2025,Equipment for SWM (including safety equipment),Procurement of Thuimai Kavalai Safety Kits-16 @ Kovoor Panchayat,"48,000"
202,Kovur,Kalaignarin Kanavu Illam,2024-2025,KKI,Construction of New House Under Kalaignarin Kanavu Illam for Vasantha Ramasamy F/H of Ramasamy,"310,000"
203,Kovur,CMDA Special Fund,2025-2026,CC Road,roviding Cement Concrete Pavement to Aadham Nagar 1st Street at Kovur Panchayat,"524,000"
204,Kovur,15th CFC - VP,2025-2026,CC Road,Providing cement road at Dharmaraja Kovil Cross Street (76m),"571,012"
205,Kovur,CMDA Special Fund,2025-2026,CC Road,Providing Cement Concrete Pavement to Community Hall Approach Road at Kovur Panchayat,"675,000"
206,Kovur,CMDA Special Fund,2025-2026,Drainage,Construction of Storm Water Drain in Varadammal street at Kovur Panchayat,"942,000"
207,Kovur,CMDA Special Fund,2025-2026,CC Road,Providing Cement Concrete pavement to Indra Nagar Cross Street at Kovur Panchayat,"708,000"
208,Kovur,CMDA Special Fund,2025-2026,Drainage,Providing Storm Water Drain to Indra Nagar Cross Street at Kovur Panchayat,"701,000"
209,Kovur,MLACDS-Alandur,2025-2026,Bus Shelter,Construction of Bus Shelter in Kovoor Colony at Kovoor Panchayat.,"800,000"
210,Kovur,Kalaignarin Kanavu Illam,2025-2026,KKI,Construction of New House Under Kalaignarin Kanavu Illam for AMUTHA F/H of PERIYASAMY,"310,000"
211,Kovur,Kalaignarin Kanavu Illam,2025-2026,KKI,Construction of New House Under Kalaignarin Kanavu Illam for BOOBALAN.A F/H of ANBAZHAGAN.D,"310,000"
212,Kovur,Kalaignarin Kanavu Illam,2025-2026,KKI,Construction of New House Under Kalaignarin Kanavu Illam for ELLAMMAL F/H of KANNAN,"310,000"
213,Kovur,Kalaignarin Kanavu Illam,2025-2026,KKI,Construction of New House Under Kalaignarin Kanavu Illam for JAYALAKSHMI F/H of RAMU,"310,000"
214,Kovur,Kalaignarin Kanavu Illam,2025-2026,KKI,Construction of New House Under Kalaignarin Kanavu Illam for LAKSHMANAN F/H of VELU,"310,000"
215,Kovur,Kalaignarin Kanavu Illam,2025-2026,KKI,Construction of New House Under Kalaignarin Kanavu Illam for MURALI F/H of MUNUSAMY,"310,000"
216,Kovur,Kalaignarin Kanavu Illam,2025-2026,KKI,Construction of New House Under Kalaignarin Kanavu Illam for PAZHANI F/H of MUNUSAMY,"310,000"
217,Kovur,Kalaignarin Kanavu Illam,2025-2026,KKI,Construction of New House Under Kalaignarin Kanavu Illam for PUSHPARAJ F/H of GAYATHIRI,"310,000"
218,Kovur,Kalaignarin Kanavu Illam,2025-2026,KKI,Construction of New House Under Kalaignarin Kanavu Illam for RAGHUNATH F/H of SEKAR,"310,000"
219,Kovur,Kalaignarin Kanavu Illam,2025-2026,KKI,Construction of New House Under Kalaignarin Kanavu Illam for SURESH F/H of APPADURAI,"310,000"
220,Kovur,Kalaignarin Kanavu Illam,2025-2026,KKI,Construction of New House Under Kalaignarin Kanavu Illam for THAMBIRAN F/H of CHINNAPPU,"310,000"
221,Kovur,Kalaignarin Kanavu Illam,2025-2026,KKI,Construction of New House Under Kalaignarin Kanavu Illam for THAMODHARAN F/H of LOGANATHAN,"310,000"
222,Kovur,Kalaignarin Kanavu Illam,2025-2026,KKI,Construction of New House Under Kalaignarin Kanavu Illam for VIAJYAN F/H of ARUMUGAM,"310,000"
223,Kovur,Kalaignarin Kanavu Illam,2025-2026,KKI,Construction of New House Under Kalaignarin Kanavu Illam for VIJAYAKUMAR F/H of MURUGAN,"310,000"
224,Kovur,Kalaignarin Kanavu Illam,2025-2026,KKI,Construction of New House Under Kalaignarin Kanavu Illam for VINAYAGAM F/H of ARUMUGAM,"310,000"
225,Kovur,CMDA Special Fund,2025-2026,CC Road,Providing Paver block road to Anganwadi at Kovur colony,"675,000"
226,Kovur,MGNREGS,2025-2026,Avenue Tree Plantation,Formation of Avenue Tree Plantation 2025 2026 Kumaran Nagar Road at Kovur panchayat (200 Nos) - 2.50 km,"117,795"
227,Kovur,MGNREGS,2025-2026,Institutional plantation,"Formation of 2025-26 All other Plantation Institutional plantation (20 Nos), Home Plantation 24-25=5,25-26=24 (29 * 2=58 Nos) at Kovur Panchayat","37,850"
228,Kovur,MLACDS-Alandur,2025-2026,Bus Shelter,Construction of Bus Shelter in Chekkadi Area at Kovoor Panchayat.,"800,000"
229,Kovur,15th CFC - VP,2025-2026,CC Road,Providing cement road at srineevasha nagar 1st cross street (86m),"645,000"
230,Kovur,15th CFC - VP,2025-2026,Pipeline Extension,Providing Pipe Line Extension in Madura Avenue (517m),"183,659"
231,Kovur,15th CFC - VP,2025-2026,Pipeline Extension,Providing Pipe Line Extension in Ponniyamman kovil Street to Kovur Colony (1120m),"459,200"
232,Kovur,15th CFC - VP,2025-2026,Pipeline Extension,Providing Pipe Line Extension in Sathiya Nagar Main and Cross Street (450m),"96,250"
233,Kovur,Kalaignarin Kanavu Illam,2025-2026,KKI,Construction of New House Under Kalaignarin Kanavu Illam for GOWRI F/H of ARMUGAM,"310,000"
234,Kovur,Mudalvarin Grama Saalaigal Membattu Thittam(MGSMT) - Phase - III,2025-2026,BT Road,Strengthening of Kovur Pattu Road Km 0/0-0/425 (R-52) in Kovur Panchayat,"4,250,000"
235,Kovur,CMDA Special Fund,2025-2026,CC Road,Providing Cement Concrete Pavement to North Mada Street Nagar Thiruvallur Street at Kovur Panchayat,"652,000"
236,Kovur,CMDA Special Fund,2025-2026,CC Road,Providing cement concrete pavement to RV Nagar main road and cross street at Kovur Panchayat,"1,839,000"
237,Kovur,CMDA Special Fund,2025-2026,CC Road,Providing Cement Concrete pavement to Venkateswara Nagar Extension Street at Kovur Village Panchayat,"2,000,000"
238,Kovur,CGF Savings Fund - Infra,2025-2026,CC Road,Construction of Storm Water Drain with RCC Slab Culverts 5 Numbers in Moogambigai Nagar Main Road Cross Streets @ Kovur Panchayat,"1,353,000"
239,Kovur,CGF Savings Fund - Infra,2025-2026,CC Road,Providing Cement Concrete pavement to Adhilakshmi nagar Street @ Kovur Panchayat,"1,770,000"
240,Kovur,CGF Savings Fund - Infra,2025-2026,CC Road,Providing Cement Concrete pavement to Annammal nagar Main Road Cross Streets @ Kovur Panchayat,"3,033,000"
241,Kovur,CGF Savings Fund - Infra,2025-2026,CC Road,Providing Cement Concrete pavement to Moogambigai nagar Main Road II Cross Street @ Kovur Panchayat,"1,727,000"
242,Kovur,CGF Savings Fund - Infra,2025-2026,Drainage,Construction of Storm Water Drain with RCC Slab Culverts 5 Numbers in Moogambigai Nagar Main Road Cross Streets @ Kovur Panchayat,"3,651,000"
243,Kovur,15th CFC - VP,2025-2026,Pipeline Extension,Providing Pipe Line Extension in Sathiya Nagar at Vadakazhani (520m),"313,200"
244,Kovur,Kalaignarin Kanavu Illam,2025-2026,KKI,Construction of New House Under Kalaignarin Kanavu Illam for Jayanthi Elumalai F/H of Eluamalai,"310,000"
245,Kovur,Kalaignarin Kanavu Illam,2025-2026,KKI,Construction of New House Under Kalaignarin Kanavu Illam for KUMARI F/H of LOGAIYYA,"310,000"
246,Kovur,15th CFC - VP,2025-2026,CC Road,Providing cement Road at Adhilakshmi Nagar Sirram Street (73m),"558,326"
247,Kovur,CMDA Special Fund,2025-2026,CC Road,Providing Cement Concrete pavement to Madura Avenue Abdul Kalam Street at Kovur Panchayat,"369,000"
248,Kovur,CMDA Special Fund,2025-2026,CC Road,Providing Cement Concrete pavement to Madura Avenue Arumugam Street at Kovur Panchayat,"512,000"
249,Kovur,CMDA Special Fund,2025-2026,CC Road,Providing Cement Concrete pavement to Madura Avenue Kalyani Nagar Street at Kovur Panchayat,"808,000"
250,Kovur,CMDA Special Fund,2025-2026,CC Road,Providing Cement Concrete pavement to Madura Avenue Vivekananda Street at Kovur Panchayat,"924,000"
251,Kovur,CMDA Special Fund,2025-2026,Drainage,Construction of Storm Water Drain Srinivasa Nagar Street at Kovur Panchayat,"634,000"
252,Kovur,CGF Savings Fund - Infra,2025-2026,CC Road,Providing Cement Concrete pavement to Menaka Street @ Kovur Panchayat,"1,619,000"
253,Kovur,CMDA Special Fund,2025-2026,CC Road,Providing Cement Concrete pavement to Seeradi Sai Street at Kovur Panchayat,"572,000"
254,Kovur,CGF Savings Fund - Infra,2025-2026,Drainage,Construction of Storm Water Drain with RCC Cover Slab in Seeradi Sai Street @ Kovur Panchayat,"1,098,000"
255,Kovur,CGF Savings Fund - Infra,2025-2026,Drainage,Construction of Storm Water Drain in Ambal nagar III Chekkadi Street @ Kovur Panchayat,"2,010,000"
256,Kovur,15th CFC - VP,2025-2026,Pipeline Extension,Providing Pipe Line Extension in Ponniyamman Nagar at Vadakazhani (420m),"278,445"
257,Kovur,Kalaignarin Kanavu Illam,2025-2026,KKI,Construction of New House Under Kalaignarin Kanavu Illam for Indra Ravi F/H of Ravi,"310,000"
258,Kovur,CMDA Special Fund,2025-2026,CC Road,Providing Cement Concrete pavement to Radha Bhai Nagar 3rd Street at Kovur Panchayat,"944,000"
259,Kovur,CMDA Special Fund,2025-2026,CC Road,Providing Cement Concrete Pavement to VGN Nagar main road and cross street at Kovur Panchayat,"2,908,000"
260,Kovur,CMDA Special Fund,2025-2026,CC Road,Providing Cement Concrete Pavement to Akashaya Park Road at Kovur Panchayat,"1,427,000"
261,Kovur,CMDA Special Fund,2025-2026,CC Road,Providing Cement Concrete pavement to Kumaran Nagar 8th Cross Street at Kovur Panchayat,"676,000"
262,Kovur,CMDA Special Fund,2025-2026,CC Road,Providing Cement Concrete pavement to Kumaran Nagar Palani Street at Kovur Panchayat,"278,000"
263,Kovur,CMDA Special Fund,2025-2026,CC Road,Providing Cement Concrete pavement to Kumar Nagar Raj Avenue Street at Kovur Panchayat,"396,000"
264,Kovur,CMDA Special Fund,2025-2026,CC Road,Providing cement concrete pavement to Narayana nagar main road and cross street at Kovur Panchayat,"1,985,000"
265,Kovur,CMDA Special Fund,2025-2026,CC Road,Providing Cement Concrete pavement to Sannathi Street at Kovur Panchayat,"636,000"
266,Kovur,CMDA Special Fund,2025-2026,CC Road,Providing Cement Concrete Pavement to Shanthi Nagar at Kovur Panchayat,"937,000"
267,Kovur,CMDA Special Fund,2025-2026,Drainage,Construction of Storm Water Drain Sannathi Street at Kovur Panchayat,"675,000"
268,Kovur,CGF Savings Fund - Infra,2025-2026,CC Road,Providing Cement Concrete pavement to Babu Garden I Cross Road @ Kovur Panchayat,"826,000"
269,Kovur,CGF Savings Fund - Infra,2025-2026,CC Road,Providing Cement Concrete pavement to Babu Garden II Main Road @ Kovur Panchayat,"928,000"
270,Kovur,CGF Savings Fund - Infra,2025-2026,CC Road,Providing Cement Concrete pavement to Babu garden IV Cross Street @ Kovur Panchayat,"674,000"
271,Kovur,CGF Savings Fund - Infra,2025-2026,CC Road,Providing Cement Concrete pavement to Babu Garden Main Road @ Kovur Panchayat,"2,456,000"
272,Kovur,CGF Savings Fund - Infra,2025-2026,CC Road,Providing Cement Concrete pavement to VV Nagar 1st Street @ Kovur Panchayat,"410,000"
273,Kovur,CGF Savings Fund - Infra,2025-2026,CC Road,Providing Cement Concrete pavement to VV Nagar 3rd Street @ Kovur Panchayat,"1,150,000"
274,Kovur,CGF Savings Fund - Infra,2025-2026,CC Road,Providing Cement Concrete pavement to VV Nagar 4th Street @ Kovur Panchayat,"1,150,000"
275,Kovur,CMDA Special Fund,2025-2026,CC Road,Providing Cement Concrete Pavement to EB Office Approach Road at Kovur Panchayat,"415,000"
276,Kovur,CMDA Special Fund,2025-2026,CC Road,Providing cement concrete pavement to Eswaran nagar main road at Kovur Panchayat,"1,105,000"
277,Kovur,CMDA Special Fund,2025-2026,CC Road,Providing Cement Concrete pavement to Madha Nagar 1st Street at Kovur Panchayat,"556,000"
278,Kovur,CMDA Special Fund,2025-2026,CC Road,Providing Cement Concrete pavement to Madha Nagar 2nd Street at Kovur Panchayat,"955,000"
279,Kovur,CMDA Special Fund,2025-2026,CC Road,Providing Cement Concrete pavement to Moogambigai Nagar 1st Street at Kovur Panchayat,"1,185,000"
280,Kovur,CMDA Special Fund,2025-2026,CC Road,Providing Cement Concrete Pavement to Periyar Street in KK Nagar at Kovur Panchayat,"983,000"
281,Kovur,CMDA Special Fund,2025-2026,CC Road,Providing cement concrete pavement to vishalakshi main road and cross street at Kovur Panchayat,"1,863,000"
282,Kovur,CMDA Special Fund,2025-2026,Library building,Construction of New Library building in Eswaran nagar at Kovur Panchayat,"1,600,000"
283,Kovur,CGF Savings Fund - Infra,2025-2026,Drainage,Construction of Storm Water Drain with RCC Slab Culverts 2 Numbers in Visalakshi Nagar street @ Kovur Panchayat,"1,510,000"
1,Mowlivakkam,NNT,2021-2022,CC Road,Providing Cement Concrete Pavement to Rajarajan Nagar Main Road @ Mowlivakkam Panchayat. Kundrathur Panchayat Union (Others -1/3 Public Contribution),"300,000"
2,Mowlivakkam,MLACDS-Alandur,2021-2022,Reverse osmosis plant,Providing new Reverse Osmosis Plant Commerical Model 250 LPH in Government Primary School in Jothy Nagar at Mowlivakkam Panchayat .,"275,000"
3,Mowlivakkam,General Fund - BP,2021-2022,CC Road,Providing Cement Concrete pavement to Govindaraj Nagar I street in Mowlivakkam Village at Mowlivakkam Panchayat,"690,000"
4,Mowlivakkam,General Fund - BP,2021-2022,CC Road,Providing cement concrete Pavement to ponniamman koil street in Mowlivakkam Village at Mowlivakkam panchayat,"455,000"
5,Mowlivakkam,General Fund - VP,2021-2022,CC Road,Providing Cement Concrete Pavement to sindhur Streets in Mowlivakkam Panchayat,"247,000"
6,Mowlivakkam,General Fund - DP,2021-2022,CC Road,Providing Cement Concrete Pavement to 1st Street in Rajagopalapuram Nagar at Mowlivakkam Panchayat.,"1,325,000"
7,Mowlivakkam,General Fund - DP,2021-2022,CC Road,Providing Cement Concrete Pavement to II Street in Rajagopalapuram Nagar at Mowlivakkam Panchayat.,"1,325,000"
8,Mowlivakkam,PMAY(G),2021-2022,PMAY(G),Construction of New House Under PMAY(G) for V.Govindasamy F/H of Viswanthan,"240,000"
9,Mowlivakkam,15th CFC - VP,2021-2022,CC Road,Providing Cement Concrete Pavement to Rajarajan Street at Mowlivakkam Panchayat,"1,507,000"
10,Mowlivakkam,15th CFC - VP,2021-2022,Drainage,Construction of Storm Water Drain RCC Cover Slab Manholes in Bajanai Koil Main Street at Mowlivakkam Panchayat,"1,195,000"
11,Mowlivakkam,15th CFC - VP,2021-2022,Drainage,Construction of Storm Water Drain Wall Additional Height with RCC Cover Slab Manholes in Mettu Street in Mowlivakkam Panchayat,"903,000"
12,Mowlivakkam,15th CFC - VP,2021-2022,Drainage,Providing cover slab to strom water Drain at Madha Nagar,"163,787"
13,Mowlivakkam,SDRF-North East Monsoon,2021-2022,BT Road,Providing Temporary Restoration to Mowlivakkam Village and Govindaraj Nagar at Mowlivakkam Village Panchayat,"103,000"
14,Mowlivakkam,AGAMT II,2021-2022,CC Road,Peocisinf CC pavement to Jyothy Nagar Main Street (142.00mx3/75m),"935,000"
15,Mowlivakkam,AGAMT II,2021-2022,CC Road,Providing CC pavement to Dhanalakshmi Nagar Cross Street (100mx4.00m),"747,000"
16,Mowlivakkam,AGAMT II,2021-2022,CC Road,Providing CC pavement to Govindaraj Nagar 4th Street (83.00mx3/75m),"583,000"
17,Mowlivakkam,AGAMT II,2021-2022,CC Road,Providing CC pavement to Mahalakshmi nagar Street (218mx3.75m),"1,528,800"
18,Mowlivakkam,AGAMT II,2021-2022,CC Road,Providing Cement Concrete Pavement to Jyothy Nagar School Street in Molivakkam Village at Mowlivakkam Panchayat.,"1,112,000"
19,Mowlivakkam,SBM(G),2021-2022,Battery Car,Parchaess E Cart @ Mowlivakkam Panchayat,"292,964"
20,Mowlivakkam,PMAY(G),2021-2022,PMAY(G),Construction of New House Under PMAY(G) for Chokkalingam Thoplan F/H of Thoplan,"240,000"
21,Mowlivakkam,PMAY(G),2021-2022,PMAY(G),Construction of New House Under PMAY(G) for Rajasekar Desan F/H of Desan,"240,000"
22,Mowlivakkam,SBM(G),2021-2022,Battery Car,Purchase of E-cart @ Mowlivakkam Panchayat,"292,964"
23,Mowlivakkam,CMDA Fund,2022-2023,CC Road,Providing Cement concrete Pavement to Govindaraj nagar at Mowlivakkam Panchayat.,972000
24,Mowlivakkam,CMDA Fund,2022-2023,CC Road,Providing Cement concrete Pavement to Rajagopalapuram IV Street at Mowlivakkam Panchayat.,608000
25,Mowlivakkam,CMDA Fund,2022-2023,CC Road,Providing Cement concrete Pavement to Rajagopalapuram 6th Street at Mowlivakkam Panchayat.,324000
26,Mowlivakkam,CMDA Fund,2022-2023,CC Road,Providing Cement concrete Pavement to Madha nagar cc road main road at Mowlivakkam Panchayat.,608000
27,Mowlivakkam,CMDA Fund,2022-2023,CC Road,Providing Cement concrete Pavement to Madha nagar cc cross street at Mowlivakkam Panchayat.,624000
28,Mowlivakkam,CMDA Fund,2022-2023,CC Road,Providing cc road at Ponniamman koil street at Mowlivakkam Panchayat.,972000
29,Mowlivakkam,CMDA Fund,2022-2023,CC Road,Providing Cement concrete Pavement to Sathyanarayanapuram main road at Mowlivakkam Panchayat.,1141000
30,Mowlivakkam,CMDA Fund,2022-2023,CC Road,Providing Cement concrete Pavement to Sathyanarayanapuram  mullai street at Mowlivakkam Panchayat.,1848000
31,Mowlivakkam,CMDA Fund,2022-2023,CC Road,Providing Cement concrete Pavement to Sathyanarayanapuram  malligai street at Mowlivakkam Panchayat.,1792000
32,Mowlivakkam,CMDA Fund,2022-2023,CC Road,Providing Cement concrete Pavement to Mouleeswaran nagar at Mowlivakkam Panchayat.,729000
33,Mowlivakkam,CMDA Fund,2022-2023,CC Road,Providing Cement concrete Pavement to Jeyalakshmi nagar at Mowlivakkam Panchayat.,1750000
34,Mowlivakkam,CMDA Fund,2022-2023,Drainage,Construction of Storm Water Drain with RCC Cover slab & Manholes in Sathyanarayanapuram Main Road at Mowlivakkam Panchayat.,1793000
35,Mowlivakkam,CMDA Fund,2022-2023,Drainage,Construction of Storm Water Drain with RCC Cover slab & Manholes in Vaigai street in renga nagar at Mowlivakkam Panchayat.,770000
36,Mowlivakkam,CMDA Fund,2022-2023,Drainage,Construction of Storm Water Drain with RCC Cover slab & Manholes at Godavari street in renga nagar at Mowlivakkam Panchayat.,693000
37,Mowlivakkam,CMDA Fund,2022-2023,Drainage,Construction of Storm Water Drain with RCC Cover slab & Manholes at Saraswathy street in renga nagar at Mowlivakkam Panchayat.,1155000
38,Mowlivakkam,CMDA Fund,2022-2023,Drainage,Construction of Storm Water Drain with RCC Cover slab & Manholes at Roja nagar in Sathyanarayapuram at Mowlivakkam Panchayat.,3993000
39,Mowlivakkam,CMDA Fund,2022-2023,Drainage,Construction of Storm Water Drain with RCC Cover slab & Manholes at  Mayana salai  at Mowlivakkam Panchayat.,1067000
40,Mowlivakkam,MGNREGS,2022-2023,Desilting of Supply Channel,Strom water Earthern drain in Annamalai Avenue at Mowlivakkam Panchayat (1500 m) 2022-23,"444,599"
41,Mowlivakkam,MGNREGS,2022-2023,Desilting of Supply Channel,Strom water Earthern drain in Jothi Nagar Street Thangarajapuram at Mowlivakkam Pt 1550m) 2022-23,"444,599"
42,Mowlivakkam,MGNREGS,2022-2023,Desilting of Supply Channel,Strom water Earthern drain in Murugan Nagar at Mowlivakkam Panchayat (1000 m) 2022-23,"1,650,000"
43,Mowlivakkam,MGNREGS,2022-2023,CC Road,Gen Hab -Providing Paver Block Pavement to Lakshmi Nagar Cross St at Mowlivakkam Pt (150 m)2022-23,"1,059,000"
44,Mowlivakkam,MGNREGS,2022-2023,CC Road,Gen Hab-Providing Cement Concrete Road to Govindaraj Nagar 2nd St at Mowlivakkam Pt (200 m)2022-23Kalatipettai (South) at Sirukalathur Panchayat (2022-23),"1,068,100"
45,Mowlivakkam,MGNREGS,2022-2023,Moringa nursery,Formation of Moringa nursery at Mowlivakkam Pt 1000 nos,"131,000"
46,Mowlivakkam,MLACDS-Alandur,2022-2023,Anganwadi,Construction of Anganwadi Building at Stalin Nagar at Mouilivakkam Panchayat,"1,357,000"
47,Mowlivakkam,General Fund - BP,2022-2023,CC Road,Providing cement concrete pavement to mullai street in sathyanarayanapuram at mowlivakkam panchayat,"375,000"
48,Mowlivakkam,General Fund - BP,2022-2023,CC Road,Providing cement concrete pavement to sulochana nagar cross road at mowlivakkam Panchayat,"525,000"
49,Mowlivakkam,General Fund - BP,2022-2023,CC Road,Providing cement concrete pavement to sulochana nagar main road at Mowlivakkam panchayat,"715,000"
50,Mowlivakkam,General Fund - DP,2022-2023,CC Road,Providing Cement Concrete Pavement to Roja Cross Street at Mowlivakkam Panchayat.,"680,000"
51,Mowlivakkam,General Fund - DP,2022-2023,CC Road,Providing Cement Concrete Pavement to Roja Street at Mowlivakkam Panchayat.,"1,900,000"
52,Mowlivakkam,General Fund - DP,2022-2023,Drainage,Construction of Drain with Dispersion Trench RCC Slab Culvert at Rajalakshmi Nagar Main Road in Sathiya Nagar at Mowlivakkam Panchayat.,"606,000"
53,Mowlivakkam,15th CFC - VP,2022-2023,CC Road,Providing CC Road to Lilly Street at Mowlivakkam Panchayat,"390,397"
54,Mowlivakkam,15th CFC - VP,2022-2023,OHT,Repairs to 20000 litre OHT tank in Mowlivakkam village 1 no,"54,073"
55,Mowlivakkam,15th CFC - VP,2022-2023,OHT,Repairs to 30000 litre OHT tank in Mowlivakkam village 12 no,"73,500"
56,Mowlivakkam,15th CFC - VP,2022-2023,OHT,Repairs to 60000 litre OHT tank in Mowlivakkam village 3 nos,"286,500"
57,Mowlivakkam,15th CFC - VP,2022-2023,Pipeline Extension,providing distribution pipeline at Ranga Nagar (600m),"272,808"
58,Mowlivakkam,15th CFC - VP,2022-2023,New Borewell,Providing Borewell with Pumpset and Main line at Dhanalakshmi Nagar,"411,000"
59,Mowlivakkam,15th CFC - VP,2022-2023,Anganwadi Repairs,Renovation Anganwadi building near Panchayat office,"90,000"
60,Mowlivakkam,15th CFC - VP,2022-2023,Anganwadi Repairs,Renovation Anganwadi building @ Sathiyanarayanapuram,"150,000"
61,Mowlivakkam,15th CFC - VP,2022-2023,Drainage,Storm Water Drain Cover Slab in Gangai Amman Koil Street,"1,042,000"
62,Mowlivakkam,15th CFC - VP,2022-2023,Drainage,Storm Water Drain Cover Slab in Gangai Amman Koil Street (150m-158m),"55,881"
63,Mowlivakkam,15th CFC - VP,2022-2023,Drainage,Storm Water Drain Cover Slab in Gangai Amman Koil Street (8.M) 0/0 to 0/8 m),"58,410"
64,Mowlivakkam,15th CFC - VP,2022-2023,CC Road,Providing Cement Concrete Pavement toAbdul Kalam Street at Mowlivakkam Village,"307,431"
65,Mowlivakkam,15th CFC - VP,2022-2023,CC Road,Providing Cement Concrete Pavement to Gangai Amman Kovil Street at Mowlivakkam Village,"359,000"
66,Mowlivakkam,15th CFC - VP,2022-2023,CC Road,Providing Cement Concrete Pavement to Jothy Cross Street at Mowlivakkam Panchayat,"499,000"
67,Mowlivakkam,AGAMT library repair,2022-2023,Library Building Repair and Toilet Construction,Repairs and Renovation of Library Building @ Mowlivakkam Panchayat.,"146,000"
68,Mowlivakkam,Mudalvarin Grama Saalaigal Membattu Thittam (MGSMT),2022-2023,BT Road,Mowlivakkam HC road,"4,644,000"
69,Mowlivakkam,MGNREGS,2023-2024,Rural Sports Centre,Providing Rural Sports Centre (TYPE C) for 2024-25 OSR Land S.No.1/AC 1A at Mowlivakkam Panchayat,"60,000"
70,Mowlivakkam,General Fund - BP,2023-2024,CC Road,Providing Cement Concrete pavement to Bajanai Koil Street @ Mowlivakkam Panchayat,"972,000"
71,Mowlivakkam,General Fund - BP,2023-2024,CC Road,Providing Cement Concrete pavement to Gangai Amman Koil Street @ Mowlivakkam Panchayat,"362,000"
72,Mowlivakkam,General Fund - BP,2023-2024,Culvert,Construction of RCC slab culverts in Renga Nagar main road Godavari Street Mowlivakkam panchayat,"306,000"
73,Mowlivakkam,General Fund - BP,2023-2024,Drainage,Construction of storm water Drain with RCC cover slab manholes in dhanalakshmi Nagar to ponniamman Kovil Street at Mowlivakkam panchayat,"710,000"
74,Mowlivakkam,General Fund - VP,2023-2024,CC Road,Providing Cement concrete pavement to Madha nagar,"1,554,000"
75,Mowlivakkam,15th CFC - VP,2023-2024,Drainage,Construction of Storm water drainage with cover slab at Ponniyamman koil street (100m),"665,127"
76,Mowlivakkam,15th CFC - VP,2023-2024,Battery Car,Purchasing of E cart in Nos,"180,000"
77,Mowlivakkam,SBM(G),2023-2024,Battery Car,Procurement of E-Cart - 2 Mowlivakkam Panchayat,"252,750"
78,Mowlivakkam,SBM(G),2023-2024,Purchase of Tractor,Procurement of Motorized Vehicle - Tractor With Trailer for Mowlivakkam Village panchayat 1.No,"992,000"
79,Mowlivakkam,Peri Urban Panchayat - CMDA Fund,2023-2024,CC Road,Providing Cement Concrete Road to Burial Ground road,"715,000"
80,Mowlivakkam,Peri Urban Panchayat - CMDA Fund,2023-2024,CC Road,Providing Cement Concrete Road to godavari street,"1,092,000"
81,Mowlivakkam,Peri Urban Panchayat - CMDA Fund,2023-2024,CC Road,Providing Cement Concrete Road to kalaimagal street,"140,000"
82,Mowlivakkam,Peri Urban Panchayat - CMDA Fund,2023-2024,CC Road,Providing Cement Concrete Road to madha nagar main road,"689,000"
83,Mowlivakkam,Peri Urban Panchayat - CMDA Fund,2023-2024,CC Road,Providing Cement Concrete Road to poomagal street,"875,000"
84,Mowlivakkam,Peri Urban Panchayat - CMDA Fund,2023-2024,CC Road,Providing Cement Concrete Road to saraswathy street,"2,288,000"
85,Mowlivakkam,Peri Urban Panchayat - CMDA Fund,2023-2024,CC Road,Providing Cement Concrete Road to thendral street,"140,000"
86,Mowlivakkam,Peri Urban Panchayat - CMDA Fund,2023-2024,CC Road,Providing Cement Concrete Road to vaigai street,"819,000"
87,Mowlivakkam,Michaung Flood Damaged Roads,2023-2024,CC Road,Providing Cement Concrete Road to Dhanalakshmi Nagar Main Road,"1,355,000"
88,Mowlivakkam,General Fund - BP,2023-2024,Kitchen Shed Repairs,Renovation of Kitchen shed at ADW School in Mowlivakkam,"117,000"
89,Mowlivakkam,15th CFC - VP,2023-2024,Purchase of Tractor,Purchase of Tractor,"300,000"
90,Mowlivakkam,15th CFC - VP,2023-2024,New Borewell,"Providing borewell, pumpset and distribution line to jothi nagar.","550,000"
91,Mowlivakkam,SBM(G),2023-2024,Battery Car,Procurement of E-Cart -1 Mowlivakkam Panchayat,"252,750"
92,Mowlivakkam,Peri Urban Panchayat - CMDA Fund,2023-2024,CC Road,Providing Cement Concrete Road to madha nagar to LT nagar joint road,"510,000"
93,Mowlivakkam,Peri Urban Panchayat - CMDA Fund,2023-2024,CC Road,Providing Cement Concrete Road to rajarajan nagar1st street,"3,523,000"
94,Mowlivakkam,MLACDS-Alandur,2024-2025,Bus Shelter,"Construction of Bus Shelter at Mowlivakkam Bhai Kadai School Bus Stop, Kundrathur panchayat Union.","790,000"
95,Mowlivakkam,General Fund - BP,2024-2025,CC Road,Providing Cement Concrete Pavement to Jeyalakshmi Nagar Street at Mowlivakkam,"488,000"
96,Mowlivakkam,General Fund - BP,2024-2025,CC Road,Providing Cement Concrete Pavement to Rajagopalapuram Cross Street at Mowlivakkam,"280,000"
97,Mowlivakkam,General Fund - BP,2024-2025,Drainage,Construction of Cement Concrete Drainage with RCC Cover Slab in Koluthuvancheri Mowlivakkam Main Road at Mowlivakkam,"759,000"
98,Mowlivakkam,General Fund - DP,2024-2025,CC Road,Providing Cement Concrete Pavement to Bajanai Kovil street at Mowlivakkam Panchayat,"1,500,000"
99,Mowlivakkam,General Fund - DP,2024-2025,CC Road,Providing Cement Concrete Pavement to Renga Nagar Sri Krishna Street at Mowlivakkam Panchayat,"1,500,000"
100,Mowlivakkam,15th CFC - DP,2024-2025,Drainage,Construction of Drainage in Bajanai Koil Street connecting to the existing Drainage at Mowlivakkam Panchayat,"1,309,000"
101,Mowlivakkam,15th CFC - VP,2024-2025,CC Road,providing cement concrete road to Murugan Nagar Main Road ( Suresh Kumar House to Ragu House ) (Chainage 00.00m to 90.00m),"630,000"
102,Mowlivakkam,15th CFC - VP,2024-2025,CC Road,providing cement concrete road to Rajakopalapuram Street( Subbaranai House to Senthil House ) (Chainage 00.00m to 140.00m),"987,648"
103,Mowlivakkam,15th CFC - VP,2024-2025,Pipeline Extension,Providing pipeline to Annamalai Avenue at mowlivakkam Village and Panchayat (Chainage 0m to 281m),"100,000"
104,Mowlivakkam,15th CFC - VP,2024-2025,Pipeline Extension,Providing pipeline to Jothi Nagar at mowlivakkam Village and Panchayat(Chainage 0m to 237m),"85,000"
105,Mowlivakkam,15th CFC - VP,2024-2025,Pipeline Extension,Providing pipeline to Krishna street and saraswathi street at mowlivakkam Village and Panchayat(Chainage 0m to 160m),"60,000"
106,Mowlivakkam,15th CFC - VP,2024-2025,Pipeline Extension,Providing pipeline to Lakshmi Nagar at mowlivakkam Village and panchayat(Chainage 0m to 116m),"42,000"
107,Mowlivakkam,15th CFC - VP,2024-2025,Pipeline Extension,Providing pipeline to Rajaraja Nagar at mowlivakkam Village and Panchayat(Chainage 0m to 300m),"105,000"
108,Mowlivakkam,15th CFC - VP,2024-2025,Drainage,Construction of Drainage in Madha Nagar ( Dhanalakshmi House to Arumugam House ) (Chainage 00.00m to 80.00m),"1,165,236"
109,Mowlivakkam,15th CFC - VP,2024-2025,Equipment for SWM (including safety equipment),Procurement of thoomaikavalar safety kit - 16 @ Mowlivakkam Panchayat,"48,000"
110,Mowlivakkam,Kalaignarin Kanavu Illam,2024-2025,KKI,Construction of New House Under Kalaignarin Kanavu Illam for A Anadaraj F/H of Arumugam,"310,000"
111,Mowlivakkam,Kalaignarin Kanavu Illam,2024-2025,KKI,Construction of New House Under Kalaignarin Kanavu Illam for G.AURNA F/H of GOREGE,"310,000"
112,Mowlivakkam,Repairs to Rural houses(constructed before 2001) 2024-25 phase II,2024-2025,House - Minor Repairs (RRH),Construction of House - Minor Repairs (RRH) Under Repairs to Rural houses(constructed before 2001) 2024-25 phase II for Selvi F/H of MUNUSAMY,"55,000"
113,Mowlivakkam,PMAY(G),2024-2025,KKI,Construction of New House Under PMAY(G) for Murugan Venugopal F/H of Venugopal,"120,000"
114,Mowlivakkam,15th CFC - VP,2024-2025,Pipeline Extension,Providing pipeline to Bajanai koil street at mowlivakkam Colony @ Mowlivakkam Panchayat (chainage 0m to 365m),"130,000"
115,Mowlivakkam,15th CFC - VP,2024-2025,Pipeline Extension,Providing pipeline to Gangaiyamman koil street (chainage 0m to 205 m) at Mowlivakkam colony @ Mowlivakkam Panchayat,"71,236"
116,Mowlivakkam,15th CFC - VP,2024-2025,Pipeline Extension,Providing pipeline to Mettu street at mowlivakkam Colony @ Mowlivakkam Panchayat (chainage 0m to 200 m),"70,000"
117,Mowlivakkam,15th CFC - VP,2024-2025,New Borewell,"Providing Borewell,pumpset and pipeline to Rajaraja Nagar at Mowlivakkam Colony @ Mowlivakkam Panchayat(100m)","550,000"
118,Mowlivakkam,Repairs to Rural House(Const.before 2001),2024-2025,House - Minor Repairs (RRH),Construction of House - Minor Repairs (RRH) Under Repairs to Rural House(Const.before 2001) for சுந்தரி முருகன் F/H of Murugan,"50,000"
119,Mowlivakkam,Repairs to Rural House(Const.before 2001),2024-2025,House - Minor Repairs (RRH),Construction of House - Minor Repairs (RRH) Under Repairs to Rural House(Const.before 2001) for தங்கம்தேசன் F/H of Desan,"50,000"
120,Mowlivakkam,Repairs to Rural House(Const.before 2001),2024-2025,House - Minor Repairs (RRH),Construction of House - Minor Repairs (RRH) Under Repairs to Rural House(Const.before 2001) for தங்கராஜ் F/H of PAZANI,"49,000"
121,Mowlivakkam,Repairs to Rural House(Const.before 2001),2024-2025,House - Minor Repairs (RRH),Construction of House - Minor Repairs (RRH) Under Repairs to Rural House(Const.before 2001) for நாகபூ ஸ்ணம் F/H of Manavaalan,"49,000"
122,Mowlivakkam,Repairs to Rural House(Const.before 2001),2024-2025,House - Minor Repairs (RRH),Construction of House - Minor Repairs (RRH) Under Repairs to Rural House(Const.before 2001) for முணியம்மாள் F/H of Chinnapaiyan,"50,000"
123,Mowlivakkam,Repairs to Rural House(Const.before 2001),2024-2025,House - Major Repairs (RRH),Construction of House - Major Repairs (RRH) Under Repairs to Rural House(Const.before 2001) for mallika F/H of Rajendiran,"61,000"
124,Mowlivakkam,Kalaignarin Kanavu Illam,2024-2025,KKI,Construction of New House Under Kalaignarin Kanavu Illam for R SHANTHI F/H of RAJI,"310,000"
125,Mowlivakkam,Repairs to Rural houses(constructed before 2001) 2024-25 phase II,2024-2025,House - Major Repairs (RRH),Construction of House - Major Repairs (RRH) Under Repairs to Rural houses(constructed before 2001) 2024-25 phase II for சண்முகவள்ளி F/H of GOVINDHARAJ,"55,000"
126,Mowlivakkam,MGNREGS,2025-2026,Avenue Tree Plantation,"Formation of 25-26 Avenue Tree plantation in Lakshmi Nagar I,II III at Moulviakkam Panchayat (400 Nos) 2 km","230,394"
127,Mowlivakkam,General Fund - DP,2025-2026,Drainage,Construction of Cement concrete sewage water drainage with RCC cover slab in Mowlivakkam village Rajarajan nagar 1st street at Mowlivakkam Panchayat,"1,500,000"
128,Mowlivakkam,15th CFC - VP,2025-2026,CC Road,Providing cement road at Murugan Nagar (103m),"850,213"
129,Mowlivakkam,15th CFC - VP,2025-2026,CC Road,Providing cement road at raja rajan first main road (97m),"734,931"
130,Mowlivakkam,15th CFC - VP,2025-2026,New Borewell,Providing Borewell and Pumpset at Mahagalakshmi Nagar (1 nos),"608,573"
131,Mowlivakkam,15th CFC - VP,2025-2026,New Borewell,Providing Borewell and umpset at Bajanai kovil Street (1nos),"580,285"
132,Mowlivakkam,Kalaignarin Kanavu Illam,2025-2026,KKI,Construction of New House Under Kalaignarin Kanavu Illam for Nithiyanandham F/H of Duraisamy,"310,000"
133,Mowlivakkam,CMDA Special Fund,2025-2026,CC Road,Providing Cement Concrete Pavement to Lakshmi Nagar Cross Streets at Mowlivakkam Village Panchayat,"661,000"
134,Mowlivakkam,CMDA Special Fund,2025-2026,CC Road,Providing Cement Concrete Pavement to Madha Nagar 5th Street at Mowlivakkam Village and Panchayat,"783,000"
135,Mowlivakkam,CMDA Special Fund,2025-2026,CC Road,Providing Cement Concrete Pavement to Madha Nagar 5th Street Extension at Mowlivakkam Village Panchayat,"260,000"
136,Mowlivakkam,CMDA Special Fund,2025-2026,CC Road,Providing Cement Concrete Pavement to Rajagopalapuram Ist street at Mowlivakkam Village Panchayat,"1,144,000"
137,Mowlivakkam,CMDA Special Fund,2025-2026,CC Road,Providing Cement Concrete Pavement to Rajagopal Avenue Kaveri Street at Mowlivakkam Village Panchayat,"1,065,000"
138,Mowlivakkam,CMDA Special Fund,2025-2026,CC Road,Providing Cement Concrete Pavement to Rajagopal Avenue Kaveri Street Extension at Mowlivakkam Village Panchayat,"547,000"
139,Mowlivakkam,CMDA Special Fund,2025-2026,CC Road,Providing Cement Concrete Pavement to Rajamanickam street at Mowlivakkam Village Panchayat,"941,000"
140,Mowlivakkam,CMDA Special Fund,2025-2026,CC Road,Providing Cement Concrete Pavement to Shanmugamoorthy Street at Mowlivakkam Village Panchayat,"525,000"
141,Mowlivakkam,CMDA Special Fund,2025-2026,CC Road,Providing Cement Concrete Pavement to Venthamarai Street in Dhanalakshmi Nagar at Mowlivakkam Village Panchayat,"1,296,000"
142,Mowlivakkam,CMDA Special Fund,2025-2026,Drainage,Construction of Storm Water Drain (Wall Raising) Providing RCC Cover Slab in Rajamanickam Street at Mowlivakkam Village Panchayat,"804,000"
143,Mowlivakkam,CMDA Special Fund,2025-2026,Drainage,Providing Storm Water Drain at Jeyalakshmi Nagar (Little Flower School) at Mowlivakkam Village Panchayat,"692,000"
144,Mowlivakkam,CMDA Special Fund,2025-2026,Drainage,Providing storm water drain at Rajarajan 3rd street and cc road at Mowlivakkam Village Panchayat,"616,000"
145,Mowlivakkam,CMDA Special Fund,2025-2026,Drainage,Providing storm water drain with additional height and coveerslab to Mayana salai to Thagarajapuram at Mowlivakkam Village Panchayat,"815,000"
146,Mowlivakkam,CMDA Special Fund,2025-2026,Drainage,Providing storm water drain with additional height and coverslab from LT nagar to Madha nagar at Mowlivakkam Village Panchayat,"486,000"
147,Mowlivakkam,CMDA Special Fund,2025-2026,Drainage,Providing storm water drain with coverslab at Ponniamman street at Mowlivakkam Village Panchayat,"1,200,000"
148,Mowlivakkam,CMDA Special Fund,2025-2026,Drainage,Providing storm water drain with coverslab at Sulochana nagar at Mowlivakkam Village Panchayat,"1,176,000"
149,Mowlivakkam,CMDA Special Fund,2025-2026,Drainage,Providing storm water drain with coverslab in Rajagopalapuram 2nd street at Mowlivakkam Village Panchayat,"797,000"
150,Mowlivakkam,CMDA Special Fund,2025-2026,Drainage,Providing storm water drain with coverslab in Rajagopalapuram 3rd street at Mowlivakkam Village Panchayat,"656,000"
151,Mowlivakkam,CMDA Special Fund,2025-2026,Drainage,Providing Storm Water Drain with coverslab to Rajagopalapuram Ist street at Mowlivakkam Village Panchayat,"1,747,000"
152,Mowlivakkam,CGF Savings Fund - Infra,2025-2026,CC Road,Providing Cement Concrete Pavement to Maha Lakshmi Nagar to Ganapathy Nagar Link Road @ Mowlivakkam Panchayat,"645,000"
153,Mowlivakkam,CGF Savings Fund - Infra,2025-2026,CC Road,Providing Cement Concrete Pavement to Dhana Lakshmi Nagar 2nd Street @ Mowlivakkam Panchayat,"243,000"
154,Mowlivakkam,CGF Savings Fund - Infra,2025-2026,CC Road,Providing Cement Concrete Pavement to Dhana Lakshmi Nagar 4th Street @ Mowlivakkam Panchayat,"250,000"
155,Mowlivakkam,CGF Savings Fund - Infra,2025-2026,CC Road,Providing Cement Concrete Pavement to Dhanalakshmi Nagar 5th Cross Street @ Mowlivakkam Panchayat,"278,000"
156,Mowlivakkam,CGF Savings Fund - Infra,2025-2026,CC Road,Providing Cement Concrete Pavement to Gangai Amman Koil Street @ Mowlivakkam Panchayat,"996,000"
157,Mowlivakkam,CGF Savings Fund - Infra,2025-2026,CC Road,Providing Cement Concrete Pavement to Lakshmi Nagar 13th Street @ Mowlivakkam Panchayat,"325,000"
158,Mowlivakkam,CGF Savings Fund - Infra,2025-2026,CC Road,Providing Cement Concrete Pavement to Lakshmi Nagar Main Road @ Mowlivakkam Panchayat,"3,720,000"
159,Mowlivakkam,CGF Savings Fund - Infra,2025-2026,CC Road,Providing Cement Concrete Pavement to Mahalakshmi Nagar 1st Cross Street @ Mowlivakkam Panchayat,"669,000"
160,Mowlivakkam,CGF Savings Fund - Infra,2025-2026,CC Road,Providing Cement Concrete Pavement to Mettu Street @ Mowlivakkam Panchayat,"2,361,000"
161,Mowlivakkam,CGF Savings Fund - Infra,2025-2026,CC Road,"Providing Cement Concrete Pavement to Rajalakshmi Nagar Thai Street, Karthigai Street, Maasi Street Panguni Street @ Mowlivakkam Panchayat","1,514,000"
162,Mowlivakkam,CGF Savings Fund - Infra,2025-2026,CC Road,Providing Cement Concrete Pavement to Rajamanickam Street @ Mowlivakkam Panchayat,"1,320,000"
163,Mowlivakkam,CGF Savings Fund - Infra,2025-2026,CC Road,Providing Cement Concrete Pavement to Staalin Nagar 3rd Cross Street @ Mowlivakkam Panchayat,"216,000"
164,Mowlivakkam,Namma Ooru Namma Arasu,2025-2026,CC Road,"மௌலிவாக்கம் கிராமம், தங்கராஜபுரம் குறுக்கு தெரு பகுதியில் புதியதாக சிமெண்ட் சாலை அமைத்தல் (40 மீ)","310,000"
165,Mowlivakkam,MGNREGS,2025-2026,Institutional plantation,"Formation of 2025-26 All other Plantation Institutional plantation (5 Nos), Home Plantation 24-25=4, 25-26=10 (14 * 2=28 Nos) at Mowlivakkam Panchayat","23,775"
166,Mowlivakkam,Kalaignarin Kanavu Illam,2025-2026,KKI,Construction of New House Under Kalaignarin Kanavu Illam for Roja Saravanan F/H of Saravanan,"310,000"
167,Mowlivakkam,Kalaignarin Kanavu Illam,2025-2026,KKI,Construction of New House Under Kalaignarin Kanavu Illam for Sakthivel Chinnathambi F/H of Chinnathambi,"310,000"
168,Mowlivakkam,Kalaignarin Kanavu Illam,2025-2026,KKI,Construction of New House Under Kalaignarin Kanavu Illam for முத்துலட்சுமி வா F/H of வாசு தேவன்,"310,000"
169,Mowlivakkam,CGF Savings Fund - Infra,2025-2026,CC Road,Providing Cement Concrete Pavement to Dhana Lakshmi Nagar 3rd Street @ Mowlivakkam Panchayat,"250,000"
170,Mowlivakkam,CGF Savings Fund - Infra,2025-2026,CC Road,Providing Cement Concrete Pavement to Rajalakshmi Nagar II Main Road @ Mowlivakkam Panchayat,"2,404,000"
171,Mowlivakkam,CGF Savings Fund - Infra,2025-2026,CC Road,Providing Cement Concrete Pavement to Rajalakshmi Nagar I Main Road @ Mowlivakkam Panchayat,"1,209,000"
172,Mowlivakkam,CGF Savings Fund - Infra,2025-2026,CC Road,Providing Cement Concrete Pavement to Renga Nagar Sindhu Cross Street @ Mowlivakkam Panchayat,"503,000"
1,Paraniputhur,MLACDS-Alandur,2021-2022,Compound Wall,Construction of Compound Wall around the Burial Ground in Chinnapanicheri Village at Paraniputhur Panchayat.,"695,000"
2,Paraniputhur,15th CFC - VP,2021-2022,CC Road,Providing Cement Concrete Pavement to Ambedkar Street in Jyothy Nagar Paraniputhur Panchayat,"570,000"
3,Paraniputhur,15th CFC - VP,2021-2022,OHT,Conctruction of 30000 lit OHT in Srinivasapuram Harijan Colony at paraniputhur Panchayat,"1,755,000"
4,Paraniputhur,SDRF-North East Monsoon,2021-2022,BT Road,Providing Temporary Restoration to Paraniputhur Village and Srinivasapuram at Paraniputhur Village Panchayat,"145,000"
5,Paraniputhur,MLACDS-Alandur,2021-2022,PDS outlet,Construction of Public Distribution shop Building (Oposite of Panchayat Office) in Paraniputhur Village at Paraniputhur Panchayat .,"1,550,000"
6,Paraniputhur,MLACDS-Alandur,2021-2022,School - PU-Middle School,Construction of Panchayat Union Primary School Building (Two Class Room) at Paraniputhur Panchayat in Kundrathur Panchayat Union.,"1,850,000"
7,Paraniputhur,MLACDS-Sriperumbudur,2021-2022,Construction of 2 classroom building (GF) in PU-Primary School,Construction of Panchayat Union Primary School Building (Two Class Room) at maankadu in Maankadu Municipality.,"1,900,000"
8,Paraniputhur,General Fund - BP,2021-2022,CC Road,"Providing Cement concrete pavement to Govindaraj nagar, Nehru Nagar Murugan koil street Paraniputhur village at paraniputhur panchayat (0m to 150m)","898,000"
9,Paraniputhur,General Fund - BP,2021-2022,CC Road,"Providing Cement concrete pavement to Govindaraj nagar, Nehru Nagar Murugan koil street Paraniputhur village at paraniputhur panchayat (150m to 266m)","694,000"
10,Paraniputhur,General Fund - VP,2021-2022,CC Road,Providing Cement Concrete pavement to RR Nagar Vth Street in Paraniputhur Panchayat,"467,000"
11,Paraniputhur,General Fund - DP,2021-2022,Drainage,Construction of Rain Water Drain and Providing Cement Concrete Pavement in Gajalakshmi Nagar Street in Paraniputhur Village at Paraniputhur Panchayat.,"1,545,000"
12,Paraniputhur,PMAY(G),2021-2022,PMAY(G),Construction of New House Under PMAY(G) for Kamatchi Jayaraman F/H of Jayaraman,"240,000"
13,Paraniputhur,PMAY(G),2021-2022,PMAY(G),Construction of New House Under PMAY(G) for Sangilimuthu F/H of Mavadiyan,"240,000"
14,Paraniputhur,Pooled Fund for Deficit RLB,2021-2022,Drainage,Construction of Rain Water Drain with RCC cover slab in Gejalakshmi nagar link road at Paraniputhur Panchayat,"1,545,000"
15,Paraniputhur,MGNREGS,2021-2022,Massive Tree Plantation,Massive Tree Plantation in Paraniputhur Village at Paraniputhur Panchayat (200 Nos) 2021-22,"57,200"
16,Paraniputhur,15th CFC - VP,2021-2022,CC Road,Providing Cement Concrete Pavement to Ambedkar Street in Jyothy Nagar Paraniputhur Panchayat,"779,000"
17,Paraniputhur,15th CFC - VP,2021-2022,CC Road,Providing Cement Concrete Pavement to Kakanji Street in Jyothy Nagar Paraniputhur Panchayat,"991,000"
18,Paraniputhur,15th CFC - VP,2021-2022,CC Road,Providing Cement Concrete Pavement to Sivan Koil Street in Paraniputhur Village at Paraniputhur Panchayat,"991,000"
19,Paraniputhur,15th CFC - VP,2021-2022,Drainage,Construction of Storm Water Drain with RCC Cover Slab Manholes in RR Annexe Nagar Road at Paraniputhur Panchayat,"1,755,000"
20,Paraniputhur,PMAY(G),2021-2022,PMAY(G),Construction of New House Under PMAY(G) for Magenthiran. C F/H of Chinnayan,"240,000"
21,Paraniputhur,CMDA Fund,2022-2023,CC Road,Providing Cement concrete Pavement to srinivasa nagar Ist street in srinivasapuram village at Paraniputhur Panchayat.,770000
22,Paraniputhur,CMDA Fund,2022-2023,CC Road,Providing Cement concrete Pavement to srinivasa nagar 2nd street in srinivasapuram village at Paraniputhur Panchayat.,637000
23,Paraniputhur,CMDA Fund,2022-2023,CC Road,Providing Cement concrete Pavement to VOC street in srinivasapuram village at Paraniputhur Panchayat.,1946000
24,Paraniputhur,CMDA Fund,2022-2023,CC Road,Providing Cement concrete Pavement to Venkateshwara  nagar Elumalai street in srinivasapuram village at Paraniputhur Panchayat.,1520000
25,Paraniputhur,CMDA Fund,2022-2023,CC Road,Providing Cement concrete Pavement to Venkateshwara  nagar Elango street in srinivasapuram village at Paraniputhur Panchayat.,378000
26,Paraniputhur,CMDA Fund,2022-2023,CC Road,Providing Cement concrete Pavement to Venkateshwara  nagar Kambar street in srinivasapuram village at Paraniputhur Panchayat.,378000
27,Paraniputhur,CMDA Fund,2022-2023,CC Road,Providing Cement concrete Pavement to Venkateshwara  nagar Thiruvalluvar street in srinivasapuram village at Paraniputhur Panchayat.,857000
28,Paraniputhur,CMDA Fund,2022-2023,CC Road,Providing Cement concrete Pavement to Venkateshwara  nagar main road in srinivasapuram village at Paraniputhur Panchayat.,1495000
29,Paraniputhur,CMDA Fund,2022-2023,CC Road,Providing BT pavement to RR Nagar main road in srinivasapuram village at Paraniputhur Panchayat.,2805000
30,Paraniputhur,CMDA Fund,2022-2023,CC Road,Providing Cement concrete Pavement to RR nagar Ist left  in srinivasapuram village at Paraniputhur Panchayat.,1050000
31,Paraniputhur,CMDA Fund,2022-2023,CC Road,Providing Cement concrete Pavement to RR nagar Ist Right  in srinivasapuram village at Paraniputhur Panchayat.,560000
32,Paraniputhur,CMDA Fund,2022-2023,CC Road,Providing Cement concrete Pavement to RR nagar2nd left  in srinivasapuram village at Paraniputhur Panchayat.,1036000
33,Paraniputhur,CMDA Fund,2022-2023,CC Road,Providing Cement concrete Pavement to RR nagar 2nd right  in srinivasapuram village at Paraniputhur Panchayat.,210000
34,Paraniputhur,CMDA Fund,2022-2023,CC Road,Providing Cement concrete Pavement to RR nagar 4th  right  in srinivasapuram village at Paraniputhur Panchayat.,945000
35,Paraniputhur,CMDA Fund,2022-2023,CC Road,Providing Cement concrete Pavement to RR nagar 6th  st extension  in srinivasapuram village at Paraniputhur Panchayat.,476000
36,Paraniputhur,CMDA Fund,2022-2023,CC Road,Providing Cement concrete Pavement to  karpaga vinayagar koil  street in srinivasapuram village at Paraniputhur Panchayat.,770000
37,Paraniputhur,CMDA Fund,2022-2023,CC Road,Providing Cement concrete Pavement to  RR Nagar Annexe Ist  street in srinivasapuram village at Paraniputhur Panchayat.,1015000
38,Paraniputhur,CMDA Fund,2022-2023,CC Road,Providing Cement concrete Pavement to  RR Nagar Annexe 2nd street in srinivasapuram village at Paraniputhur Panchayat.,1085000
39,Paraniputhur,CMDA Fund,2022-2023,CC Road,Providing Cement concrete Pavement to  RR Nagar Annexe 2nd street 3rd cross street in srinivasapuram village at Paraniputhur Panchayat.,749000
40,Paraniputhur,CMDA Fund,2022-2023,CC Road,Providing Cement concrete Pavement to Anna street in  Srinivasapuram  Village  at Paraniputhur Panchayat.,714000
41,Paraniputhur,CMDA Fund,2022-2023,CC Road,Providing Cement concrete Pavement to Ambethkar street in  Srinivasapuram  Village  at Paraniputhur Panchayat.,938000
42,Paraniputhur,CMDA Fund,2022-2023,CC Road,Providing Cement concrete Pavement to Kalaignar street in  Srinivasapuram  Village  at Paraniputhur Panchayat.,777000
43,Paraniputhur,CMDA Fund,2022-2023,CC Road,Providing Cement concrete Pavement to Kalaignar  cross street in  Srinivasapuram  Village  at Paraniputhur Panchayat.,308000
44,Paraniputhur,CMDA Fund,2022-2023,CC Road,Providing Cement concrete Pavement to MGR street in  Srinivasapuram  Village at Paraniputhur Panchayat.,840000
45,Paraniputhur,CMDA Fund,2022-2023,CC Road,Providing Cement concrete Pavement to Iyyappa nagar Kamatchi amman  main road at Paraniputhur Panchayat.,1697000
46,Paraniputhur,CMDA Fund,2022-2023,CC Road,Providing Cement concrete Pavement to Iyyappa nagar 9th  street at Paraniputhur Panchayat.,371000
47,Paraniputhur,CMDA Fund,2022-2023,CC Road,Providing Cement concrete Pavement to Iyyappa nagar 10th  street at Paraniputhur Panchayat.,308000
48,Paraniputhur,CMDA Fund,2022-2023,CC Road,Providing Cement concrete Pavement to Sangamithra avenue cross street at Paraniputhur Panchayat.,924000
49,Paraniputhur,CMDA Fund,2022-2023,CC Road,Providing Cement concrete Pavement to Theruveethiamman koil street in Paraniputhur village at Paraniputhur Panchayat.,1078000
50,Paraniputhur,CMDA Fund,2022-2023,CC Road,Providing Cement concrete Pavement to V.P .Sindhan nagar in Paraniputhur village at Paraniputhur Panchayat.,910000
51,Paraniputhur,CMDA Fund,2022-2023,CC Road,Providing Cement concrete Pavement to subburayan nagar extension in Paraniputhur village at Paraniputhur Panchayat.,1085000
52,Paraniputhur,CMDA Fund,2022-2023,CC Road,Providing Cement concrete Pavement to venkateshwara nagar 2nd street in Paraniputhur village at Paraniputhur Panchayat.,497000
53,Paraniputhur,CMDA Fund,2022-2023,CC Road,Providing Cement concrete Pavement to Bhavani amman koil street in Paraniputhur village at Paraniputhur Panchayat.,581000
54,Paraniputhur,CMDA Fund,2022-2023,CC Road,Providing Cement concrete Pavement to Immanuel street in Paraniputhur village at Paraniputhur Panchayat.,497000
55,Paraniputhur,CMDA Fund,2022-2023,CC Road,Providing cement concrete pavement to Thendral street in Moogambigai nagar Chinnapanicheri village at Paraniputhur Panchayat.,805000
56,Paraniputhur,CMDA Fund,2022-2023,CC Road,Providing cement concrete pavement to Poomalai street in Moogambigai nagar Chinnapanicheri village at Paraniputhur Panchayat.,518000
57,Paraniputhur,CMDA Fund,2022-2023,CC Road,Providing cement concrete pavement to Mullai street in Moogambigai nagar Chinnapanicheri village,280000
58,Paraniputhur,CMDA Fund,2022-2023,CC Road,Providing cement concrete pavement to Panchatcharam nagar 2nd main road Chinnapanicheri village at Paraniputhur Panchayat.,2135000
59,Paraniputhur,CMDA Fund,2022-2023,CC Road,Providing cement concrete pavement to Mullai street in Panchatcharam  nagar Chinnapanicheri village at Paraniputhur Panchayat.,406000
60,Paraniputhur,CMDA Fund,2022-2023,CC Road,Providing cement concrete pavement to Annai Thersa street in Panchatcharam  nagar Chinnapanicheri village at Paraniputhur Panchayat.,770000
61,Paraniputhur,CMDA Fund,2022-2023,CC Road,Providing cement concrete pavement to Kamarajar   street in Moogambigai  nagar Chinnapanicheri village at Paraniputhur Panchayat.,840000
62,Paraniputhur,CMDA Fund,2022-2023,CC Road,Providing cement concrete pavement to Shantha nagar main road in  Chinnapanicheri village at Paraniputhur Panchayat.,1260000
63,Paraniputhur,CMDA Fund,2022-2023,CC Road,Providing cement concrete pavement to Panchatcharam Annexe cross street in  Chinnapanicheri village at Paraniputhur Panchayat.,420000
64,Paraniputhur,CMDA Fund,2022-2023,Drainage,Providing storm water drain from Karpaga vinayagar koil street srinivasa nagar Ist street at Paraniputhur Panchayat.,1210000
65,Paraniputhur,CMDA Fund,2022-2023,Drainage,Providing storm water drain from RR nagar main road  at Paraniputhur Panchayat.,3828000
66,Paraniputhur,CMDA Fund,2022-2023,Drainage,Providing storm water drain from Venkateshawara nagar VOC street  at Paraniputhur Panchayat.,2552000
67,Paraniputhur,CMDA Fund,2022-2023,Drainage,Providing storm water drain from Venkateshawara nagar Murugan koil street at Paraniputhur Panchayat.,1815000
68,Paraniputhur,CMDA Fund,2022-2023,Drainage,Providing storm water drain from Venkateshawara nagar Govindraj street at Paraniputhur Panchayat.,770000
69,Paraniputhur,CMDA Fund,2022-2023,Drainage,Providing storm water drain from Venkateshawara nagar Elango street at Paraniputhur Panchayat.,748000
70,Paraniputhur,CMDA Fund,2022-2023,Drainage,Providing storm water drain from Venkateshawara nagar main road at Paraniputhur Panchayat.,330000
71,Paraniputhur,CMDA Fund,2022-2023,Drainage,Providing storm water drain from Srinivasapuram village Ambethkar street  at Paraniputhur Panchayat.,1474000
72,Paraniputhur,CMDA Fund,2022-2023,Drainage,Providing storm water drain from Srinivasapuram village Anna street  at Paraniputhur Panchayat.,1122000
73,Paraniputhur,CMDA Fund,2022-2023,Drainage,Providing storm water drain from Srinivasapuram village MGR street  at Paraniputhur Panchayat.,1320000
74,Paraniputhur,15th CFC - VP,2022-2023,OHT,Repairs to 30000 litre OHT tank in Chinnapanichery Colony 2 nos,"174,000"
75,Paraniputhur,MGNREGS,2022-2023,Desilting of Pond,Construction of Revertment Panchacharam Kulam At Paraniputhur Panchayat (30X30m) Paraniputhur Panchayat (22-23),"475,256"
76,Paraniputhur,General Fund - BP,2022-2023,School Renovation Work,Renovation to Panchayat Primary School east facing 2 class room building no.1 in chinna panichery village @ paraniputhur Panchayat,"49,000"
77,Paraniputhur,General Fund - BP,2022-2023,School Renovation Work,Renovation to Panchayat Primary School East facing 2 class room building no.2 in chinna panichery village @ Paraniputhur panchayat,"49,000"
78,Paraniputhur,15th CFC - VP,2022-2023,OHT,Repairs to 30000 litre OHT tank in Chinnapanichery village 2 nos,"174,000"
79,Paraniputhur,15th CFC - VP,2022-2023,School Renovation Work,Renovation PUPS 2 Class room @ Chinnapanicheri (East facing),"130,000"
80,Paraniputhur,15th CFC - VP,2022-2023,Anganwadi Repairs,Renovation Anganwadi building to Vallar Street Chinnapanicheri Village,"195,000"
81,Paraniputhur,15th CFC - VP,2022-2023,Drainage,Storm Water Drain with Cover Slab in Gandhi Street at chinnapanicheri in Paraniputhur Panchayat,"1,318,000"
82,Paraniputhur,SIDS,2022-2023,School Renovation Work,Renovation to PUPS East facing north side building in Chinnapanichery village @ Paraniputhur Panchayat,"375,000"
83,Paraniputhur,SIDS,2022-2023,Kitchen Shed Repairs,Renovation to Kitchen Shed PUPS in Chinnapanicheri Village @ Paraniputhur Panchayt,"63,000"
84,Paraniputhur,SIDS,2022-2023,School Toilet Repair,Renovation to Boys Toilet PUPS in Chinnapanicheri Village @ Paraniputhur Panchayat,"31,000"
85,Paraniputhur,SIDS,2022-2023,School Toilet Repair,Renovation to Girls Toilet PUPS in Chinnapanicheri Village @ Paraniputhur Panchayat,"98,000"
86,Paraniputhur,SIDS,2022-2023,School Toilet Repair,Renovation to Girls Urinal PUMS in Paraniputhur Village @ Paraniputhur Panchayat,"86,000"
87,Paraniputhur,AGAMT II,2022-2023,Anganwadi,Construction of Anganwadi Building at Chinnapanicheri Village,"1,357,000"
88,Paraniputhur,AGAMT II,2022-2023,Ponds and Ooranies,Providing improvements to Panchatcharam Kulam in Chinnapanicheri Village at Paraniputhur Panchayat.,"1,300,000"
89,Paraniputhur,General Fund - BP,2022-2023,CC Road,Providing cement concrete pavement to indra nagar 7th street at paraniputhur panchayat,"383,000"
90,Paraniputhur,General Fund - BP,2022-2023,School Renovation Work,Renovation to Panchayat Union Middle school East facing single class room in Annai Indra nagar @ Paraniputhur panchayat,"40,000"
91,Paraniputhur,General Fund - BP,2022-2023,School Renovation Work,Renovation to Panchayat Union Middle school north facing 3 class room in Annai indranagar @ paraniputhur panchayat,"76,000"
92,Paraniputhur,General Fund - BP,2022-2023,School Renovation Work,Renovation to Panchayat Union Middle school south facing 2 class room school in Annai Indra Nagar @ Paraniputhur Panchayat,"54,000"
93,Paraniputhur,General Fund - BP,2022-2023,School Renovation Work,Renovation to Panchayat Union Middle school west facing 2 class room in Annai indra nagar @ Paraniputhur Panchayat,"54,000"
94,Paraniputhur,15th CFC - VP,2022-2023,OHT,"Repairs to 30000 litre OHT tank in Indira nagar, srinivasan nagar 3 nos","261,000"
95,Paraniputhur,15th CFC - VP,2022-2023,OHT,"Repairs to 60000 litre OHT tank in Indira Nagar, Srinivasan nagar 1 no","103,000"
96,Paraniputhur,15th CFC - VP,2022-2023,Anganwadi Repairs,Renovation Anganwadi Annai Indira Nagar,"80,000"
97,Paraniputhur,SIDS,2022-2023,School Renovation Work,Renovation to PUMS Singule class room east facing Annai Indira Nagar @ Paraniputhur Panchayat,"328,000"
98,Paraniputhur,SIDS,2022-2023,School Renovation Work,Renovation to PUMS Two class room South facing Annai Indira Nagar @ Paraniputhur Panchayat,"246,000"
99,Paraniputhur,SIDS,2022-2023,Kitchen Shed Repairs,Renovation to Kitchen Shed PUMS in Annai Indira Nagar @ Paraniputhur Panchayt,"57,000"
100,Paraniputhur,SIDS,2022-2023,School Toilet Repair,Renovation to Boys Toilet PUMS in Annai Indira Nagar @ Paraniputhur Panchayat,"32,000"
101,Paraniputhur,SIDS,2022-2023,School Toilet Repair,Renovation to Girls Toilet PUMS in Annai Indira Nagar @ Paraniputhur Panchayat,"65,000"
102,Paraniputhur,SIDS,2022-2023,School Toilet Repair,Renovation to Teachers Toilet PUMS in Annai Indira Nagar @ Paraniputhur Panchayat,"30,000"
103,Paraniputhur,Construction of New and Additional Classroom Schoool Buildings,2022-2023,Construction of 2 classroom building (GF) in PU-Primary School,Construction of Two Class Room School Building (PUPS) in Annai Indranagar at Paraniputhur Panchayat,"3,208,000"
104,Paraniputhur,MGNREGS,2022-2023,CC Road,Gen Hab - Providing 22-23 Pavar block Pavement to Jothi Ngr Perumal Koil St at Paraniputhur Pt 275m,"1,937,500"
105,Paraniputhur,General Fund - DP,2022-2023,Bus Shelter,Construction of Bus Shelter in Jothi Nagar at Paraniputhur Panchayat,"600,000"
106,Paraniputhur,15th CFC - VP,2022-2023,OHT,Repairs to 30000 litre OHT tank in Jothi nagar 1 no,"87,000"
107,Paraniputhur,15th CFC - VP,2022-2023,Anganwadi Repairs,Renovation of Anganwadi building @ Jothi Nagar 2 (E sevai center nagar),"190,000"
108,Paraniputhur,SBM(G),2022-2023,Battery Car,Purchase in E-Cart In Paraniputhur Panchayat,"292,964"
109,Paraniputhur,15th CFC - VP,2022-2023,OHT,Repairs to 30000 litre OHT tank in KP Vanniyar street 2 nos,"174,000"
110,Paraniputhur,AGAMT II,2022-2023,CC Road,Providing Cement Concrete Pavement to Leelavathy nagar cross street in KP Vanniyar habitation(65*3.75),"325,000"
111,Paraniputhur,AGAMT II,2022-2023,CC Road,Providing Cement Concrete Pavement to Leelavathy nagar main road in KP Vanniyar habitation(157*3.75),"1,184,000"
112,Paraniputhur,MGNREGS,2022-2023,Desilting of Supply Channel,Strom water Earthern drain in Iyappa Nagar street at Paraniputhur Panchayat (900 m),"350,000"
113,Paraniputhur,MGNREGS,2022-2023,Desilting of Supply Channel,Strom water Earthern drain in Lakshmi Nagar at Paraniputhur Panchayat (1000 m),"450,000"
114,Paraniputhur,MGNREGS,2022-2023,Desilting of Supply Channel,Strom water Earthern drain in Leelavathi Nagar Streets at Paraniputhur Panchayat (1000 m),"480,000"
115,Paraniputhur,MGNREGS,2022-2023,Desilting of Supply Channel,Strom water Earthern drain in Rajappa Nagar street at Paraniputhur Panchayat (800 m),"420,000"
116,Paraniputhur,MGNREGS,2022-2023,Moringa nursery,Formation of Moringa nursery at Paraniputhur Pt 1000 nos,"131,000"
117,Paraniputhur,MLACDS-Alandur,2022-2023,School - PU-Middle School,"Construction of two class room building in First floor in PUMS Building at Paraniputhur Panchayat, Kundrathur Block","1,800,000"
118,Paraniputhur,General Fund - BP,2022-2023,CC Road,Providing cement concrete pavement to Gandhi main street cross street at paraniputhur panchayat,"480,000"
119,Paraniputhur,General Fund - BP,2022-2023,CC Road,Providing Cement concrete Pavement to RR Nagar 4th street in Paraniputhur village @ Paraniputhur panchayat,"360,000"
120,Paraniputhur,General Fund - BP,2022-2023,CC Road,providing cement concrete pavement to swami vivekananda street at paraniputhur panchayat,"318,000"
121,Paraniputhur,General Fund - BP,2022-2023,CC Road,Providing cement concrete pavement to varadappa road in raghavendra nagar road at paraniputhur panchayat,"357,000"
122,Paraniputhur,General Fund - BP,2022-2023,School Renovation Work,Renovation to Panchayat Union Middle school east facing 2 class room school in paraniputhur village @ Paraniputhur panchayat,"54,000"
123,Paraniputhur,General Fund - BP,2022-2023,School Renovation Work,Renovation to Panchayat Union Middle school west facing (G3+F3) class room school in Paraniputhur village @ Paraniputhur Panchayat,"151,000"
124,Paraniputhur,15th CFC - VP,2022-2023,OHT,Repairs to 60000 litre OHT tank in Paranipudur Village 1 no,"96,482"
125,Paraniputhur,15th CFC - VP,2022-2023,Pipeline Extension,Providing 63 mm pipe lines Ezhumalai Street at Venkateswara nagar,"72,803"
126,Paraniputhur,15th CFC - VP,2022-2023,Pipeline Extension,Providing 63mm pipeline @ Srinivasapuram (639m),"179,418"
127,Paraniputhur,15th CFC - VP,2022-2023,Pipeline Extension,Providing 63mm pipeline @ VOC street 260m),"73,069"
128,Paraniputhur,15th CFC - VP,2022-2023,Pipeline Extension,Providing distribution line 63 mm dia pipeline @ RR Nagar(600m),"168,432"
129,Paraniputhur,15th CFC - VP,2022-2023,Pipeline Extension,Providing distribution line 90 mm dia pipeline @ RR Nagar(540m),"186,737"
130,Paraniputhur,15th CFC - VP,2022-2023,School Renovation Work,"Renovation @ PUMS 3 class room First floor (2nd,3rd class room) at Paraniputhur Village","120,000"
131,Paraniputhur,15th CFC - VP,2022-2023,School Renovation Work,Renovation @ PUMS Paraniputhur Village 2 Class East facing,"130,000"
132,Paraniputhur,15th CFC - VP,2022-2023,Battery Car,Purchase of new E- cart 3 nos @ Paraniputhur panchayat,"300,000"
133,Paraniputhur,15th CFC - VP,2022-2023,CC Road,Providing cement concrete pavement to Chinna Panicheri village Gandhi street,"1,336,976"
134,Paraniputhur,15th CFC - VP,2022-2023,Payment to EB,Settlement to EB dues at Paraniputhur Panchayat,"605,105"
135,Paraniputhur,SIDS,2022-2023,Kitchen Shed Repairs,Renovation to Kitchen Shed PUMS in Paraniputhur Village @ Paraniputhur Panchayt,"78,000"
136,Paraniputhur,SIDS,2022-2023,School Toilet Repair,Renovation to Boys Toilet PUMS in Paraniputhur Village @ Paraniputhur Panchayat,"48,000"
137,Paraniputhur,SIDS,2022-2023,School Toilet Repair,Renovation to Girls Toilet PUMS East Facing in Paraniputhur Village @ Paraniputhur Panchayat,"19,000"
138,Paraniputhur,AGAMT II,2022-2023,CC Road,Providing cement Concrete Pavement to Vajravel nagar 3rd street (71*4.00m),"520,000"
139,Paraniputhur,AGAMT II,2022-2023,CC Road,Providing Cement Concrete Pavement to Vajravel Nagar 4th street(73*4.00),"510,000"
140,Paraniputhur,AGAMT II,2022-2023,Anganwadi,Construction of Anganwadi Building at Parniputhur village,"1,357,000"
141,Paraniputhur,AGAMT II,2022-2023,Moringa nursery,Providing Fencing at Paraniputhur Village Murungai Nursery,"108,000"
142,Paraniputhur,SBM(G),2022-2023,Battery Car,Purchase in E-Cart Paraniputhur Panchayat,"292,964"
143,Paraniputhur,Mudalvarin Grama Saalaigal Membattu Thittam (MGSMT),2022-2023,BT Road,RR Annexe in Paraniputhur,"3,564,000"
144,Paraniputhur,15th CFC - VP,2022-2023,OHT,Repairs to 30000 litre OHT tank in Paranipudur colony 1 no,"87,000"
145,Paraniputhur,SBM(G),2022-2023,Battery Car,Purchase in E-Cart @ Paraniputhur Panchayat,"292,964"
146,Paraniputhur,15th CFC - VP,2023-2024,CC Road,providing cc road at shanta nagar 1st street,"482,600"
147,Paraniputhur,15th CFC - VP,2023-2024,CC Road,providing cc road to srinivasapuram village perumal koil 1st cross street,"539,500"
148,Paraniputhur,15th CFC - VP,2023-2024,CC Road,Providing Cement Concrete Road in panchatsaram nagar in 1st street,"517,836"
149,Paraniputhur,15th CFC - VP,2023-2024,Drainage,Renovation IWSC at chinnapanicheri,"250,000"
150,Paraniputhur,SBM(G),2023-2024,Battery Car,Procurement of E-Cart - 5 Paraniputhur Panchayat,"252,750"
151,Paraniputhur,Iyothee Thass Pandithar Habitation Development Scheme,2023-2024,CC Road,Providing Cement concrete Pavement to Bharathiyar Street (Length 122m),"840,000"
152,Paraniputhur,Iyothee Thass Pandithar Habitation Development Scheme,2023-2024,CC Road,Providing Cement concrete Pavement to Thiruvalluvar Street (Length 107m),"735,000"
153,Paraniputhur,Iyothee Thass Pandithar Habitation Development Scheme,2023-2024,CC Road,Providing Cement concrete Pavement to Thiru Vi Ka street (Length 122m),"840,000"
154,Paraniputhur,Peri Urban Panchayat - CMDA Fund,2023-2024,CC Road,Providing Cement Concrete Road to Muthumariamman Koil St,"595,000"
155,Paraniputhur,MLACDS-Alandur,2023-2024,PDS outlet,"Construction of Public Distribution Shop Building at Chinnapancheri in Paraniputhur Panchayat, Kundrathur Panchayat Union.","1,450,000"
156,Paraniputhur,15th CFC - VP,2023-2024,CC Road,providing CC road to srinivasapuram village perumal koil street 1st street,"370,000"
157,Paraniputhur,15th CFC - VP,2023-2024,New Borewell,Providing borewell pumpset and mainline at chinnapanacheri,"570,000"
158,Paraniputhur,15th CFC - VP,2023-2024,New Borewell,Providing Borewell pumpset and mainline at Paraniputhur Panchayat.,"585,000"
159,Paraniputhur,General Fund - BP,2023-2024,CC Road,providing cement concrete pavement to Annai Indra Nagar Cross Street at paraniputhur panchayat,"228,000"
160,Paraniputhur,General Fund - BP,2023-2024,CC Road,providing cement Concrete pavement to Annai Indra Nagar main street at Paraniputhur panchayat,"939,000"
161,Paraniputhur,General Fund - BP,2023-2024,CC Road,Providing cement concrete pavement to Venkateswara Nagar Street at Paraniputhur panchayat,"563,000"
162,Paraniputhur,15th CFC - VP,2023-2024,Drainage,providing borwell at RR nagar srinivasapuuram,"363,752"
163,Paraniputhur,SBM(G),2023-2024,Battery Car,Procurement of E-Cart - 3 Paraniputhur Panchayat,"252,750"
164,Paraniputhur,Peri Urban Panchayat - CMDA Fund,2023-2024,CC Road,Providing Cement Concrete Road to Abdulkalam 1st Street,"900,000"
165,Paraniputhur,Peri Urban Panchayat - CMDA Fund,2023-2024,CC Road,Providing Cement Concrete Road to Iyyappa Nagar 8th Street,"525,000"
166,Paraniputhur,Peri Urban Panchayat - CMDA Fund,2023-2024,CC Road,Providing Cement Concrete Road to Karumariamman 1st Cross St,"812,000"
167,Paraniputhur,Peri Urban Panchayat - CMDA Fund,2023-2024,CC Road,Providing Cement Concrete Road to Karumariamman 2ndCross St,"840,000"
168,Paraniputhur,Peri Urban Panchayat - CMDA Fund,2023-2024,CC Road,Providing Cement Concrete Road to VOC Street,"660,000"
169,Paraniputhur,Michaung Flood Damaged Roads,2023-2024,CC Road,Providing of Cement Concrete Road to Annamalai Nagar Street,"559,000"
170,Paraniputhur,Michaung Flood Damaged Roads,2023-2024,CC Road,Providing of Cement Concrete Road to Indra Nagar 4th Street,"524,000"
171,Paraniputhur,General Fund - DP,2023-2024,Anganwadi,Construction of Anganwadi Building in Jothi Nagar Eeshwaran Koil at Paraniputhur Panchayat.,"1,400,000"
172,Paraniputhur,15th CFC - VP,2023-2024,CC Road,providing cc road to at panchatcharam nagar kalaingar streeet,"428,400"
173,Paraniputhur,Peri Urban Panchayat - CMDA Fund,2023-2024,CC Road,Providing Cement Concrete Road to Jothy Nagar 1st Left Cross St,"595,000"
174,Paraniputhur,Peri Urban Panchayat - CMDA Fund,2023-2024,CC Road,Providing Cement Concrete Road to Jothy Nagar 1st Right Cross St,"574,000"
175,Paraniputhur,Michaung Flood Damaged Roads,2023-2024,CC Road,Providing of Cement Concrete Road to Jothy Nagar Kalaignar Street,"668,000"
176,Paraniputhur,15th CFC - VP,2023-2024,New Borewell,Providing borewell pumpset and mainline at VGN Srinivasan,"598,752"
177,Paraniputhur,SBM(G),2023-2024,Battery Car,Procurement of E-Cart - 4 Paraniputhur Panchayat,"252,750"
178,Paraniputhur,SBM(G),2023-2024,Battery Car,Procurement of E-Cart - 2 Paraniputhur Panchayat,"252,750"
179,Paraniputhur,Michaung Flood Damaged Roads,2023-2024,CC Road,Providing of Cement Concrete Road to gandhi Street,"483,000"
180,Paraniputhur,MGNREGS,2023-2024,Rural Sports Centre,"Providing Rural Sports Centre (TYPE C) for 2024-25 Paraniputhur S.No.93,94 at Paraniputhur Panchayat","60,000"
181,Paraniputhur,General Fund - BP,2023-2024,Drainage,Construction of Storm Water Drain with RCC Cover Slab Manholes in Bala Vinayagar Koil Street @ Paraniputhur Panchayat,"561,000"
182,Paraniputhur,General Fund - BP,2023-2024,Drainage,Construction of Storm Water Drain with RCC Cover Slab Manholes in Karpaga Vinayagar Koil Street @ Paraniputhur Panchayat,"760,000"
183,Paraniputhur,General Fund - VP,2023-2024,CC Road,Providing Cement concrete pavement to Jyothy nagar Main Road,"757,000"
184,Paraniputhur,General Fund - VP,2023-2024,CC Road,Providing Cement concrete pavement to RR nagar 2nd street West,"469,000"
185,Paraniputhur,General Fund - VP,2023-2024,CC Road,Providing Cement concrete pavement to RR nagar 3rd cross street,"924,000"
186,Paraniputhur,General Fund - VP,2023-2024,CC Road,Providing Cement concrete Road to Abdulkalam 1st cross street,"896,000"
187,Paraniputhur,General Fund - VP,2023-2024,CC Road,Providing Cement concrete Road to Abdulkalam 2nd Left cross street,"937,000"
188,Paraniputhur,General Fund - DP,2023-2024,CC Road,"Providing Cement Concrete Road in Sungamithra Avenue Cheran Street, Chozhan Street, Abdulkalam Nagar Main Road 1st dnd 2nd Street and Maruthakasi Kurukkutheru 1,2 and 3 Streets at Paraniputhur Panchayat.","3,200,000"
189,Paraniputhur,15th CFC - VP,2023-2024,Purchase of Tractor,Purchase of new tractor,"600,000"
190,Paraniputhur,15th CFC - VP,2023-2024,Battery Car,Purchasing of E cart in Nos,"540,000"
191,Paraniputhur,SBM(G),2023-2024,Battery Car,Procurement of E-Cart - 6 Paraniputhur Panchayat,"252,750"
192,Paraniputhur,SBM(G),2023-2024,Purchase of Tractor,Procurement of Motorized Vehicle - Tractor With Trailer for paraniputhur Village panchayat 1,"992,000"
193,Paraniputhur,SBM(G),2023-2024,Purchase of Tractor,Procurement of Motorized Vehicle - Tractor With Trailer for Paraniputhur Village panchayat 2,"992,000"
194,Paraniputhur,Peri Urban Panchayat - CMDA Fund,2023-2024,CC Road,Providing Cement Concrete Road to Karthik Avenue Road,"637,000"
195,Paraniputhur,Michaung Flood Damaged Roads,2023-2024,CC Road,Providing of Cement Concrete Road to ADL Nagar Ariyathamman Koil Street,"1,111,000"
196,Paraniputhur,Michaung Flood Damaged Roads,2023-2024,CC Road,Providing Of Cement Concrete Road to Eswaran Nagar Kalaignar Street,"368,000"
197,Paraniputhur,Michaung Flood Damaged Roads,2023-2024,CC Road,Providing of Cement Concrete Road to Janakiraman Street,"1,822,000"
198,Paraniputhur,Michaung Flood Damaged Roads,2023-2024,CC Road,Providing of Cement Concrete Road to Nova Nagar Annexxe,"1,035,000"
199,Paraniputhur,Michaung Flood Damaged Roads,2023-2024,CC Road,Providing of Cement Concrete Road to Rajappa Nagar 2nd Cross Street,"822,000"
200,Paraniputhur,Michaung Flood Damaged Roads,2023-2024,CC Road,Providing Of Cement Concrete Road to VP Sinthan Street,"369,000"
201,Paraniputhur,SBM(G),2023-2024,Battery Car,Procurement of E-Cart -1 Paraniputhur Panchayat,"252,750"
202,Paraniputhur,Peri Urban Panchayat - CMDA Fund,2023-2024,CC Road,Providing Cement Concrete Road to dhamu nagar main road,"342,000"
203,Paraniputhur,15th CFC - VP,2024-2025,Drainage,"Construction of Drainage with cover slab at Thiru.vi.ka street, Chinnapanicheri in paraniputhur pt ( Lakshmanan House to Gopal House ) (Chainage 00.00m to 172.00m)","1,795,060"
204,Paraniputhur,Kalaignarin Kanavu Illam,2024-2025,KKI,Construction of New House Under Kalaignarin Kanavu Illam for DASARATHAN F/H of NAGAPPAN,"310,000"
205,Paraniputhur,Kalaignarin Kanavu Illam,2024-2025,KKI,Construction of New House Under Kalaignarin Kanavu Illam for தணிகாசலம் சி F/H of சின்னய்யன்,"310,000"
206,Paraniputhur,15th CFC - VP,2024-2025,CC Road,Providing Cement Concrete Road in Chinnapanicheri at Paraniputhur Panchayat (Veeragavan House to Kannan House) (Chainage 00.00m to 45.00m),"305,000"
207,Paraniputhur,15th CFC - VP,2024-2025,Wire Fencing,Providing Fencing Arrangement to 30000 Ir OHT at Ponnan Street,"40,000"
208,Paraniputhur,Kalaignarin Kanavu Illam,2024-2025,KKI,Construction of New House Under Kalaignarin Kanavu Illam for Vijayakumar Narayanan F/H of Narayanan,"310,000"
209,Paraniputhur,15th CFC - BP,2024-2025,CC Road,"Providing a CC Road at Ayyappa Nagar, Kamatchi Amman Koil Street in paraniputhur Panchayat (265M, With 43)","1,855,000"
210,Paraniputhur,15th CFC - VP,2024-2025,CC Road,Provinding Cement Conrete Road at Abdulcalam Nagar 3rd Street Paraniputhur Panchayat (Selvi House to Mahalingam House) (Chainage 00.00m to 104m),"728,000"
211,Paraniputhur,MLACDS-Alandur,2024-2025,Cremation Shed,Construction of Cremation Shed in Jothi Nagar at Baraniputhur Panchayat,"600,000"
212,Paraniputhur,15th CFC - VP,2024-2025,PDS outlet,Renovation of PDS Building at Jothy Nagar,"150,000"
213,Paraniputhur,Kalaignarin Kanavu Illam,2024-2025,KKI,Construction of New House Under Kalaignarin Kanavu Illam for Sangeetha K F/H of Kannan,"310,000"
214,Paraniputhur,15th CFC - VP,2024-2025,Wire Fencing,Providing Fencing Arrengement to 30000 Ir OHT at Elliyamman Koil street,"40,000"
215,Paraniputhur,15th CFC - VP,2024-2025,Wire Fencing,Providng Fencing Arrangement to 30000 Ir OHT at Kakkilipetai,"40,000"
216,Paraniputhur,Kalaignarin Kanavu Illam,2024-2025,KKI,Construction of New House Under Kalaignarin Kanavu Illam for ARUL F/H of MARI,"310,000"
217,Paraniputhur,General Fund - BP,2024-2025,Culvert,Construction of RCC Slab Culvert in 6 Numbers in RR Nagar Main Road at Paraniputhur,"965,000"
218,Paraniputhur,15th CFC - VP,2024-2025,New Borewell,"Providing new Borewell, Pumpset and Pipeline to RR Nagar Anex 2nd Street 1st Cross Street(150m)","650,000"
219,Paraniputhur,15th CFC - VP,2024-2025,New Borewell,Providing new Borewell Pumpset and pipelline to Nanthavanam(200m),"916,060"
220,Paraniputhur,15th CFC - VP,2024-2025,Wire Fencing,Providing Fencing Arrangement to 30000 Ir OHT at Colony Perumal Koil Street,"40,000"
221,Paraniputhur,15th CFC - VP,2024-2025,Wire Fencing,Providing Fencing Arrangement to 60000 Ir OHT at Indira Nagar 1st Street,"46,000"
222,Paraniputhur,15th CFC - VP,2024-2025,Drainage,Construction of Drainage @ Chinnapanicheri Ambedkar Street at Paraniputhur Panchayat Velayudham House to Sathiyanarayanan House (70m),"482,413"
223,Paraniputhur,Kalaignarin Kanavu Illam,2024-2025,KKI,Construction of New House Under Kalaignarin Kanavu Illam for Jayaseeli F/H of Steefen,"310,000"
224,Paraniputhur,Kalaignarin Kanavu Illam,2024-2025,KKI,Construction of New House Under Kalaignarin Kanavu Illam for சரோஜா கோ F/H of கோபால்,"310,000"
225,Paraniputhur,General Fund - BP,2024-2025,Culvert,Construction of RCC Slab Culverts 3 Numbers in VOC Street at Paraniputhur,"411,000"
226,Paraniputhur,General Fund - DP,2024-2025,school toilet,Construction of School Toilet in Panchayat Union Middle School at Paraniputhur Panchayat,"650,000"
227,Paraniputhur,15th CFC - VP,2024-2025,CC Road,"Providing Cement Concrete Road in Rajiv Gandhi Street, Eswaran Nagrar at Paraniputhur Panchayat (Siva House to Mayandi House) (Chainage 00.00m to 160.00m)","812,000"
228,Paraniputhur,15th CFC - VP,2024-2025,Wire Fencing,Providing Fencing Arrangement to 60000 Ir OHT at Andavar Nagr Street,"46,000"
229,Paraniputhur,15th CFC - VP,2024-2025,Equipment for SWM (including safety equipment),Procurement of Thooimaikavlar safety kit- 21 @ paraniputhur Panchayat,"63,000"
230,Paraniputhur,Kalaignarin Kanavu Illam,2024-2025,KKI,Construction of New House Under Kalaignarin Kanavu Illam for Ananthi P F/H of Palani,"310,000"
231,Paraniputhur,15th CFC - VP,2024-2025,Wire Fencing,Providing Fencing Arrangement to 30000 Ir OHT at theruvithiyamman Koil Street,"40,000"
232,Paraniputhur,Kalaignarin Kanavu Illam,2024-2025,KKI,Construction of New House Under Kalaignarin Kanavu Illam for Susila E F/H of Ellappan,"310,000"
233,Paraniputhur,Kalaignarin Kanavu Illam,2025-2026,KKI,Construction of New House Under Kalaignarin Kanavu Illam for Aruldoss Duraikannu F/H of Duraikannu,"310,000"
234,Paraniputhur,Kalaignarin Kanavu Illam,2025-2026,KKI,Construction of New House Under Kalaignarin Kanavu Illam for Saroja Murugesan F/H of Murugesan,"310,000"
235,Paraniputhur,CMDA Special Fund,2025-2026,CC Road,Providing Cement Concrete Pavement to Chinnapanicheri BSK Nagar @ Paraniputhur Panchayat,"504,000"
236,Paraniputhur,CMDA Special Fund,2025-2026,CC Road,Providing Cement Concrete Pavement to Chinnapanicheri Burial ground road @ Paraniputhur Panchayat,"354,000"
237,Paraniputhur,CMDA Special Fund,2025-2026,CC Road,Providing Cement Concrete Pavement to Chinnapanicheri Jayaraj Nagar @ Paraniputhur Panchayat,"461,000"
238,Paraniputhur,CMDA Special Fund,2025-2026,CC Road,Providing Cement Concrete Pavement to Leelavathi Nagar 1st street at Chinnapanicheri @ Paraniputhur Panchayat,"523,000"
239,Paraniputhur,CMDA Special Fund,2025-2026,CC Road,Providing Cement Concrete Pavement to Leelavathi Nagar 2nd street in Chinnapanicheri @ Paraniputhur Panchayat,"699,000"
240,Paraniputhur,CMDA Special Fund,2025-2026,CC Road,Providing Cement Concrete Pavement to Leelavathi Nagar Main Road in ChInnapanicheri @ Paraniputhur Panchayat,"611,000"
241,Paraniputhur,CGF Savings Fund - Infra,2025-2026,CC Road,Providing Cement Concrete Pavement to Chinnapanicheri Vallalar Street @ Paraniputhur Panchayat,"1,827,000"
242,Paraniputhur,CGF Savings Fund - Infra,2025-2026,CC Road,Providing Cement Concrete Pavement to Panchacharam Nagar 1st Main Road at Chinnapanicheri @ Paraniputhur Panchayat,"2,435,000"
243,Paraniputhur,CGF Savings Fund - Infra,2025-2026,CC Road,Providing Cement Concrete Pavement to Panchacharam Nagar Roja Street at Chinnapanicheri @ Paraniputhur Panchayat,"618,000"
244,Paraniputhur,NNT,2025-2026,Drainage,"Construction of Strom Water Drain on Karumariamman Nagar Street, Baraniputhur Panchayat Union, Kundrathur Panchayat Union. (SC Habitation)","2,949,000"
245,Paraniputhur,CMDA Special Fund,2025-2026,CC Road,"Providing cc pavement to 6th , 7th and 13th street in Ayyappa nagar @ Paraniputhur Panchayat","620,000"
246,Paraniputhur,CMDA Special Fund,2025-2026,CC Road,Providing cc road to Bharathiyar street in Srinivasapuram and Indira nagar @ Paraniputhur Panchayat,"781,000"
247,Paraniputhur,CMDA Special Fund,2025-2026,CC Road,Providing Cement concrete pavement Karumariamman koil back side at Ayyappa nagar @ Paraniputhur Panchayat,"580,000"
248,Paraniputhur,CMDA Special Fund,2025-2026,CC Road,"Providing cement concrete pavement to Cholan street, Cheran street at Ayyappa nagar @ Paraniputhur Panchayat","845,000"
249,Paraniputhur,CMDA Special Fund,2025-2026,CC Road,Providing Cement Concrete Pavement to Iyyappa Nagar Gangai Amman Koil Street @ Paraniputhur Panchayat,"1,138,000"
250,Paraniputhur,CMDA Special Fund,2025-2026,CC Road,Providing Cement Concrete Pavement to Karpaga Vinayagar Koil Street @ Paraniputhur Panchayat,"153,000"
251,Paraniputhur,CGF Savings Fund - Infra,2025-2026,CC Road,Providing Cement Concrete Pavement From Srinivasa Nagar to Bogan Villa Main Road @ Paraniputhur Panchayat,"3,442,000"
252,Paraniputhur,CGF Savings Fund - Infra,2025-2026,CC Road,Providing Cement Concrete Pavement to Ayyapan nagar 11th Cross Street @ Paraniputhur Panchayat,"759,000"
253,Paraniputhur,CGF Savings Fund - Infra,2025-2026,CC Road,Providing Cement Concrete Pavement to Indra Nagar Srinivasa Nagar NSC Bose Street @ Paraniputhur Panchayat,"955,000"
254,Paraniputhur,CGF Savings Fund - Infra,2025-2026,CC Road,Providing Cement Concrete Pavement to Indra Nagar Srinivsa Nagar Balaji Nagar Street @ Paraniputhur Panchayat,"1,301,000"
255,Paraniputhur,CGF Savings Fund - Infra,2025-2026,CC Road,Providing Cement Concrete Pavement to Iyyappa Nagar Gangai Amman Koil 1st Street @ Paraniputhur Panchayat,"216,000"
256,Paraniputhur,CGF Savings Fund - Infra,2025-2026,CC Road,Providing Cement Concrete Pavement to Iyyappa Nagar Gangai Amman Koil 2nd Street @ Paraniputhur Panchayat,"306,000"
257,Paraniputhur,CGF Savings Fund - Infra,2025-2026,CC Road,Providing Cement Concrete Pavement to Iyyappa Nagar Muthumariamman Koil Street @ Paraniputhur Panchayat,"636,000"
258,Paraniputhur,CGF Savings Fund - Infra,2025-2026,CC Road,Providing Cement Concrete Pavement to Kamatchi Amman Nagar Kamarajar Street @ Paraniputhur Panchayat,"446,000"
259,Paraniputhur,CGF Savings Fund - Infra,2025-2026,CC Road,Providing Cement Concrete Pavement to RR Nagar 3rd Street West @ Paraniputhur Panchayat,"2,181,000"
260,Paraniputhur,CGF Savings Fund - Infra,2025-2026,CC Road,Providing Cement Concrete Pavement to RR Nagar 5th Street West @ Paraniputhur Panchayat,"848,000"
261,Paraniputhur,CGF Savings Fund - Infra,2025-2026,CC Road,Providing Cement Concrete Pavement to RR Nagar Annexe 3rd Cross Street @ Paraniputhur Panchaya,"865,000"
262,Paraniputhur,CGF Savings Fund - Infra,2025-2026,CC Road,Providing Cement Concrete Pavement to Sengathamman Koil Main Road @ Paraniputhur Panchayat,"1,790,000"
263,Paraniputhur,CGF Savings Fund - Infra,2025-2026,CC Road,Providing Cement Concrete Pavement to Srinivasapuram Perumal Koil II Street @ Paraniputhur Panchayat,"478,000"
264,Paraniputhur,CMDA Special Fund,2025-2026,CC Road,Providing Cement Concrete Pavement to Jothy Nagar Cross st @ Paraniputhur Panchayat,"276,000"
265,Paraniputhur,CMDA Special Fund,2025-2026,CC Road,Providing Cement Concrete Pavement to Jothy Nagar IInd Cross st @ Paraniputhur Panchayat,"116,000"
266,Paraniputhur,CMDA Special Fund,2025-2026,CC Road,Providing Cement Concrete Pavement to Jyothy Nagar Gandhi Street @ Paraniputhur Panchayat,"1,440,000"
267,Paraniputhur,CMDA Special Fund,2025-2026,CC Road,Providing Cement Concrete Pavement to Elliayamman Koil Street in Paraniputhur village,"1,017,000"
268,Paraniputhur,CMDA Special Fund,2025-2026,CC Road,Providing Cement Concrete Pavement to Paraniputhur Nova Nagar @ Paraniputhur Panchayat,"805,000"
269,Paraniputhur,MGNREGS,2025-2026,Widening of Supply Channel,Construction of 25-26 Distribut Canal for Manapatha kalavai Paraniputhur to cheinnapanicheri at Paraniputhur Panchayat (Ch 0/0 - 0/320X3X1.5) (320X3X1.5),"479,807"
270,Paraniputhur,MGNREGS,2025-2026,Watering of Avenue Tree Plantation,Watering of Existing Plantation 2025-26 in ATP in Paraniputhur at Paraniputhur Panchayat (225 Nos),"68,475"
271,Paraniputhur,MGNREGS,2025-2026,Institutional plantation,"Formation of 2025-26 All other Plantation Institutional plantation (5 Nos), Home Plantation 24-25=9,25-26=9 (18 * 2=36 Nos) at Paraniputhur Pt","28,279"
272,Paraniputhur,15th CFC - VP,2025-2026,CC Road,Providing cc road to dharmaraja Koil street (130m),"750,000"
273,Paraniputhur,15th CFC - VP,2025-2026,CC Road,Providing cc road to Mariyamman kovil street (164m),"850,000"
274,Paraniputhur,15th CFC - VP,2025-2026,OHT,"Construction of 30,000 lit Oht at Eswaran nagar (1nos)","1,820,775"
275,Paraniputhur,AGAMT library repair,2025-2026,Library Building Repair and Toilet Construction,Repairs and Renovation of Library Building @ Paraniputhur,"100,000"
276,Paraniputhur,Kalaignarin Kanavu Illam,2025-2026,KKI,Construction of New House Under Kalaignarin Kanavu Illam for Arulmurugan F/H of Appavu,"310,000"
277,Paraniputhur,Kalaignarin Kanavu Illam,2025-2026,KKI,Construction of New House Under Kalaignarin Kanavu Illam for Lakshmi F/H of Pandiyan,"310,000"
278,Paraniputhur,Kalaignarin Kanavu Illam,2025-2026,KKI,Construction of New House Under Kalaignarin Kanavu Illam for Vaitheeswari F/H of Ranjithkumar,"310,000"
279,Paraniputhur,CMDA Special Fund,2025-2026,CC Road,Providing cc road to ANE nagar Ist and 2nd street at Paraniputhur Panchayat,"480,000"
280,Paraniputhur,CMDA Special Fund,2025-2026,CC Road,Providing Cement Concrete Pavement to Paraniputhur Venkateshwara Nagar 1st Street @ Paraniputhur Panchayat.,"573,000"
281,Paraniputhur,CMDA Special Fund,2025-2026,CC Road,Providing Cement Concrete Pavement to Paraniputhur Venkateshwara Nagar 3rd Street @ Paraniputhur Panchayat,"605,000"
282,Paraniputhur,CMDA Special Fund,2025-2026,CC Road,Providing Cement Concrete Pavement to Paraniputhur Venkateshwara Nagar 4th Street @ Paraniputhur Panchayat,"417,000"
283,Paraniputhur,CMDA Special Fund,2025-2026,CC Road,Providing Cement Concrete Pavement to Rajappa Nagar Main Road @ Paraniputhur Panchayat,"2,336,000"
284,Paraniputhur,CMDA Special Fund,2025-2026,CC Road,Providing Cement Concrete Pavement to Subburaya Nagar Ist Street @ Paraniputhur Panchayat,"880,000"
285,Paraniputhur,CMDA Special Fund,2025-2026,CC Road,Providing Cement Concrete Pavement to Subburaya Nagar Main Road @ Paraniputhur Panchayat,"1,104,000"
286,Paraniputhur,Namma Ooru Namma Arasu,2025-2026,Pipeline Extension,பிள்ளையார் கோயில் தெரு மற்றும் பஜனை கோயில் தெரு பகுதியில் புதிய பைப்லைன் அமைத்தல் (150 மீ),"58,000"
287,Paraniputhur,15th CFC - VP,2025-2026,CC Road,"Providing cement road at Gajalakshmi Nagar 1,2 and 3rd Street (180m)","827,700"
288,Paraniputhur,CMDA Special Fund,2025-2026,CC Road,Providing Cement Concrete Pavement to Theeruveethi Amman Koil Main Road @ Paraniputhur Panchayat,"2,593,000"
1,Periyapanacheri,MLACDS-Alandur,2021-2022,Reverse osmosis plant,Providing Reverse Osmosis Plant Container Model 1000 LPH in the Exsisting Borewell with Submerssible Pumpset in (near Village Panchayat Office Building) at Periyapanacheri Panchayat.,"725,000"
2,Periyapanacheri,General Fund - BP,2021-2022,CC Road,Providing cement concrete pavement to Mani Nagar street in Periyapanacheri village at Periyapanacheri Panchayat,"635,000"
3,Periyapanacheri,General Fund - BP,2021-2022,SHG Building Repairs,Providing Renovation to the Self Help Group Building in Periyapanacheri Village at Periyapanacheri Panchayat (Booth No.94AV),"168,000"
4,Periyapanacheri,General Fund - BP,2021-2022,Library Building Repair and Toilet Construction,Providing Renovation to the Library Building in Periyapanacheri Village at Periyapanacheri Panchayat (Booth No.95AV),"72,000"
5,Periyapanacheri,PMAY(G),2021-2022,PMAY(G),Construction of New House Under PMAY(G) for Balaji chinnadurai F/H of Chinnadurai,"240,000"
6,Periyapanacheri,PMAY(G),2021-2022,PMAY(G),Construction of New House Under PMAY(G) for Kannan Rajamani F/H of Rajamani,"240,000"
7,Periyapanacheri,PMAY(G),2021-2022,PMAY(G),Construction of New House Under PMAY(G) for Murugan Arumugam F/H of Arumugam,"240,000"
8,Periyapanacheri,15th CFC - VP,2021-2022,New Borewell,"Estimate for Drilling of new Borwell, Erection of Pumpset laying of 90mm Dia Pip lines in Purusothamman Nagar at Periyapanacheri Panchayat","310,000"
9,Periyapanacheri,15th CFC - VP,2021-2022,Drainage,Construction of Storm Water Drain in Balakrishnan Nagar at Periyapanacheri Panchayat,"723,000"
10,Periyapanacheri,SDRF-North East Monsoon,2021-2022,BT Road,Providing Temporary Restoration to Periyapanichery Village and Ram Nagar at Periyapanichery Panchayat,"74,000"
11,Periyapanacheri,AGAMT II,2021-2022,CC Road,Providing Cement Concrete Pavement to Rukmaniammal Street in Periyapanacheri Village at Periyapanacheri Panchayat,"873,000"
12,Periyapanacheri,AGAMT II,2021-2022,Panchayat Office,Construction of village Panchayat office building in Periyapanacheri Panchayat,"2,660,000"
13,Periyapanacheri,CMDA Fund,2022-2023,CC Road,Providing Cement concrete Road at Balakrishna Nagar at Periyapanacheri Panchayat.,665000
14,Periyapanacheri,CMDA Fund,2022-2023,CC Road,Providing Cement concrete Road at Govintharaj Street at Periyapanacheri Panchayat.,1120000
15,Periyapanacheri,CMDA Fund,2022-2023,CC Road,Providing Cement concrete Road at Karunagaran Street at Periyapanacheri Panchayat.,455000
16,Periyapanacheri,CMDA Fund,2022-2023,CC Road,Providing Cement concrete Road  at Aanantha Vinayagar Pradhana Salai at Periyapanacheri Panchayat.,2065000
17,Periyapanacheri,CMDA Fund,2022-2023,CC Road,Providing Cement concrete Road  at Aanantha Vinayagar Nagar 1st Street at Periyapanacheri Panchayat.,329000
18,Periyapanacheri,CMDA Fund,2022-2023,CC Road,Providing Cement concrete Road  at Aanantha Vinayagar Nagar 2nd Street at Periyapanacheri Panchayat.,147000
19,Periyapanacheri,CMDA Fund,2022-2023,CC Road,Providing Cement concrete Road  at Aanantha Vinayagar Nagar 3rd Street at Periyapanacheri Panchayat.,182000
20,Periyapanacheri,CMDA Fund,2022-2023,CC Road,Providing Cement concrete Road  at Aanantha Vinayagar Nagar 4th Street at Periyapanacheri Panchayat.,1316000
21,Periyapanacheri,CMDA Fund,2022-2023,CC Road,Providing Cement concrete Road  at Aanantha Vinayagar Nagar 5th Street  at Periyapanacheri Panchayat.,413000
22,Periyapanacheri,CMDA Fund,2022-2023,CC Road,Providing Cement concrete Road  at Aanantha Vinayagar Nagar 6th Street at Periyapanacheri Panchayat.,427000
23,Periyapanacheri,CMDA Fund,2022-2023,CC Road,Providing Cement concrete Road at Kalathumettu Street at Periyapanacheri Panchayat.,1274000
24,Periyapanacheri,CMDA Fund,2022-2023,CC Road,Providing Cement concrete Road  at Gopal Street at Periyapanacheri Panchayat.,315000
25,Periyapanacheri,CMDA Fund,2022-2023,CC Road,Providing Cement concrete Road  at Ganthi Street at Periyapanacheri Panchayat.,770000
26,Periyapanacheri,CMDA Fund,2022-2023,CC Road,Providing Cement concrete Road at MGR Street at Periyapanacheri Panchayat.,700000
27,Periyapanacheri,CMDA Fund,2022-2023,CC Road,Providing Cement concrete Road  at Vallieswaran  Koil Street at Periyapanacheri Panchayat.,371000
28,Periyapanacheri,CMDA Fund,2022-2023,CC Road,Providing Cement concrete Road at Ambedkar Street at Periyapanacheri Panchayat.,1050000
29,Periyapanacheri,CMDA Fund,2022-2023,CC Road,Providing Cement concrete Road  at Purushothamman Nagar 2nd Street at Periyapanacheri Panchayat.,266000
30,Periyapanacheri,CMDA Fund,2022-2023,CC Road,Providing Cement concrete Road  at Purushothamman Nagar 3rd Street at Periyapanacheri Panchayat.,350000
31,Periyapanacheri,CMDA Fund,2022-2023,Drainage,Providing Strom Water drain at Govintharaj Street at Periyapanacheri Panchayat.,1280000
32,Periyapanacheri,CMDA Fund,2022-2023,Drainage,Providing Strom Water drain at Karunagaran Street at Periyapanacheri Panchayat.,520000
33,Periyapanacheri,CMDA Fund,2022-2023,Drainage,Providing Strom Water drain at Aanantha Vinayagar Pradhana Salai at Periyapanacheri Panchayat.,2360000
34,Periyapanacheri,CMDA Fund,2022-2023,Drainage,Providing Strom Water drain at Aanantha Vinayagar Nagar 1st Street at Periyapanacheri Panchayat.,376000
35,Periyapanacheri,CMDA Fund,2022-2023,Drainage,Providing Strom Water drain at Aanantha Vinayagar Nagar 2nd Street at Periyapanacheri Panchayat.,168000
36,Periyapanacheri,CMDA Fund,2022-2023,Drainage,Providing Strom Water drain at Aanantha Vinayagar Nagar 3rd Street at Periyapanacheri Panchayat.,208000
37,Periyapanacheri,CMDA Fund,2022-2023,Drainage,Providing Strom Water drain at Aanantha Vinayagar Nagar 4th Street at Periyapanacheri Panchayat.,1296000
38,Periyapanacheri,CMDA Fund,2022-2023,Drainage,Providing Strom Water drain at Aanantha Vinayagar Nagar 5th Street at Periyapanacheri Panchayat.,472000
39,Periyapanacheri,CMDA Fund,2022-2023,Drainage,Providing Strom Water drain at Aanantha Vinayagar Nagar 6th Street at Periyapanacheri Panchayat.,488000
40,Periyapanacheri,MGNREGS,2022-2023,Desilting of Supply Channel,Strom water Earthern drain in Rukkumaniyammal Nagar Streets at Periyapanacheri Panchayat (500 m),"300,000"
41,Periyapanacheri,MGNREGS,2022-2023,Moringa nursery,Formation of Moringa nursery at Periyapanacheri Pt 1000 nos,"131,000"
42,Periyapanacheri,MLACDS-Alandur,2022-2023,PDS outlet,"Construction of Public distribution shop Building in periyapanicheri Village at periyapanicheri Panchayat, Kundrathur Block","1,810,000"
43,Periyapanacheri,General Fund - DP,2022-2023,Anganwadi,Construction of Anganwadi Building at Periyapanacheri Village at Periyapanacheri Panchayat.,"1,357,000"
44,Periyapanacheri,15th CFC - DP,2022-2023,Drainage,Construction of Drainage at Ram Nagar Streets at Periyapanacheri Panchayat.,"1,421,000"
45,Periyapanacheri,15th CFC - VP,2022-2023,OHT,Repairs to 60000 litre OHT tank in Periyapanichery 2 nos,"202,984"
46,Periyapanacheri,15th CFC - VP,2022-2023,Pipeline Extension,Provideing Distrubution Line at Kalathu Medu (0m-150m),"94,273"
47,Periyapanacheri,15th CFC - VP,2022-2023,Pipeline Extension,Provideing Distrubution Line at Kalathu Medu (151m-190m),"17,557"
48,Periyapanacheri,15th CFC - VP,2022-2023,Pipeline Extension,Provideing Distrubution Line at Kalathu Medu (191m-230m),"18,743"
49,Periyapanacheri,15th CFC - VP,2022-2023,Pipeline Extension,Providing 90 mm Pipe line from Paraniputhur Periyapanacheri Link Road at Periyapanacheri Panchayat,"107,142"
50,Periyapanacheri,15th CFC - VP,2022-2023,Sanitary complex Repairs,Repairs to Integrated women sanitary complex at periyapanicheri,"86,000"
51,Periyapanacheri,15th CFC - VP,2022-2023,Battery Car,Purchase of new E-Cart 2 no @ Periyapanacheri panchayat,"200,000"
52,Periyapanacheri,15th CFC - VP,2022-2023,CC Road,CC pavement to Balakrishnan Nagar Main Road Periyapanacheri,"386,000"
53,Periyapanacheri,SBM(G),2022-2023,Battery Car,Purchase of E-cart in Periyapanacheri Panchayat,"292,964"
54,Periyapanacheri,SBM(G),2022-2023,Battery Car,Purchase of E-Cart Periyapanacheri Panchayat,"292,964"
55,Periyapanacheri,MGNREGS,2023-2024,Moringa nursery,Raising Murungai nursery in Kulam promboke land at Periyapanacheri panchayat,"112,000"
56,Periyapanacheri,MGNREGS,2023-2024,Rural Sports Centre,Providing Rural Sports Centre (Type C) in S.no. 133 @ Periyapanacheri Panchayat,"60,000"
57,Periyapanacheri,General Fund - BP,2023-2024,Drainage,Construction of storm water drain with RCC cover slap manholes in Ambedkar Street at Periyapanacheri panchayat,"1,878,000"
58,Periyapanacheri,General Fund - VP,2023-2024,CC Road,Providing Cement concrete Road to Colony burial ground,"1,106,000"
59,Periyapanacheri,15th CFC - VP,2023-2024,CC Road,construction of new drainage at ram nagar,"424,466"
60,Periyapanacheri,15th CFC - VP,2023-2024,New Borewell,providing borwell with pumpset at kalathu medu at periyapanicheri,"318,350"
61,Periyapanacheri,15th CFC - VP,2023-2024,Purchase of Tractor,Purchase of new tractor,"300,000"
62,Periyapanacheri,15th CFC - VP,2023-2024,Drainage,Construction of drainage at ram nagar 3m,"18,350"
63,Periyapanacheri,Michaung Flood Damaged Roads,2023-2024,CC Road,Providing of Cement Concrete Road to City Babu Street,"567,000"
64,Periyapanacheri,Michaung Flood Damaged Roads,2023-2024,CC Road,Providing of Cement Concrete Road to Golden Estate 5th Street,"305,000"
65,Periyapanacheri,Michaung Flood Damaged Roads,2023-2024,CC Road,Providing of Cement Concrete Road to Golden Estate Main Road,"800,000"
66,Periyapanacheri,General Fund - BP,2024-2025,Drainage,Construction of Cement Concrete Drainage in Purusothamman Nagar Street at Periyapanacheri,"584,000"
67,Periyapanacheri,15th CFC - VP,2024-2025,CC Road,Providing Cement Concrete Road at Ram Nagar ( Ezhilarasan House to MuthuKumaran House) (Chennai 00.00m to 57.00m),"409,712"
68,Periyapanacheri,15th CFC - VP,2024-2025,New Borewell,Providing New Borwell and Pumpset to Balakrishns Nagar at Periyapanacheri,"337,284"
69,Periyapanacheri,15th CFC - VP,2024-2025,Wire Fencing,Providing Fencing Arrangement to 30000 Ir OHT at Kalathumedu,"40,000"
70,Periyapanacheri,15th CFC - VP,2024-2025,Drainage,Construction of Drainage in Purushotaman Nagar ( Mohan House to Permshankar House ) (Chainage 00.00m to 46.00m),"325,284"
71,Periyapanacheri,15th CFC - VP,2024-2025,Equipment for SWM (including safety equipment),Procurement of Thuimai Kavalai Safety Kits -4 @ Periyapanacheri Panchayat,"12,000"
72,Periyapanacheri,Repairs to Rural House(Const.before 2001),2024-2025,House - Minor Repairs (RRH),Construction of House - Minor Repairs (RRH) Under Repairs to Rural House(Const.before 2001) for Chithra.s F/H of Saravanan,"50,000"
73,Periyapanacheri,Repairs to Rural House(Const.before 2001),2024-2025,House - Minor Repairs (RRH),Construction of House - Minor Repairs (RRH) Under Repairs to Rural House(Const.before 2001) for Jaya C F/H of CHINNADURAI,"50,000"
74,Periyapanacheri,Repairs to Rural House(Const.before 2001),2024-2025,House - Minor Repairs (RRH),Construction of House - Minor Repairs (RRH) Under Repairs to Rural House(Const.before 2001) for Jeeva F/H of THANGADURAI,"49,000"
75,Periyapanacheri,Repairs to Rural House(Const.before 2001),2024-2025,House - Minor Repairs (RRH),Construction of House - Minor Repairs (RRH) Under Repairs to Rural House(Const.before 2001) for Karbagam F/H of KRISHNAN,"48,000"
76,Periyapanacheri,Repairs to Rural House(Const.before 2001),2024-2025,House - Major Repairs (RRH),Construction of House - Major Repairs (RRH) Under Repairs to Rural House(Const.before 2001) for Annakili F/H of SANTHOSAM,"62,000"
77,Periyapanacheri,Repairs to Rural House(Const.before 2001),2024-2025,House - Major Repairs (RRH),Construction of House - Major Repairs (RRH) Under Repairs to Rural House(Const.before 2001) for Naresh.m F/H of MANI,"60,000"
78,Periyapanacheri,Repairs to Rural House(Const.before 2001),2024-2025,House - Major Repairs (RRH),Construction of House - Major Repairs (RRH) Under Repairs to Rural House(Const.before 2001) for Valli.N F/H of NAGAPPAN,"61,000"
79,Periyapanacheri,Kalaignarin Kanavu Illam,2024-2025,KKI,Construction of New House Under Kalaignarin Kanavu Illam for புனிதா பா F/H of பாபு,"310,000"
80,Periyapanacheri,PMAY(G),2024-2025,PMAY(G),Construction of New House Under PMAY-G spill over works of previous year for balaji chinnadurai F/H of chinnadurai,"240,000"
81,Periyapanacheri,MGNREGS,2025-2026,Avenue Tree Plantation,Formation of 2025-26 ATP in Periyapanacheri Village Road at Periyapanacheri Panchayat (200 Nos) 1 Km,"117,795"
82,Periyapanacheri,MGNREGS,2025-2026,Institutional plantation,"Formation of 2025-26 All other Plantation Institutional plantation (5 Nos), Home Plantation 24-25=1,25-26=16 (17 * 2=34 Nos) at Periyapanacheri Panchayat","27,153"
83,Periyapanacheri,MLACDS-Alandur,2025-2026,SHG Building,Construction of Self Help Group Additional Building in Kalathumedu area of ​​Periyapanacheri Panchayat,"1,250,000"
84,Periyapanacheri,15th CFC - VP,2025-2026,CC Road,Providing cement road at Kalathu Mettu Street (40m),"168,610"
85,Periyapanacheri,15th CFC - VP,2025-2026,CC Road,Providing cement road at Ram Nagar Cross Street (45m),"272,046"
86,Periyapanacheri,15th CFC - VP,2025-2026,New Borewell,Providing Borewell at Balakrishna Nagar (1Nos),"330,492"
87,Periyapanacheri,AGAMT library repair,2025-2026,Library Building Repair and Toilet Construction,Repairs and Renovation of Library Building @ Periyapanacheri Panchayat,"236,000"
88,Periyapanacheri,Kalaignarin Kanavu Illam,2025-2026,KKI,Construction of New House Under Kalaignarin Kanavu Illam for CHANDRABABU F/H of MURUGESEAN,"310,000"
89,Periyapanacheri,Kalaignarin Kanavu Illam,2025-2026,KKI,Construction of New House Under Kalaignarin Kanavu Illam for KUMAR F/H of MARI,"310,000"
90,Periyapanacheri,Kalaignarin Kanavu Illam,2025-2026,KKI,Construction of New House Under Kalaignarin Kanavu Illam for RATHINAPANDI F/H of SUBRAMANI,"310,000"
91,Periyapanacheri,Kalaignarin Kanavu Illam,2025-2026,KKI,Construction of New House Under Kalaignarin Kanavu Illam for RAVIKUMAR F/H of ARUMUGAM,"310,000"
92,Periyapanacheri,Kalaignarin Kanavu Illam,2025-2026,KKI,Construction of New House Under Kalaignarin Kanavu Illam for SUNDHAR F/H of RAJENDHIRAN,"310,000"
93,Periyapanacheri,Kalaignarin Kanavu Illam,2025-2026,KKI,Construction of New House Under Kalaignarin Kanavu Illam for SURESH F/H of CHINADURAI,"310,000"
94,Periyapanacheri,CMDA Special Fund,2025-2026,OHT,"Construction of New OHT Tank 30,000 liter Capacity in Kalathumedu at Periyapanacheri Panchsayat","1,900,000"
95,Periyapanacheri,CMDA Special Fund,2025-2026,CC Road,Providing Paver block Pavement levelling to Kalathumedu in Periyapanacheri panchayat,"476,000"
96,Periyapanacheri,CGF Savings Fund - Infra,2025-2026,CC Road,Providing Cement Concrete Pavement to Purusothamman Nagar Road @ Periyapanancheri Panchayat,"1,405,000"
97,Periyapanacheri,CGF Savings Fund - Infra,2025-2026,CC Road,Providing Cement Concrete Pavement to Village BG Road @ Periyapanacheri Panchayat,"563,000"
98,Periyapanacheri,CGF Savings Fund - Infra,2025-2026,Drainage,Providing Storm Water Drain to Purusothamman nagar Road @ Periyapanacheri Panchayat,"758,000"
99,Periyapanacheri,Namma Ooru Namma Arasu,2025-2026,New Borewell,பரணிபுத்தூர் இணைப்பு சாலை பகுதியில் புதிய போர்வெல் அமைத்தல் (இணைப்பு சாலை அருகிலுள்ள OHT-க்கு இணைப்பு),"358,000"
1,Thandalam,MLACDS-Alandur,2021-2022,Community Centre,Construction of Community Hall Building First Floor in Manimedu Village at Thandalam panchayat,"4,000,000"
2,Thandalam,MLACDS-Alandur,2021-2022,Compound Wall,Construction of Burial Ground Compound Wall at Thandalam Panchayat.,"1,200,000"
3,Thandalam,General Fund - BP,2021-2022,CC Road, ORR Road To Manimedu School Road in Thandalam Panchayat,"308,000"
4,Thandalam,PMAY(G),2021-2022,PMAY(G),Construction of New House Under PMAY(G) for Agavalli F/H of Anbazhagan,"240,000"
5,Thandalam,PMAY(G),2021-2022,PMAY(G),Construction of New House Under PMAY(G) for Muralidoss F/H of Saminathan,"240,000"
6,Thandalam,PMAY(G),2021-2022,PMAY(G),Construction of New House Under PMAY(G) for Ravi.M F/H of Munusami,"240,000"
7,Thandalam,PMAY(G),2021-2022,PMAY(G),Construction of New House Under PMAY(G) for Yuvaraj F/H of Ramachandran,"240,000"
8,Thandalam,MGNREGS,2021-2022,Community Soak Pit,Gen Hab 2021-22 Construction of Community Soak Pit Near Annai Nagar OHT at Thandalam Pt,"13,375"
9,Thandalam,MGNREGS,2021-2022,Community Soak Pit,Gen Hab2021-22 Construction of Community Soak Pit Near Manimedu Syntex at Thandalam Pt,"13,375"
10,Thandalam,SDRF-North East Monsoon,2021-2022,BT Road,Providing Temporary Restoration to Thandalam 1 at Thandalam Village Panchayat,"10,000"
11,Thandalam,SDRF-North East Monsoon,2021-2022,BT Road,Providing Temporary Restoration to Thandalam Village at Thandalam Village Panchayat,"110,000"
12,Thandalam,AGAMT library repair,2021-2022,Library Building Repair and Toilet Construction,"Renovation of Library building Reparis at Thandalam,Kundrathur Panchayat.","146,000"
13,Thandalam,15th CFC - VP,2021-2022,New Borewell,"Estimate for Drilling of new Borwell, Erection of Pumpset laying of 90mm Dia Pip lines in Keelma Nagar at Thandalam Panchayat","669,000"
14,Thandalam,15th CFC - VP,2021-2022,Drainage,Construction of Storm Water Drain in Anna Nagar at Thandalam Panchayat,"1,561,000"
15,Thandalam,MLACDS-Alandur,2021-2022,Reverse osmosis plant,Providing Reverse Osmosis Plant Container Model 1000 LPH in the Exsisting Borewell with Submerssible Pumpset in Manimedu Village at Thandalam Panchayat.,"725,000"
16,Thandalam,MGNREGS,2021-2022,School Compound Wall,Construction 2021-22 of Compound Wall Around PUPS in Manimedu Villlage at Thandalam Panchayat (50 m),"338,500"
17,Thandalam,CMDA Fund,2022-2023,CC Road,Providing Cement concrete Pavement to Marriamman koil street at Thandalam Panchayat.,735000
18,Thandalam,CMDA Fund,2022-2023,CC Road,Providing Paver block to Throwpathiamman koil street  at Thandalam Panchayat.,527000
19,Thandalam,CMDA Fund,2022-2023,CC Road,Providing Cement concrete Pavement to Anna nagar Ist street  at Thandalam Panchayat.,1470000
20,Thandalam,CMDA Fund,2022-2023,CC Road,Providing Cement concrete Pavement to Anna nagar 2nd street  at Thandalam Panchayat.,784000
21,Thandalam,CMDA Fund,2022-2023,CC Road,Providing Cement concrete Pavement to Anna nagar 3rd street  at Thandalam Panchayat.,476000
22,Thandalam,CMDA Fund,2022-2023,CC Road,Providing Cement concrete Pavement to Anna nagar 4th street  at Thandalam Panchayat.,336000
23,Thandalam,CMDA Fund,2022-2023,CC Road,Providing Cement concrete Pavement to Anna nagar 5th street  at Thandalam Panchayat.,224000
24,Thandalam,CMDA Fund,2022-2023,CC Road,Providing Cement concrete Pavement to RC Church street   at Thandalam Panchayat.,735000
25,Thandalam,CMDA Fund,2022-2023,CC Road,Providing Cement concrete Pavement to Akash nagarII - Ist street,742000
26,Thandalam,CMDA Fund,2022-2023,CC Road,Providing Cement concrete Pavement to Anna street  at Thandalam Panchayat.,3647000
27,Thandalam,CMDA Fund,2022-2023,CC Road,Providing Cement concrete Pavement to Poongavanam street  at Thandalam Panchayat.,455000
28,Thandalam,CMDA Fund,2022-2023,CC Road,Providing Cement concrete Pavement to Muthamizh street  at Thandalam Panchayat.,392000
29,Thandalam,CMDA Fund,2022-2023,CC Road,Providing Cement concrete Pavement to Pillaiyar koil street  at Thandalam Panchayat.,560000
30,Thandalam,CMDA Fund,2022-2023,CC Road,Providing Cement concrete Pavement to Parthasarathy koil street  at Thandalam Panchayat.,648000
31,Thandalam,CMDA Fund,2022-2023,CC Road,Providing Cement concrete Pavement to Ambethkar street  at Thandalam Panchayat.,616000
32,Thandalam,CMDA Fund,2022-2023,CC Road,Providing Cement concrete Pavement to Annai Indra  Street  at Thandalam Panchayat.,350000
33,Thandalam,CMDA Fund,2022-2023,Drainage,"Providing storm water drain at  Anna street, sai apartment  street (0-362.50m)  at Thandalam Panchayat.",2673000
34,Thandalam,CMDA Fund,2022-2023,Drainage,"Providing storm water drain at  Anna street, sai apartment  street(362.50-726.50m)  at Thandalam Panchayat.",2681000
35,Thandalam,CMDA Fund,2022-2023,CC Road,Providing Cement Concrete Pavement to Nehru Street in Thandalam Village,1904000
36,Thandalam,CMDA Fund,2022-2023,Drainage,Construction of  Storm Water Drain in Aakash Nagar Main Road  at Thandalam Panchayat.,1740000
37,Thandalam,CMDA Fund,2022-2023,Drainage,Construction of  Storm Water Drain in Annai Indra Nagar street  at Thandalam Panchayat.,316000
38,Thandalam,MGNREGS,2022-2023,Desilting of Supply Channel,Strom water Earthern drain in Leelavathi Nagar Street at Thandalam Panchayat (1000 m) 2022-23,"990,000"
39,Thandalam,MGNREGS,2022-2023,Desilting of Supply Channel,Strom water Earthern drain in Melma Nagar St at Thandalam Pt (900 m)2022-23,"950,000"
40,Thandalam,MGNREGS,2022-2023,Desilting of Supply Channel,Strom water Earthern drain in Sarvesh Avenue Street at Thandalam Panchayat (1200 m) 2022-23,"1,205,000"
41,Thandalam,MGNREGS,2022-2023,Desilting of Pond,Construction of Revetment to Vaduvudaiyamman Koil Kulam at Thandalam Panchayat,"1,017,520"
42,Thandalam,MLACDS-Alandur,2022-2023,Kitchen Shed,Costruction of kitchen shed in Adhi dravidar welfare school Primary school @ thandalam Panchayat kundrathur block,"600,000"
43,Thandalam,MLACDS-Sriperumbudur,2022-2023,School Furniture,"Supplying 25 Sets School steel Desk and Bench to Govt. High sec School, Thandalam Panchayat, (Rs.12500 per Set), Kundrathur Panchayat Union.","312,500"
44,Thandalam,General Fund - BP,2022-2023,BT Road,Providing BT road to Thandalam Padasalai street at thandalam apnchayat,"530,000"
45,Thandalam,General Fund - BP,2022-2023,CC Road,Strengthening of village burial ground approach road at thandalam panchayat (chainage from 0m to 150m),"793,000"
46,Thandalam,General Fund - BP,2022-2023,CC Road,Strengthening of village burial ground approach road at thandalam panchayat (chainage from 150m to 274.50m),"657,000"
47,Thandalam,General Fund - BP,2022-2023,School Renovation Work,Renovation to Panchayat primary School East facing 2 class room in Thandalam village @ Thandalam Panchayat,"54,000"
48,Thandalam,15th CFC - VP,2022-2023,OHT,Repairs to 30000 litre OHT tank in Keelma nagar 1 no,"87,000"
49,Thandalam,15th CFC - VP,2022-2023,OHT,Repairs to 30000 litre OHT tank in Manimedu 1 no,"87,000"
50,Thandalam,15th CFC - VP,2022-2023,OHT,Repairs to 30000 litre OHT tank in Melma nagar 1 no,"87,000"
51,Thandalam,15th CFC - VP,2022-2023,OHT,Repairs to 30000 litre OHT tank in Thandalam village 1 no,"87,000"
52,Thandalam,15th CFC - VP,2022-2023,OHT,Repairs to 60000 litre OHT tank in Manimedu 1 no,"93,162"
53,Thandalam,15th CFC - VP,2022-2023,OHT,Repairs to 60000 litre OHT tank in Thandalam village 1 no,"103,000"
54,Thandalam,15th CFC - VP,2022-2023,Pipeline Extension,"Provinding Pipeline Manimedu Bhavani amman Cross Street , Thandalam","110,387"
55,Thandalam,15th CFC - VP,2022-2023,School Renovation Work,Renovation of PUPS Thandalam village @ Thandalam Panchayat,"200,000"
56,Thandalam,15th CFC - VP,2022-2023,Purchase of Tractor,Purchase of new Tractor at Thandalam Panchayat,"300,000"
57,Thandalam,15th CFC - VP,2022-2023,Drainage,construction of drainage to Marriamman koil Street,"78,065"
58,Thandalam,15th CFC - VP,2022-2023,Drainage,Construction of Storm Water Drai in Melma Nagar Street in Thandalam Village at Thandalam Panchayt,"432,216"
59,Thandalam,15th CFC - VP,2022-2023,Drainage,Storm Water Drain in Anna Street in Thandalam Village,"40,516"
60,Thandalam,15th CFC - VP,2022-2023,Drainage,Storm Water Drain in Anna Street in Thandalam Village,"167,000"
61,Thandalam,15th CFC - VP,2022-2023,Battery Car,Purchase of new E-Cart 1 no @ Thandalam panchayat,"100,000"
62,Thandalam,15th CFC - VP,2022-2023,Payment to EB,Settlement to EB Dues at Thandalam Panchayat,"191,171"
63,Thandalam,SBM(G),2022-2023,Construction of IHHL,Construction of Construction of IHHL Under SBM(G) for Kala F/H of Jayaprakash,"12,000"
64,Thandalam,SBM(G),2022-2023,Battery Car,Purchase of E-cart in Thandalam Panchayat,"292,964"
65,Thandalam,SBM(G),2022-2023,Purchase of Tractor,Procurement of Motorized Vehicle at Thandalam Panchayat,"892,220"
66,Thandalam,Mudalvarin Grama Saalaigal Membattu Thittam (MGSMT),2022-2023,BT Road,Thandalam Irandankattalai Road,"3,517,000"
67,Thandalam,General Fund - DP,2022-2023,Anganwadi,Construction of Anganwadi Building in Keezh colony at Thandalam Panchayat,"1,357,000"
68,Thandalam,15th CFC - VP,2022-2023,School Renovation Work,Renovation of PUPS Manimedu village @ Thandalam Panchayat,"200,000"
69,Thandalam,SBM(G),2022-2023,Construction of IHHL,Construction of Construction of IHHL Under SBM(G) for Maheswari K F/H of Kumaravel,"12,000"
70,Thandalam,15th CFC - DP,2022-2023,Drainage,Construction of Strom Water Drain with Dispersion Trench in Anna Street in Thandalam Village at Thandalam Panchayat.,"847,000"
71,Thandalam,SBM(G),2022-2023,Construction of IHHL,Construction of Construction of IHHL Under SBM(G) for Jothi F/H of Thamizharasan,"12,000"
72,Thandalam,MGNREGS,2022-2023,Desilting of PWD Channel,Strom water Earthern drain in Nagathamman Koil Street at Thandalam Panchayat (1000 m)2022-23,"990,000"
73,Thandalam,General Fund - BP,2022-2023,School Renovation Work,Renovation to Panchayat primary school south facing 2 class room in manimedu village @ Thandalam Panchayat,"54,000"
74,Thandalam,15th CFC - DP,2022-2023,Drainage,Construction of Strom Water Drain with Dispersion Trench in Valluvar Nehru Street in Manimedu Village at Thandalam Panchayat,"2,447,000"
75,Thandalam,15th CFC - BP,2022-2023,Drainage,"Construction of Storm water Drain in Srinivasapuram Iyyappa Nagar, Karumariamman Koil Street at Paraniputhur Panchayat","1,500,000"
76,Thandalam,General Fund - BP,2023-2024,OHT,Providing Erection of New 7.50 HP Pumpset Panel Board with allied Materials in Open well in Thandalam @ Thandalam Panchayat,"436,000"
77,Thandalam,General Fund - BP,2023-2024,Kitchen Shed Repairs,Renovation of Kitchen shed at PUPS School in Thandalam Panchayat,"59,000"
78,Thandalam,General Fund - VP,2023-2024,CC Road,Providing Cement concrete to Valluvartreet,"1,540,000"
79,Thandalam,15th CFC - VP,2023-2024,Battery Car,Purchasing of E cart in Nos,"270,000"
80,Thandalam,15th CFC - VP,2023-2024,Drainage,Construction drainage at Church street,"416,190"
81,Thandalam,15th CFC - VP,2023-2024,New Borewell,pROVIDING BOREWELL WITH PUMPSET IN PECIL GOLD,"686,190"
82,Thandalam,Michaung Flood Damaged Roads,2023-2024,CC Road,Providing Cement Concrete Road to Leelavathy Nagar VI Street,"386,000"
83,Thandalam,Michaung Flood Damaged Roads,2023-2024,CC Road,Providing of Cement Concrete Road to Oil Mill Street,"291,000"
84,Thandalam,MGNREGS,2023-2024,Rural Sports Centre,Providing Rural Sports Centre (TYPE C) for Thandalam Keezh colony in S.No. 187 at Thandalam Panchayat,"60,000"
85,Thandalam,SBM(G),2023-2024,Battery Car,Procurement of E-Cart - 1 Thandalam Panchayat,"252,750"
86,Thandalam,SBM(G),2023-2024,Battery Car,Procurement of E-Cart - 3 Thandalam Panchayat,"252,750"
87,Thandalam,Michaung Flood Damaged Roads,2023-2024,CC Road,Providing Cement Concrete Road to Brisil Gold II Main Road,"1,063,000"
88,Thandalam,Michaung Flood Damaged Roads,2023-2024,CC Road,Providing of Cement Concrete Road to sree avvenue Street,"740,000"
89,Thandalam,15th CFC - VP,2023-2024,CC Road,construction drainage at mariyamman koil street 63m,"467,810"
90,Thandalam,15th CFC - VP,2023-2024,CC Road,construction drainage at mariyamman koil street 63mm,"447,111"
91,Thandalam,SBM(G),2023-2024,Battery Car,Procurement of E-Cart - 2 Thandalam Panchayat,"252,750"
92,Thandalam,Michaung Flood Damaged Roads,2023-2024,CC Road,Providing Cement Concrete Road to Anugraha Avenue Main Road,"2,657,000"
93,Thandalam,Michaung Flood Damaged Roads,2023-2024,CC Road,Providing Cement Concrete Road to Brisil Gold III Street,"794,000"
94,Thandalam,Michaung Flood Damaged Roads,2023-2024,CC Road,Providing Cement Concrete Road to Chandra Avenue I Street,"690,000"
95,Thandalam,Michaung Flood Damaged Roads,2023-2024,CC Road,Providing Cement Concrete Road to Chandra Avenue Street,"380,000"
96,Thandalam,Michaung Flood Damaged Roads,2023-2024,CC Road,Providing Cement Concrete Road to Church Street In Anugraha Avenue,"939,000"
97,Thandalam,Michaung Flood Damaged Roads,2023-2024,CC Road,Providing Cement Concrete Road to Sree Padmavathy Street,"566,000"
98,Thandalam,Michaung Flood Damaged Roads,2023-2024,CC Road,Providing of Cement Concrete Road to Subham Avenue,"374,000"
99,Thandalam,General Fund - BP,2023-2024,Kitchen Shed Repairs,Renovation of Kitchen shed at PUPS School in Manimedu in Thandalam,"115,000"
100,Thandalam,General Fund - BP,2023-2024,Drainage,Construction of storm water drain RCC slab culvert in Ramu Street at Thandalam Panchayat,"1,579,000"
101,Thandalam,General Fund - BP,2023-2024,Open Well,Providing Erection of New 7.50 HP Pumpset Panel Board with allied Materials in Open well in Manimedu @ Thandalam Panchayat,"436,000"
102,Thandalam,Peri Urban Panchayat - CMDA Fund,2023-2024,CC Road,Providing Cement Concrete to Ambethkar street,"5,292,000"
103,Thandalam,Peri Urban Panchayat - CMDA Fund,2023-2024,CC Road,Providing Cement Concrete to Annai Teresa street,"861,000"
104,Thandalam,Peri Urban Panchayat - CMDA Fund,2023-2024,CC Road,Providing Cement Concrete to Bharathy street,"1,120,000"
105,Thandalam,Peri Urban Panchayat - CMDA Fund,2023-2024,CC Road,Providing Cement Concrete to Kalignar street,"1,218,000"
106,Thandalam,Peri Urban Panchayat - CMDA Fund,2023-2024,CC Road,Providing Cement Concrete to Kambar street,"1,365,000"
107,Thandalam,Peri Urban Panchayat - CMDA Fund,2023-2024,CC Road,Providing Cement Concrete to Mololisa street,"490,000"
108,Thandalam,Peri Urban Panchayat - CMDA Fund,2023-2024,CC Road,Providing Cement Concrete to Nagathamman koil street,"1,785,000"
109,Thandalam,Peri Urban Panchayat - CMDA Fund,2023-2024,CC Road,Providing Cement Concrete to Periyar street,"1,260,000"
110,Thandalam,Peri Urban Panchayat - CMDA Fund,2023-2024,CC Road,Providing Cement Concrete to Purushotaman street,"490,000"
111,Thandalam,Peri Urban Panchayat - CMDA Fund,2023-2024,CC Road,Providing Cement Concrete to Ramu street,"875,000"
112,Thandalam,Michaung Flood Damaged Roads,2023-2024,CC Road,Providing Cement Concrete Road to Leelavathy Nagar III Street,"518,000"
113,Thandalam,Michaung Flood Damaged Roads,2023-2024,CC Road,Providing Cement Concrete Road to Leelavathy Nagar IV Street,"486,000"
114,Thandalam,Michaung Flood Damaged Roads,2023-2024,CC Road,Providing Cement Concrete Road to Leelavathy Nagar V Street,"428,000"
115,Thandalam,SSA Integrated School Building,2023-2024,Repair to Smart Class,Renovation of Single Class Room for Smart Class in PUPS manimedu (South Facing) @ Thandalam Panchayat,"90,000"
116,Thandalam,MLACDS-Alandur,2024-2025,Reverse osmosis plant,"Supply, Installation Commissioning of Reverse Osmosis Plant (RO Plant) Commercial Model-2000 LPH in Keezma Nagar at Thandalam Panchayat","970,000"
117,Thandalam,MLACDS-Alandur,2024-2025,Reverse osmosis plant,"Supply, Installation Commissioning of Reverse Osmosis Plant (RO Plant) Commercial Model-2000 LPH in Melma Nagar at Thandalam Panchayat","970,000"
118,Thandalam,MLACDS-Alandur,2024-2025,RATION SHOP,Construction of Ratiopn Shop Building in Melma Nagar at Thandalam Panchayat.,"1,400,000"
119,Thandalam,PMAY(G),2024-2025,PMAY(G),Construction of New House Under PMAY(G) for Devi. R F/H of Ramesh,"120,000"
120,Thandalam,PMAY(G),2024-2025,PMAY(G),Construction of New House Under PMAY(G) for Kuppan F/H of Vasupullai,"240,000"
121,Thandalam,PMAY(G),2024-2025,PMAY(G),Construction of New House Under PMAY(G) for K Velayutham F/H of Kanthasamy,"120,000"
122,Thandalam,15th CFC - VP,2024-2025,New Borewell,Providing new Borewell pumset and pipe line to Thandalam village and panchayat(180m),"727,003"
123,Thandalam,15th CFC - VP,2024-2025,Wire Fencing,providing fensing arrangement to 30000 lr OHT in Kuvayar Street at Thadalam village and Panchayat,"46,000"
124,Thandalam,15th CFC - VP,2024-2025,Wire Fencing,providing fensing arrangement to 60000 lr OHT Pilliyar Kovil Street at Thadalam village and Panchayat,"46,000"
125,Thandalam,15th CFC - VP,2024-2025,Equipment for SWM (including safety equipment),Proquerment of Thuimai Kavalai Safety Kits -9 @ Thandalam panchayat,"27,000"
126,Thandalam,Repairs to Rural House(Const.before 2001),2024-2025,House - Minor Repairs (RRH),Construction of House - Minor Repairs (RRH) Under Repairs to Rural House(Const.before 2001) for Arumugam F/H of NANDAN,"50,000"
127,Thandalam,Repairs to Rural House(Const.before 2001),2024-2025,House - Minor Repairs (RRH),Construction of House - Minor Repairs (RRH) Under Repairs to Rural House(Const.before 2001) for Kumar K F/H of KARUNAIVEL,"49,000"
128,Thandalam,Repairs to Rural House(Const.before 2001),2024-2025,House - Minor Repairs (RRH),Construction of House - Minor Repairs (RRH) Under Repairs to Rural House(Const.before 2001) for Kutty G F/H of GOVINDAN,"50,000"
129,Thandalam,Repairs to Rural House(Const.before 2001),2024-2025,House - Minor Repairs (RRH),Construction of House - Minor Repairs (RRH) Under Repairs to Rural House(Const.before 2001) for Nithiyanatham M F/H of MUTHU,"50,000"
130,Thandalam,Repairs to Rural House(Const.before 2001),2024-2025,House - Minor Repairs (RRH),Construction of House - Minor Repairs (RRH) Under Repairs to Rural House(Const.before 2001) for Ramani F/H of SHANMUGAM,"49,500"
131,Thandalam,Repairs to Rural House(Const.before 2001),2024-2025,House - Minor Repairs (RRH),Construction of House - Minor Repairs (RRH) Under Repairs to Rural House(Const.before 2001) for Vadivel v F/H of VEERASAMMY,"50,000"
132,Thandalam,Repairs to Rural House(Const.before 2001),2024-2025,House - Minor Repairs (RRH),Construction of House - Minor Repairs (RRH) Under Repairs to Rural House(Const.before 2001) for Vanishree H F/H of HARIDASS,"48,000"
133,Thandalam,Repairs to Rural House(Const.before 2001),2024-2025,House - Minor Repairs (RRH),Construction of House - Minor Repairs (RRH) Under Repairs to Rural House(Const.before 2001) for Vijayan D F/H of DURAIDSAMMY,"49,000"
134,Thandalam,Repairs to Rural House(Const.before 2001),2024-2025,House - Minor Repairs (RRH),Construction of House - Minor Repairs (RRH) Under Repairs to Rural House(Const.before 2001) for விநாயக மூர்த்தி F/H of KATHIRVEL,"50,000"
135,Thandalam,Repairs to Rural House(Const.before 2001),2024-2025,House - Major Repairs (RRH),Construction of House - Major Repairs (RRH) Under Repairs to Rural House(Const.before 2001) for Chithra F/H of NITHIYANANDAN,"56,000"
136,Thandalam,Repairs to Rural House(Const.before 2001),2024-2025,House - Major Repairs (RRH),Construction of House - Major Repairs (RRH) Under Repairs to Rural House(Const.before 2001) for Ponni M F/H of Murugan,"56,000"
137,Thandalam,Repairs to Rural House(Const.before 2001),2024-2025,House - Major Repairs (RRH),Construction of House - Major Repairs (RRH) Under Repairs to Rural House(Const.before 2001) for Selvi K F/H of KATHIRVEL,"57,000"
138,Thandalam,Kalaignarin Kanavu Illam,2024-2025,KKI,Construction of New House Under Kalaignarin Kanavu Illam for Subaitha Alikutti F/H of Alikutti,"310,000"
139,Thandalam,Repairs to Rural houses(constructed before 2001) 2024-25 phase II,2024-2025,House - Minor Repairs (RRH),Construction of House - Minor Repairs (RRH) Under Repairs to Rural houses(constructed before 2001) 2024-25 phase II for Baskar V F/H of Velu,"55,000"
140,Thandalam,Repairs to Rural houses(constructed before 2001) 2024-25 phase II,2024-2025,House - Minor Repairs (RRH),Construction of House - Minor Repairs (RRH) Under Repairs to Rural houses(constructed before 2001) 2024-25 phase II for Geetha A F/H of Arasu,"55,000"
141,Thandalam,Repairs to Rural houses(constructed before 2001) 2024-25 phase II,2024-2025,House - Minor Repairs (RRH),Construction of House - Minor Repairs (RRH) Under Repairs to Rural houses(constructed before 2001) 2024-25 phase II for Latha G F/H of Gunasekaran,"55,000"
142,Thandalam,Repairs to Rural houses(constructed before 2001) 2024-25 phase II,2024-2025,House - Minor Repairs (RRH),Construction of House - Minor Repairs (RRH) Under Repairs to Rural houses(constructed before 2001) 2024-25 phase II for Muniyammal M F/H of Mani,"55,000"
143,Thandalam,Repairs to Rural houses(constructed before 2001) 2024-25 phase II,2024-2025,House - Minor Repairs (RRH),Construction of House - Minor Repairs (RRH) Under Repairs to Rural houses(constructed before 2001) 2024-25 phase II for Pugazhvanan F/H of Chinnadurai,"55,000"
144,Thandalam,PMAY(G),2024-2025,PMAY(G),Construction of New House Under PMAY(G) for SUMATHI.V F/H of Vijayakumar,"240,000"
145,Thandalam,15th CFC - VP,2024-2025,Wire Fencing,providing fensing arrangement to 30000 lr OHT in Akash Nagar II nd Street at Keel colony @ Thandalam Panchayat,"40,000"
146,Thandalam,Iyothee Thass Pandithar Habitation Development Scheme,2024-2025,CC Road,Providing Cement Concrete Pavement (46 m) to Keelma Nagar Aakash Nagar III Street at Thandalam Panchayat,"464,000"
147,Thandalam,Iyothee Thass Pandithar Habitation Development Scheme,2024-2025,CC Road,Providing Cement Concrete Pavement (46 m) to Keelma Nagar Aakash Nagar Vth Street at Thandalam Panchayat,"433,000"
148,Thandalam,Iyothee Thass Pandithar Habitation Development Scheme,2024-2025,CC Road,Providing Cement Concrete Pavement (56 m) to Keelma Nagar Aakash Nagar II Street at Thandalam Panchayat,"562,000"
149,Thandalam,Repairs to Rural House(Const.before 2001),2024-2025,House - Major Repairs (RRH),Construction of House - Major Repairs (RRH) Under Repairs to Rural House(Const.before 2001) for ராஜன் F/H of EATTI,"61,000"
150,Thandalam,Kalaignarin Kanavu Illam,2024-2025,KKI,Construction of New House Under Kalaignarin Kanavu Illam for Ramani M F/H of Murugan,"310,000"
151,Thandalam,Kalaignarin Kanavu Illam,2024-2025,KKI,Construction of New House Under Kalaignarin Kanavu Illam for பச்சையப்பன் வே F/H of வேல்சாமி,"310,000"
152,Thandalam,Repairs to Rural houses(constructed before 2001) 2024-25 phase II,2024-2025,House - Minor Repairs (RRH),Construction of House - Minor Repairs (RRH) Under Repairs to Rural houses(constructed before 2001) 2024-25 phase II for Kanniyammal M F/H of Murugan,"55,000"
153,Thandalam,15th CFC - VP,2024-2025,CC Road,providing cement concrete road and drain at Devi karumaariamman kovil street ( Kasthuri House to Selvaraj House ) (Chainage 00.00m to 57.00m),"803,337"
154,Thandalam,Iyothee Thass Pandithar Habitation Development Scheme,2024-2025,CC Road,Providing Cement Concrete Pavement (63 m) and CC Drain to Melma Nagar Bajanai Koil Street in Thandalam Colont at Thandalam Panchayat,"636,000"
155,Thandalam,Repairs to Rural House(Const.before 2001),2024-2025,House - Minor Repairs (RRH),Construction of House - Minor Repairs (RRH) Under Repairs to Rural House(Const.before 2001) for Jayanthi F/H of SIVAKUMAR,"49,500"
156,Thandalam,Repairs to Rural House(Const.before 2001),2024-2025,House - Minor Repairs (RRH),Construction of House - Minor Repairs (RRH) Under Repairs to Rural House(Const.before 2001) for Mohana F/H of APPANRAJ,"50,000"
157,Thandalam,Repairs to Rural House(Const.before 2001),2024-2025,House - Minor Repairs (RRH),Construction of House - Minor Repairs (RRH) Under Repairs to Rural House(Const.before 2001) for Muniyammal F/H of Kuzhanthaisamy,"49,500"
158,Thandalam,Repairs to Rural House(Const.before 2001),2024-2025,House - Minor Repairs (RRH),Construction of House - Minor Repairs (RRH) Under Repairs to Rural House(Const.before 2001) for Valliammal F/H of MURUSAMMY,"50,000"
159,Thandalam,Repairs to Rural House(Const.before 2001),2024-2025,House - Minor Repairs (RRH),Construction of House - Minor Repairs (RRH) Under Repairs to Rural House(Const.before 2001) for அமுலு F/H of MANIKANDAN,"50,000"
160,Thandalam,Kalaignarin Kanavu Illam,2024-2025,KKI,Construction of New House Under Kalaignarin Kanavu Illam for Kalaiarsi Duraisamy F/H of Duraisamy,"310,000"
161,Thandalam,General Fund - DP,2024-2025,CC Road,Providing Cement Road in Manimedu NSC Bose Street at Thandalam Panchayat,"750,000"
162,Thandalam,PMAY(G),2024-2025,PMAY(G),Construction of New House Under PMAY(G) for Sarala F/H of Kanniyappan,"120,000"
163,Thandalam,15th CFC - VP,2024-2025,Wire Fencing,providing fensing arrangement to 30000 lr OHT in Bhavani Amman Kovil Street at Manimedu @ Thandalam Panchayat,"40,000"
164,Thandalam,15th CFC - VP,2024-2025,Drainage,Construction of Drainage in Akash nagar street ( Elongo House to Sham House ) (Chainage 00.00m to 101.00m),"700,003"
165,Thandalam,MGNREGS,2025-2026,Avenue Tree Plantation,Formation of Avenue Tree Plantation 2025-26 from thandalam to Irrandamkatalai Road 500m (100nos) at Thandalam Panchayat (0.5 km),"61,495"
166,Thandalam,MGNREGS,2025-2026,Widening of Supply Channel,Con of 2025-26 Construction of 25-26 Distributing Canal for Semaprapakkam Supply Channell(PWD) to Adayar River(PWD) Tharapkam SuplyChal Ch Thandalam Panchayat (Ch 0/0 - 0/420 X3X1.5) (420X3X1.5),"628,104"
167,Thandalam,MGNREGS,2025-2026,Watering of Avenue Tree Plantation,Watering of Existing Plantation 2023-24 in ATP in Thandalam Manimedu at Thandalam Panchayat (850 Nos),"257,294"
168,Thandalam,MGNREGS,2025-2026,Institutional plantation,"Formation of 2025-26 All other Plantation Institutional plantation (15 Nos), Home Plantation 24-25=9,25-26=18 (27 * 2=54 Nos) at Thandalam Panchayat","44,043"
169,Thandalam,15th CFC - VP,2025-2026,CC Road,Providing cement road at SS Garden Street (135m),"949,824"
170,Thandalam,15th CFC - VP,2025-2026,New Borewell,Providing New Borewell at Melma Nagar (1Nos),"712,368"
171,Thandalam,Kalaignarin Kanavu Illam,2025-2026,KKI,Construction of New House Under Kalaignarin Kanavu Illam for ANTHONY F/H of ETTI,"310,000"
172,Thandalam,Kalaignarin Kanavu Illam,2025-2026,KKI,Construction of New House Under Kalaignarin Kanavu Illam for AZHAGUSUNDARI F/H of DAVIDRAJ,"310,000"
173,Thandalam,Kalaignarin Kanavu Illam,2025-2026,KKI,Construction of New House Under Kalaignarin Kanavu Illam for Jaganathan Subramani F/H of Subramani,"310,000"
174,Thandalam,Kalaignarin Kanavu Illam,2025-2026,KKI,Construction of New House Under Kalaignarin Kanavu Illam for POONKOTHAI F/H of LOGHU,"310,000"
175,Thandalam,Kalaignarin Kanavu Illam,2025-2026,KKI,Construction of New House Under Kalaignarin Kanavu Illam for SHANMUGAM F/H of KALYANASUNDHARAM,"310,000"
176,Thandalam,CMDA Special Fund,2025-2026,OHT,"Construction of 60,000 lit OHT in Keelmanagar Piscil GOLD Area at Thandalam Panchayat.","2,900,000"
177,Thandalam,CMDA Special Fund,2025-2026,Bus Shelter,Providing Bus Stand and compound wall in Thandalam Village at Thandalam Panchayat,"4,000,000"
178,Thandalam,Namma Ooru Namma Arasu,2025-2026,Pipeline Extension,கீழ்மா நகர் பகுதியில் எஸ்.எஸ் கார்டன் பகுதியில் புதியதாக பைப்லைன் விஸ்தரிப்பு பணிகள் (150மீ),"58,000"
179,Thandalam,AGAMT II,2025-2026,Burial Ground,Improvements to Burial Ground Compound wall - 28M With Bore Well in Keezhma nagar @ Thandalam Panchayat,"552,000"
180,Thandalam,AGAMT II,2025-2026,Burial Ground,Improvements to Burial Ground Compound wall -67M and 13M CC Road Keezhma nagar @ Thandalam Panchayat,"700,000"
181,Thandalam,Kalaignarin Kanavu Illam,2025-2026,KKI,Construction of New House Under Kalaignarin Kanavu Illam for Praveen kumar. T F/H of ThanigaiArasu,"310,000"
182,Thandalam,Kalaignarin Kanavu Illam,2025-2026,KKI,Construction of New House Under Kalaignarin Kanavu Illam for Venu F/H of Seethapathy,"310,000"
183,Thandalam,CMDA Special Fund,2025-2026,Culvert,Providing 2m Span Culvert at Keelma Nagar near Burial Ground @ Thandalam Panchayat,"457,000"
184,Thandalam,CMDA Special Fund,2025-2026,Culvert,Providing 2m Span Culvert at Keelma Nagar near PDS building @ Thandalam Panchayat,"787,000"
185,Thandalam,CMDA Special Fund,2025-2026,CC Road,Providing Cement Concrete Pavement and Storm Water Drain at Keelma Nagar Mariamman Koil Street @ Thandalam Panchayat,"960,000"
186,Thandalam,CMDA Special Fund,2025-2026,CC Road,Providing Cement Concrete Pavement to Aakash Nagar II 4th Street @ Thandalam Panchayat,"550,000"
187,Thandalam,CMDA Special Fund,2025-2026,CC Road,Providing Cement Concrete Pavement to Aakash Nagar II 6th Street @ Thandalam Panchayat,"401,000"
188,Thandalam,CMDA Special Fund,2025-2026,CC Road,Providing Cement Concrete Pavement to Aakash Nagar II 7th Street 8th Street @ Thandalam Panchayat,"234,000"
189,Thandalam,CMDA Special Fund,2025-2026,CC Road,Providing Cement Concrete Pavement to Anna Street 4th Street @ Thandalam Panchayat,"971,000"
190,Thandalam,CMDA Special Fund,2025-2026,Drainage,"Construction of Storm Water Drain RCC Slab Culverts (2 Numbers) in Aakash Nagar II, Keel colony Main Road , 1st 2nd Street @ Thandalam Panchayat","2,451,000"
191,Thandalam,CMDA Special Fund,2025-2026,Drainage,"Construction of Storm Water Drain RCC Slab Culverts (2 Numbers) in Aakash Nagar II, Keel colony Main Road , 3rd, 4th 5th Street @ Thandalam Panchayat","1,857,000"
192,Thandalam,CGF Savings Fund - Infra,2025-2026,BT Road,Providing BT to Keelma Nagar B.G Road @ Thandalam Panchayat,"3,340,000"
193,Thandalam,CGF Savings Fund - Infra,2025-2026,CC Road,Providing Cement Concrete Pavement to Keelma Nagar Main Road @ Thandalam Panchayat,"688,000"
194,Thandalam,CGF Savings Fund - Infra,2025-2026,CC Road,Providing Cement Concrete Pavement to Mariamman Koil III Cross Street @ Thandalam Panchayat,"512,000"
195,Thandalam,CGF Savings Fund - Infra,2025-2026,CC Road,Providing Cement Concrete Pavement to Mariamman Koil Street @ Thandalam Panchayat,"606,000"
196,Thandalam,AGAMT II,2025-2026,CC Road,Providing Cement Concrete Road @ Ragavendra Nagar 136m Melmanagar Village @ Thandalam Panchayat,"1,260,000"
197,Thandalam,Kalaignarin Kanavu Illam,2025-2026,KKI,Construction of New House Under Kalaignarin Kanavu Illam for ELUMALAI M F/H of MUTHU,"310,000"
198,Thandalam,CMDA Special Fund,2025-2026,CC Road,Providing Cement Concrete Pavement to Mariyamman Koil Street at Melma Nagar @ Thandalam Panchayat,"1,270,000"
199,Thandalam,CGF Savings Fund - Infra,2025-2026,CC Road,Providing Cement Concrete Pavement to Karumariamman Nagar Road Annexe Street @ Thandalam Panchayat,"1,016,000"
200,Thandalam,CMDA Special Fund,2025-2026,CC Road,Providing Cement Concrete Pavement to Aakash Nagar Sarojini Street @ Thandalam Panchayat,"458,000"
201,Thandalam,AGAMT II,2025-2026,Burial Ground,Improvements to Burial Ground Compound wall -100M and 17M CC Road Manimedu Village @ Thandalam Panchayat,"1,907,000"
202,Thandalam,Kalaignarin Kanavu Illam,2025-2026,KKI,Construction of New House Under Kalaignarin Kanavu Illam for Anjalai F/H of Velu,"310,000"
203,Thandalam,Kalaignarin Kanavu Illam,2025-2026,KKI,Construction of New House Under Kalaignarin Kanavu Illam for Mohanavalli F/H of Amulraj,"310,000"
204,Thandalam,Kalaignarin Kanavu Illam,2025-2026,KKI,Construction of New House Under Kalaignarin Kanavu Illam for Partheepan N F/H of Nagappan,"310,000"
205,Thandalam,Kalaignarin Kanavu Illam,2025-2026,KKI,Construction of New House Under Kalaignarin Kanavu Illam for Pavun F/H of Mari,"310,000"
206,Thandalam,Kalaignarin Kanavu Illam,2025-2026,KKI,Construction of New House Under Kalaignarin Kanavu Illam for PAZHANIAMMAL F/H of MUTHUKRISHNAN,"310,000"
207,Thandalam,Kalaignarin Kanavu Illam,2025-2026,KKI,Construction of New House Under Kalaignarin Kanavu Illam for Sundaravadielu F/H of Sammantham,"310,000"
208,Thandalam,Rural Roads Maintenance,2025-2026,BT Road,Thandalam Manimedu road Km 0/0 -1/300,"221,000"
209,Thandalam,CMDA Special Fund,2025-2026,OHT,"Construction of 60,000 lit OHT in Golden paradise in manimedu village at Thandalam Panchayat","2,900,000"
210,Thandalam,CMDA Special Fund,2025-2026,Culvert,Providing 3m Span Culvert at Akash nagar Rajeshwari street(6x5m) @ Thandalam Panchayat,"1,000,000"
211,Thandalam,CMDA Special Fund,2025-2026,Culvert,Providing 5m Span Culvert at Manimedu Bhavaniamman koil street (7.5x5.00m) at Thandalam Panchayat,"1,188,000"
212,Thandalam,CMDA Special Fund,2025-2026,CC Road,Providing Cement Concrete Pavement Approach Road to Thandalam Community Hall,"358,000"
213,Thandalam,CMDA Special Fund,2025-2026,CC Road,"Providing Cement Concrete Pavement to Aakash Nagar Vallalar Street, Vasantham Street Kamarajar Street @ Thandalam Panchayat","903,000"
214,Thandalam,CMDA Special Fund,2025-2026,CC Road,Providing Cement Concrete Pavement to Aakash Nagar VOC Street @ Thandalam Panchayat,"884,000"
215,Thandalam,CMDA Special Fund,2025-2026,CC Road,"Providing Cement Concrete Pavement to Bhavaniamman Koil I, II III Streets @ Thandalam Panchayat","1,541,000"
216,Thandalam,CMDA Special Fund,2025-2026,CC Road,Providing Cement Concrete Pavement to Manimedu RO Plant Road @ Thandalam Panchayat,"628,000"
217,Thandalam,CMDA Special Fund,2025-2026,CC Road,Providing Cement Concrete Pavement to Manimedu Village Gandhi Street @ Thandalam Panchayat,"1,169,000"
218,Thandalam,CMDA Special Fund,2025-2026,CC Road,Providing Cement Concrete Pavement to Sarvesh Avenue Road @ Thadalam Panchayat,"377,000"
219,Thandalam,CMDA Special Fund,2025-2026,Drainage,"Construction of Storm Water Drain in Aakash Nagar Vallalar Street, Vasantham Street, Kamarajar Street MGR Street @ Thandalam Panchayat","825,000"
220,Thandalam,CMDA Special Fund,2025-2026,Drainage,Construction of Storm water Drain in Anna Street 4th Street @ Thandalam Panchayat,"945,000"
221,Thandalam,CMDA Special Fund,2025-2026,Drainage,Construction of Storm water Drain Manimedu Village Rajaji Street @ Thandalam Panchayat,"436,000"
222,Thandalam,CGF Savings Fund - Infra,2025-2026,CC Road,Providing Cement Concrete Pavement to Aakash Nagar Rajeshwari Street @ Thandalam Panchayat,"1,227,000"
223,Thandalam,CGF Savings Fund - Infra,2025-2026,CC Road,Providing Cement Concrete Pavement to Aakash Nagar Villa Road @ Thandalam Panchayat,"1,373,000"
224,Thandalam,CGF Savings Fund - Infra,2025-2026,CC Road,Providing Cement Concrete Pavement to Leelavathy Nagar 7th Street @ Thandalam Panchayat,"1,432,000"
225,Thandalam,CGF Savings Fund - Infra,2025-2026,CC Road,Providing Cement Concrete Pavement to Leelavathy Nagar 8th Street @ Thandalam Panchayat,"481,000"
226,Thandalam,CGF Savings Fund - Infra,2025-2026,CC Road,Providing Cement Concrete Pavement to Nagathamman Koil Main Road Cross Street at Manimedu @ Thandalam Panchayat,"3,600,000"
227,Thandalam,CGF Savings Fund - Infra,2025-2026,Drainage,Construction of Storm water Drain RCC Slab Culverts 4 Numbers in Nagathamman Koil Street @ Thandalam Panchayat,"3,452,000"
228,Thandalam,CGF Savings Fund - Infra,2025-2026,Drainage,Providing Storm water Drain to Aakash Nagar Maria Street @ Thandalam Panchayat,"472,000"
1,Tharapakkam,15th CFC - BP,2021-2022,Drainage,Construction of Rain water Drain with Dispersion trench in Alex Nagar in Tharapakkam Panchayat,"419,000"
2,Tharapakkam,15th CFC - BP,2021-2022,Drainage,Construction of Rain water Drain with Dispersion trench in Kamarajar Street Bharathy Nagar at Tharapakkam Panchayat,"435,000"
3,Tharapakkam,15th CFC - BP,2021-2022,Drainage,Construction of Rain water Drain with Dispersion trench in Murasolimaaran Street Bharathy Nagar at Tharapakkam Panchayat,"435,000"
4,Tharapakkam,15th CFC - BP,2021-2022,Drainage,Construction of Rain water Drain with Dispersion trench in Thiruvalluvar Street Bharathy Nagar at Tharapakkam Panchayat,"462,000"
5,Tharapakkam,SBM(G),2021-2022,Construction of IHHL,Construction of IHHL Under SBM(G) for ANUSUYA V F/H of VASANTHAKUMAR,"12,000"
6,Tharapakkam,SBM(G),2021-2022,Construction of IHHL,Construction of IHHL Under SBM(G) for UMA S F/H of SUNDHARAM,"12,000"
7,Tharapakkam,SBM(G),2021-2022,Construction of IHHL,Construction of IHHL Under SBM(G) for VELMURUGAN V F/H of VELAYUTHAM,"12,000"
8,Tharapakkam,SBM(G),2021-2022,Community Soak Pit,Contruction of Community Soak pit Vineshwara Nagar 1st Street,"13,500"
9,Tharapakkam,SBM(G),2021-2022,Community Soak Pit,Contruction of Community Soak pit at Vineshwara Nagar 3rd Street,"13,500"
10,Tharapakkam,SBM(G),2021-2022,Community Soak Pit,Contruction of Community Soak pit @ CP Garden,"13,500"
11,Tharapakkam,SBM(G),2021-2022,Community Soak Pit,Contruction of Community Soak pit @ in Vineshwara Nagar 1st Street,"13,500"
12,Tharapakkam,SBM(G),2021-2022,Community Soak Pit,Contruction of Community Soak pit in Vineshwara Nagar 4th Street,"13,500"
13,Tharapakkam,SBM(G),2021-2022,Community Soak Pit,Contruction of Community Soak pit Vineshwara Nagar 2nd Street,"13,500"
14,Tharapakkam,SBM(G),2021-2022,Community Soak Pit,Contruction of Community Soak pit @ Vineshwara Nagar 4th Street,"13,500"
15,Tharapakkam,SBM(G),2021-2022,Community Soak Pit,Contruction of Community Soak pit At Vineshwara Nagar 1st Street,"13,500"
16,Tharapakkam,SBM(G),2021-2022,Community Soak Pit,Contruction of Community Soak pit at Vineshwara Nagar 2nd Street,"13,500"
17,Tharapakkam,SBM(G),2021-2022,Community Soak Pit,Contruction of Community Soak pit in Vineshwara Nagar 2nd Street,"13,500"
18,Tharapakkam,SBM(G),2021-2022,Community Soak Pit,Contruction of Community Soak pit @ Vineshwara Nagar 1st Street,"13,500"
19,Tharapakkam,SBM(G),2021-2022,Community Soak Pit,Contruction of Community Soak pit Vineshwara Nagar 3rd Street,"13,500"
20,Tharapakkam,15th CFC - VP,2021-2022,CC Road,Providing Cement Concrete pavement to Vigneswara Nagar Street at Tharapakkam Panchayat,"373,316"
21,Tharapakkam,15th CFC - VP,2021-2022,New Borewell,"Estimate for Drilling of new Borewell, Erection of Pumpset Laying of 90mm Dia Pipe Lines in Krishna Nagar at Tharapakkam Panchayat","400,722"
22,Tharapakkam,15th CFC - VP,2021-2022,Community compost pits,Contruction of Commuity Soak pit @ CP Garden 2 Nos,"8,100"
23,Tharapakkam,15th CFC - VP,2021-2022,Community compost pits,Contruction of Commuity Soak pit @ Vieshwara Nagar 2nd Street 4 Nos,"16,200"
24,Tharapakkam,15th CFC - VP,2021-2022,Community compost pits,Contrution of Commuity Soak pit @ Vineshwara Nagar 1st Street 4 nos,"16,200"
25,Tharapakkam,15th CFC - VP,2021-2022,Community compost pits,Contrution of Commuity Soak pit @ Vineshwara Nagar 3rd Street 4 Nos,"16,200"
26,Tharapakkam,15th CFC - VP,2021-2022,Community compost pits,Contrution of Commuity Soak pit @ Vineshwara Nagar 4th Street 4 Nos,"16,200"
27,Tharapakkam,15th CFC - VP,2021-2022,Drainage,Constuction of Rain WAter DRain with Dispetion trench in Alex Nagar Cross STreet in Tharapakkam panchayat,"489,000"
28,Tharapakkam,SDRF-North East Monsoon,2021-2022,BT Road,Providing Temporary Restoration to Tharapakkam Village at Tharapakkam Panchayat,"9,000"
29,Tharapakkam,SDRF-North East Monsoon,2021-2022,BT Road,Providing Temporary Restoration to Thideer Nagar at Tharapakkam Village Panchayat,"70,000"
30,Tharapakkam,AGAMT library repair,2021-2022,Library Building Repair and Toilet Construction,"Renovation of Library building Reparis at Tharapakkam,Kundrathur Panchayat.","135,000"
31,Tharapakkam,SBM(G),2021-2022,Construction of IHHL,Construction of IHHL Under SBM(G) for KOLATHAIYAMMAL S F/H of SHANMUGAM,"12,000"
32,Tharapakkam,SBM(G),2021-2022,Community Soak Pit,Contruction of Community Soak pit at Vineshwara Nagar 4th Street,"13,500"
33,Tharapakkam,SBM(G),2021-2022,Community Soak Pit,Contruction of Community Soak pit a Vineshwara Nagar 3rd Street,"13,500"
34,Tharapakkam,SBM(G),2021-2022,Community Soak Pit,Contruction of Community Soak pit @ in CP Garden,"13,500"
35,Tharapakkam,SBM(G),2021-2022,Community Soak Pit,Contruction of Community Soak pit @ Vineshwara Nagar 2nd Street,"13,500"
36,Tharapakkam,SBM(G),2021-2022,Community Soak Pit,Contruction of Community Soak pit @ Vineshwara Nagar 3rd Street,"13,500"
37,Tharapakkam,SBM(G),2021-2022,Community Soak Pit,Contruction of Community Soak pit Vineshwara Nagar 4th Street,"13,500"
38,Tharapakkam,CMDA Fund,2022-2023,CC Road,Providing Cement concrete Pavement to Golden paradise main road at Tharapakkam Panchayat.,2592000
39,Tharapakkam,CMDA Fund,2022-2023,CC Road,Providing Cement concrete Pavement to Golden paradise Ist street road  at Thandalam Panchayat.,2835000
40,Tharapakkam,CMDA Fund,2022-2023,CC Road,Providing Cement concrete Pavement to Golden paradise 2nd street road  at Thandalam Panchayat.,2770000
41,Tharapakkam,CMDA Fund,2022-2023,CC Road,"Providing Cement concrete Pavement to  Bharathi nagar , Anna nagar   at Thandalam Panchayat.",1330000
42,Tharapakkam,CMDA Fund,2022-2023,CC Road,Providing Cement concrete Pavement to Vigneshwara nagar main road  at Thandalam Panchayat.,2800000
43,Tharapakkam,CMDA Fund,2022-2023,CC Road,Providing Cement concrete Pavement to Vigneshwara nagar 1 to   3rd  street  at Thandalam Panchayat.,2310000
44,Tharapakkam,CMDA Fund,2022-2023,CC Road,Providing Cement concrete Pavement to Vigneshwara nagar 4th to 5th street  at Thandalam Panchayat.,2240000
45,Tharapakkam,MGNREGS,2022-2023,Desilting of Supply Channel,Strom Water Drainage at Alex i Nagar Street at Tharapakkam Panchayat (2100 m) 2022-23,"968,256"
46,Tharapakkam,General Fund - DP,2022-2023,Anganwadi,Construction of Anganwadi Building in Bharathi Nagar at Tharapakkam Panchayat,"1,357,000"
47,Tharapakkam,SBM(G),2022-2023,Construction of IHHL,Construction of Construction of IHHL Under SBM(G) for S Devaram F/H of Sundharam,"12,000"
48,Tharapakkam,MGNREGS,2022-2023,Desilting of Supply Channel,Strom Water Drainage at Golden Avenue at Tharapakkam Panchayat (2300 m)2022-23,"975,000"
49,Tharapakkam,MGNREGS,2022-2023,Desilting of Supply Channel,Strom Water Drainage at Krishna Garden at Tharapakkam Panchayat (2200 m)2022-23,"840,000"
50,Tharapakkam,MGNREGS,2022-2023,Soak Pit,Construction of Individual soak pit at Tharapakkam Panchayat 22 Nos,"264,000"
51,Tharapakkam,MGNREGS,2022-2023,Desilting of Supply Channel,Strom Water Drainage at EVP Salai at Tharapakkam Panchayat (2000 m) 2022-23,"780,000"
52,Tharapakkam,MGNREGS,2022-2023,Desilting of Supply Channel,Strom Water Drainage at Mariyamman Koil Street at Tharapakkam Panchayat (2300 m)2022-23,"968,256"
53,Tharapakkam,MGNREGS,2022-2023,Desilting of PWD Channel,Strom Water Drainage at Raja koil Street at Tharapakkam Panchayat (2500 m)2022-23,"1,622,379"
54,Tharapakkam,MLACDS-Alandur,2022-2023,Reverse osmosis plant,Construction of Reverse Osmosis Plant Container Modeal 2000 LPH in Tharapakkam Village at Tharapakkam Panchayat,"825,000"
55,Tharapakkam,MPLADS-LS-Sriperumbudur,2022-2023,Community Centre,"Construction of a Community Hall at Tharapakkam Panchayat - Kalathumedu area, Kundrathur Block","5,000,000"
56,Tharapakkam,General Fund - BP,2022-2023,School Renovation Work,Renovation to Panchayat primary School North facing 2 class room in tharapakkam village @ Tharapakkam Panchayat,"49,000"
57,Tharapakkam,15th CFC - VP,2022-2023,OHT,Repairs to 10000 litre OHT tank in Mettu street 1 no,"67,501"
58,Tharapakkam,15th CFC - VP,2022-2023,OHT,Repairs to 60000 litre OHT tank in Bharathi nagar 1 no,"113,000"
59,Tharapakkam,15th CFC - VP,2022-2023,OHT,Repairs to 60000 litre OHT tank in Mariyamman koil street 1 no,"113,000"
60,Tharapakkam,15th CFC - VP,2022-2023,Pipeline Extension,providing distribution pipeline at shobanam enclave (0-250 m),"111,099"
61,Tharapakkam,15th CFC - VP,2022-2023,Pipeline Extension,providing distribution pipeline at shobanam enclave (251-350 m),"41,466"
62,Tharapakkam,15th CFC - VP,2022-2023,School Renovation Work,Renovation of PUPS 2 Class room North facing @ Tharapakkam villaga @ Tharapakkam Panchayat,"200,000"
63,Tharapakkam,15th CFC - VP,2022-2023,School Toilet Repair,Renovation of PUPS Girls toilet @ Tharapakkam village @ Tharapakkam Panchayat,"50,000"
64,Tharapakkam,15th CFC - VP,2022-2023,Drainage,Construction of drainage at Alex Nagar cross street (0m-12m),"83,000"
65,Tharapakkam,15th CFC - VP,2022-2023,Drainage,Construction of drainage at Alex Nagar cross street (13m-17m),"35,600"
66,Tharapakkam,15th CFC - VP,2022-2023,Drainage,Storm Water Drain in Gandhi Street,"229,000"
67,Tharapakkam,15th CFC - VP,2022-2023,Battery Car,Purchase of new E-Cart 1 no @ Tharapakkam panchayat,"100,000"
68,Tharapakkam,15th CFC - VP,2022-2023,CC Road,Cement Concrete Pavement to Gandhi Cross Street,"248,000"
69,Tharapakkam,SBM(G),2022-2023,Battery Car,Purchase of E-Cart Tharapakkam Panchayat,"292,964"
70,Tharapakkam,General Fund - BP,2023-2024,CC Road,Providing Cement Concrete pavement to Ambedkar Street MGR Street @ Tharapakkam Panchayat,"698,000"
71,Tharapakkam,General Fund - BP,2023-2024,CC Road,Providing Cement Concrete pavement to Kalainger Street @ Tharapakkam Panchayat,"519,000"
72,Tharapakkam,15th CFC - VP,2023-2024,New Borewell,pROVIDING DISTRIBUTION PIPELINE AT CHENNAI PATTINAM (960 M),"434,242"
73,Tharapakkam,MGNREGS,2023-2024,Rural Sports Centre,Providing Rural Sports Centre (TYPE C) for Tharapakkam mettu street in S.No. 160 at Tharapakkam Panchayat,"60,000"
74,Tharapakkam,MGNREGS,2023-2024,Kitchen Shed,Construction of New Kitchen Shed for Panchayat Union Primary school in Tharapakkam village at Tharapakkam panchayat 2022-23,"743,000"
75,Tharapakkam,MLACDS-Alandur,2023-2024,PDS outlet,Construction of Public Distribution shop Building at Tharapakkam Village in Tharapakkam Panchayat.,"1,450,000"
76,Tharapakkam,MPLADS-LS-Sriperumbudur,2023-2024,Construction of 2 classroom building (GF) in PU-Primary School,Construction of Two Class Room Building for Tharapakkam Panchayat Union Primary School in Tharapakkam Panchayat at Kundrathur Panchayat Union,"2,300,000"
77,Tharapakkam,General Fund - VP,2023-2024,CC Road,Providing Cement concrete to SSS Garden,"500,000"
78,Tharapakkam,15th CFC - VP,2023-2024,Purchase of Tractor,Purchase of new tractor,"300,000"
79,Tharapakkam,Michaung Flood Damaged Roads,2023-2024,CC Road,Providing of Cement Concrete Road to SSS Garden main road,"1,315,000"
80,Tharapakkam,AGAMT II,2024-2025,Panchayat Office,Constructions of Panchayat Office Buildings in Bharathy Nagar in Tharapakkam Panchyat.,"3,010,000"
81,Tharapakkam,Iyothee Thass Pandithar Habitation Development Scheme,2024-2025,CC Road,Providing Cement Concrete Pavement (43 m) to Bharathy Nagar Thiruvalluvar Street at Tharapakkam Panchayat,"438,000"
82,Tharapakkam,Iyothee Thass Pandithar Habitation Development Scheme,2024-2025,CC Road,Providing Cement Concrete Pavement (44m) to Bharathy Nagar Kamarajar Street at Tharapakkam Panchayat,"449,000"
83,Tharapakkam,Repairs to Rural House(Const.before 2001),2024-2025,House - Minor Repairs (RRH),Construction of House - Minor Repairs (RRH) Under Repairs to Rural House(Const.before 2001) for Devaki F/H of PUNIYAKOTTI,"49,000"
84,Tharapakkam,Repairs to Rural House(Const.before 2001),2024-2025,House - Minor Repairs (RRH),Construction of House - Minor Repairs (RRH) Under Repairs to Rural House(Const.before 2001) for Mahadevi F/H of ramadoss,"50,000"
85,Tharapakkam,Repairs to Rural House(Const.before 2001),2024-2025,House - Minor Repairs (RRH),Construction of House - Minor Repairs (RRH) Under Repairs to Rural House(Const.before 2001) for Murugan F/H of MUTHU,"50,000"
86,Tharapakkam,Kalaignarin Kanavu Illam,2024-2025,KKI,Construction of New House Under Kalaignarin Kanavu Illam for Arunkumar Padmanaban F/H of Padmanaban,"310,000"
87,Tharapakkam,Kalaignarin Kanavu Illam,2024-2025,KKI,Construction of New House Under Kalaignarin Kanavu Illam for Saroja Kasilingam F/H of Kasilingam,"310,000"
88,Tharapakkam,Kalaignarin Kanavu Illam,2024-2025,KKI,Construction of New House Under Kalaignarin Kanavu Illam for Sigamani Vadivel F/H of Vadivel,"310,000"
89,Tharapakkam,Kalaignarin Kanavu Illam,2024-2025,KKI,Construction of New House Under Kalaignarin Kanavu Illam for VASANTHA F/H of SUNDHARAM,"310,000"
90,Tharapakkam,Kalaignarin Kanavu Illam,2024-2025,KKI,Construction of New House Under Kalaignarin Kanavu Illam for VASANTHA THAMODHARAN F/H of THAMODHARAN,"310,000"
91,Tharapakkam,Kalaignarin Kanavu Illam,2024-2025,KKI,Construction of New House Under Kalaignarin Kanavu Illam for சேகர் மு F/H of முத்துகாசிலிங்கம்,"310,000"
92,Tharapakkam,Kalaignarin Kanavu Illam,2024-2025,KKI,Construction of New House Under Kalaignarin Kanavu Illam for மகேஷ் F/H of ஜெகதீஷ்,"310,000"
93,Tharapakkam,Kalaignarin Kanavu Illam,2024-2025,KKI,Construction of New House Under Kalaignarin Kanavu Illam for வேலாயுதம் F/H of பொன்னுசாமி,"310,000"
94,Tharapakkam,AGAMT II,2024-2025,CC Road,Providing CC Road at SSS Garden 2nd street (left) in Mariamman Koil street at Tharapakkam Pachayat. Length of the road 122 in meter. Width of the road 3.75  in meter.,"779,000"
95,Tharapakkam,Repairs to Rural House(Const.before 2001),2024-2025,House - Minor Repairs (RRH),Construction of House - Minor Repairs (RRH) Under Repairs to Rural House(Const.before 2001) for Anjeidevi F/H of DAVAMANI,"50,000"
96,Tharapakkam,Repairs to Rural House(Const.before 2001),2024-2025,House - Minor Repairs (RRH),Construction of House - Minor Repairs (RRH) Under Repairs to Rural House(Const.before 2001) for BALAJI V F/H of VASU,"50,000"
97,Tharapakkam,Repairs to Rural House(Const.before 2001),2024-2025,House - Minor Repairs (RRH),Construction of House - Minor Repairs (RRH) Under Repairs to Rural House(Const.before 2001) for Reetta F/H of INBARAJ,"49,000"
98,Tharapakkam,Kalaignarin Kanavu Illam,2024-2025,KKI,Construction of New House Under Kalaignarin Kanavu Illam for Kolanthaiyammal Shanmugam F/H of Shanmugam,"310,000"
99,Tharapakkam,Kalaignarin Kanavu Illam,2024-2025,KKI,Construction of New House Under Kalaignarin Kanavu Illam for K. Sarankumar F/H of Kasi,"310,000"
100,Tharapakkam,Kalaignarin Kanavu Illam,2024-2025,KKI,Construction of New House Under Kalaignarin Kanavu Illam for MADASAMY F/H of PETCHIAPPAN,"310,000"
101,Tharapakkam,Kalaignarin Kanavu Illam,2024-2025,KKI,Construction of New House Under Kalaignarin Kanavu Illam for Manikandan F/H of Munusamy,"310,000"
102,Tharapakkam,Kalaignarin Kanavu Illam,2024-2025,KKI,Construction of New House Under Kalaignarin Kanavu Illam for Muniswaran K F/H of Kaliappan,"310,000"
103,Tharapakkam,Kalaignarin Kanavu Illam,2024-2025,KKI,Construction of New House Under Kalaignarin Kanavu Illam for Sundar T F/H of Thangaraj,"310,000"
104,Tharapakkam,Kalaignarin Kanavu Illam,2024-2025,KKI,Construction of New House Under Kalaignarin Kanavu Illam for அன்பழிகி F/H of வாசு,"310,000"
105,Tharapakkam,15th CFC - VP,2024-2025,CC Road,Providing Cement Concrete Road at Mettu Street (Siva House to Mahendhiran House) (Chaiage 00.00m to 85.00m),"613,425"
106,Tharapakkam,15th CFC - VP,2024-2025,Drainage,Construction of Drainage at Mettu street ( Siva House to Maligai Store ) (Chainage 00.00m to 63.00m),"448,069"
107,Tharapakkam,Iyothee Thass Pandithar Habitation Development Scheme,2024-2025,CC Road,Providing Cement Concrete Pavement (54m) to Mettu Street at Tharapakkam Colony,"545,000"
108,Tharapakkam,Repairs to Rural House(Const.before 2001),2024-2025,House - Minor Repairs (RRH),Construction of House - Minor Repairs (RRH) Under Repairs to Rural House(Const.before 2001) for Balu F/H of ARUMUGAM,"49,000"
109,Tharapakkam,Kalaignarin Kanavu Illam,2024-2025,KKI,Construction of New House Under Kalaignarin Kanavu Illam for Jayakumar F/H of Jayapal,"310,000"
110,Tharapakkam,Kalaignarin Kanavu Illam,2024-2025,KKI,Construction of New House Under Kalaignarin Kanavu Illam for M Vinoth F/H of Murugesan,"310,000"
111,Tharapakkam,Kalaignarin Kanavu Illam,2024-2025,KKI,Construction of New House Under Kalaignarin Kanavu Illam for கார்த்திகேயன் F/H of காசி,"310,000"
112,Tharapakkam,MGNREGS,2024-2025,CC Road,Providing Cement Concrete pavement to chennai pattinam to Golden paradise road at Tharapakkam pt375m,"2,363,000"
113,Tharapakkam,MGNREGS,2024-2025,School Compound Wall,Construction of School Compound wall around PUPS School in Tharapakkam village and panchayat,"520,000"
114,Tharapakkam,MGNREGS,2024-2025,Percolation pond,Formation of 2024-2025 New pond in CP Garden (10 x 10) m at Tharapakkam panchayat,"150,000"
115,Tharapakkam,MGNREGS,2024-2025,Avenue Tree Plantation,Formation of 25-26 Avenue Tree Plantation From Tharapakkam to Gerugambakkam Road at Tharapakkam Panchayat (250 Nos) 1.5 km,"145,944"
116,Tharapakkam,MPLADS-LS-Sriperumbudur,2024-2025,Community Centre,"Construction of First Floor for Community Hall at Kalathumedu, Tharapakkam Panchayat Kundrathur Panchayat Union.","5,000,000"
117,Tharapakkam,General Fund - BP,2024-2025,CC Road,Providing Cement Concrete Pavement to Rajaji Main Road Rajaji I Street in Alex Nagar at Tharapakkam,"2,265,000"
118,Tharapakkam,15th CFC - VP,2024-2025,New Borewell,Providing New Borewell and Pumpset to Raja Koil Street,"460,069"
119,Tharapakkam,15th CFC - VP,2024-2025,Equipment for SWM (including safety equipment),Proquerment of Thuimai Kavalai Safety Kits -4 @ Tharapakkam Panchayat,"12,000"
120,Tharapakkam,Repairs to Rural House(Const.before 2001),2024-2025,House - Minor Repairs (RRH),Construction of House - Minor Repairs (RRH) Under Repairs to Rural House(Const.before 2001) for Desan V F/H of VADIVEL,"50,000"
121,Tharapakkam,Repairs to Rural House(Const.before 2001),2024-2025,House - Minor Repairs (RRH),Construction of House - Minor Repairs (RRH) Under Repairs to Rural House(Const.before 2001) for Gowri S F/H of KALAI,"50,000"
122,Tharapakkam,Repairs to Rural House(Const.before 2001),2024-2025,House - Minor Repairs (RRH),Construction of House - Minor Repairs (RRH) Under Repairs to Rural House(Const.before 2001) for Gunasundari K F/H of KOUNTHAN,"50,000"
123,Tharapakkam,Repairs to Rural House(Const.before 2001),2024-2025,House - Minor Repairs (RRH),Construction of House - Minor Repairs (RRH) Under Repairs to Rural House(Const.before 2001) for Kala M F/H of MARSO,"50,000"
124,Tharapakkam,Repairs to Rural House(Const.before 2001),2024-2025,House - Minor Repairs (RRH),Construction of House - Minor Repairs (RRH) Under Repairs to Rural House(Const.before 2001) for Manthu A F/H of ARUMUGAM,"50,000"
125,Tharapakkam,Repairs to Rural House(Const.before 2001),2024-2025,House - Minor Repairs (RRH),Construction of House - Minor Repairs (RRH) Under Repairs to Rural House(Const.before 2001) for Pandiyan C F/H of Chandran,"50,000"
126,Tharapakkam,Repairs to Rural House(Const.before 2001),2024-2025,House - Minor Repairs (RRH),Construction of House - Minor Repairs (RRH) Under Repairs to Rural House(Const.before 2001) for Parvathi S F/H of SEKAR,"49,000"
127,Tharapakkam,Repairs to Rural House(Const.before 2001),2024-2025,House - Major Repairs (RRH),Construction of House - Major Repairs (RRH) Under Repairs to Rural House(Const.before 2001) for Sathish S F/H of Sambath,"56,000"
128,Tharapakkam,Kalaignarin Kanavu Illam,2024-2025,KKI,Construction of New House Under Kalaignarin Kanavu Illam for Anjalatchi Murali F/H of Murali,"310,000"
129,Tharapakkam,Kalaignarin Kanavu Illam,2024-2025,KKI,Construction of New House Under Kalaignarin Kanavu Illam for Anthony Nadarajan F/H of Nadarajan,"310,000"
130,Tharapakkam,Kalaignarin Kanavu Illam,2024-2025,KKI,Construction of New House Under Kalaignarin Kanavu Illam for Kavitha Neelakandan F/H of Neelakandan,"310,000"
131,Tharapakkam,Kalaignarin Kanavu Illam,2024-2025,KKI,Construction of New House Under Kalaignarin Kanavu Illam for K V Gajendran F/H of Vadivel,"310,000"
132,Tharapakkam,Kalaignarin Kanavu Illam,2024-2025,KKI,Construction of New House Under Kalaignarin Kanavu Illam for MARIYAMMAL M F/H of MARIYAPPAN,"310,000"
133,Tharapakkam,Kalaignarin Kanavu Illam,2024-2025,KKI,Construction of New House Under Kalaignarin Kanavu Illam for Premalatha Ravichandran F/H of Ravichandran,"310,000"
134,Tharapakkam,Kalaignarin Kanavu Illam,2024-2025,KKI,Construction of New House Under Kalaignarin Kanavu Illam for சுமதி F/H of மணிகண்டன்,"310,000"
135,Tharapakkam,Repairs to Rural houses(constructed before 2001) 2024-25 phase II,2024-2025,House - Minor Repairs (RRH),Construction of House - Minor Repairs (RRH) Under Repairs to Rural houses(constructed before 2001) 2024-25 phase II for Egavalli R F/H of Raman,"55,000"
136,Tharapakkam,Repairs to Rural houses(constructed before 2001) 2024-25 phase II,2024-2025,House - Minor Repairs (RRH),Construction of House - Minor Repairs (RRH) Under Repairs to Rural houses(constructed before 2001) 2024-25 phase II for Kalaivani M F/H of Munusamy,"55,000"
137,Tharapakkam,Repairs to Rural houses(constructed before 2001) 2024-25 phase II,2024-2025,House - Minor Repairs (RRH),Construction of House - Minor Repairs (RRH) Under Repairs to Rural houses(constructed before 2001) 2024-25 phase II for Mala J F/H of Jesu,"55,000"
138,Tharapakkam,Repairs to Rural houses(constructed before 2001) 2024-25 phase II,2024-2025,House - Minor Repairs (RRH),Construction of House - Minor Repairs (RRH) Under Repairs to Rural houses(constructed before 2001) 2024-25 phase II for Muniyammal A F/H of Anandan,"55,000"
139,Tharapakkam,Repairs to Rural houses(constructed before 2001) 2024-25 phase II,2024-2025,House - Minor Repairs (RRH),Construction of House - Minor Repairs (RRH) Under Repairs to Rural houses(constructed before 2001) 2024-25 phase II for Thiresha S F/H of Sathurak,"55,000"
140,Tharapakkam,MLACDS-Alandur,2025-2026,Reverse osmosis plant,Construction of a Water Purification Plant in Bharathi Nagar area of ​​Tharapakkam Panchayat,"970,000"
141,Tharapakkam,15th CFC - VP,2025-2026,CC Road,Providing cement road at Kakkanji st (58m),"402,282"
142,Tharapakkam,Kalaignarin Kanavu Illam,2025-2026,KKI,Construction of New House Under Kalaignarin Kanavu Illam for Yesudass Chinnapaiyan F/H of Chinnapaiyan,"310,000"
143,Tharapakkam,Muthalamaicharin Veedugal Marukattumana Thittam,2025-2026,Reconstruction to houses (MVMT),Construction of Reconstruction to houses (MVMT) Under Muthalamaicharin Veedugal Marukattumana Thittam for Rejina F/H of DASS,"240,000"
144,Tharapakkam,CMDA Special Fund,2025-2026,CC Road,Providing cc road to APJ Abdul kalam street @ Tharapakkam Panchayat,"208,000"
145,Tharapakkam,CMDA Special Fund,2025-2026,CC Road,Providing cc road to Madha koil street @Tharapakkam Panchayat,"648,000"
146,Tharapakkam,CMDA Special Fund,2025-2026,CC Road,Providing cc road to Perumal koil street @ Tharapakkam Panchayat,"1,233,000"
147,Tharapakkam,CMDA Special Fund,2025-2026,CC Road,Providing Cement Concrete Pavement to Burial Ground Road @ Tharapakkam Panchayat,"630,000"
148,Tharapakkam,CGF Savings Fund - Infra,2025-2026,Compound Wall,Construction of Compound wall around Village panchayat Office Premises @ Tharapakkam Panchayat,"2,222,000"
149,Tharapakkam,CGF Savings Fund - Infra,2025-2026,CC Road,Providing Paver Block Pavement in Village panchayat Office Premises @ Tharapakkam Panchayat,"323,000"
150,Tharapakkam,Namma Ooru Namma Arasu,2025-2026,Pipeline Extension,பாரதி நகர் அப்துல்கலாம் தெருவில் புதிதாக பைப்லைன் விஸ்தரிப்பு பணிகள் (60 M),"24,000"
151,Tharapakkam,15th CFC - VP,2025-2026,Pipeline Extension,Providing Pipe Line Extension in Mariyamman Kovil Street (550m),"226,782"
152,Tharapakkam,Kalaignarin Kanavu Illam,2025-2026,KKI,Construction of New House Under Kalaignarin Kanavu Illam for Jeeva Chandran F/H of Chandran,"310,000"
153,Tharapakkam,Kalaignarin Kanavu Illam,2025-2026,KKI,Construction of New House Under Kalaignarin Kanavu Illam for Prabakaran F/H of Kumar,"310,000"
154,Tharapakkam,Kalaignarin Kanavu Illam,2025-2026,KKI,Construction of New House Under Kalaignarin Kanavu Illam for VIGNESH F/H of VENKATESEAN,"310,000"
155,Tharapakkam,CGF Savings Fund - Infra,2025-2026,BT Road,Providing BT to Mariamman koil Street @ Tharapakkam Panchayat,"1,386,000"
156,Tharapakkam,MLACDS-Alandur,2025-2026,Play Ground,Construction of a Playground in the Mettu street area of ​​Tharapakkam Panchayat,"3,000,000"
157,Tharapakkam,Muthalamaicharin Veedugal Marukattumana Thittam,2025-2026,Reconstruction to houses (MVMT),Construction of Reconstruction to houses (MVMT) Under Muthalamaicharin Veedugal Marukattumana Thittam for Bhavani F/H of MUTHUKRISHNAN,"240,000"
158,Tharapakkam,MGNREGS,2025-2026,Avenue Tree Plantation,Formation of 25-26 Avenue Tree Plantation From EVP Town Road at Tharapakkam Panchayat (400 Nos) 2 km,"230,394"
159,Tharapakkam,MGNREGS,2025-2026,Avenue Tree Plantation,Formation of 25-26 Avenue Tree Plantation From Gayathiri avenue Road at Tharapakkam Panchayat (300 Nos) 1.5 km,"174,094"
160,Tharapakkam,MGNREGS,2025-2026,Avenue Tree Plantation,Formation of 25-26 Avenue Tree Plantation From Near kalathumedu Road at Tharapakkam panchayat (350 Nos) 1.75 km,"202,244"
161,Tharapakkam,MGNREGS,2025-2026,Avenue Tree Plantation,Formation of 25-26 Avenue Tree Plantation Mariyamman Koil Street at Tharapakkam Panchayat (200 Nos) 1 km,"117,795"
162,Tharapakkam,MGNREGS,2025-2026,Avenue Tree Plantation,Formation of 25-26 Avenue Tree Plantation Tharapakkam Mettu Street at Tharapakkam Panchayat (200 Nos) 1. km,"117,795"
163,Tharapakkam,MGNREGS,2025-2026,Watering of Avenue Tree Plantation,Watering of Existing Plantation 2023-24 in ATP in Tharapakkam at Tharapakkam Panchayat (400 Nos),"121,344"
164,Tharapakkam,MGNREGS,2025-2026,Institutional plantation,"Formation of 2025-26 All other Plantation Institutional plantation (20 Nos), Home Plantation 24-25=25,25-26=21 (46 * 2=92 Nos) at Tharapakkam Panchayat","68,251"
165,Tharapakkam,15th CFC - VP,2025-2026,CC Road,Providing cement road at Penniqick Street (28m),"198,711"
166,Tharapakkam,15th CFC - VP,2025-2026,Pipeline Extension,Providing Pipe Line Extension in Raja kovil Street (580m),"223,962"
167,Tharapakkam,Kalaignarin Kanavu Illam,2025-2026,KKI,Construction of New House Under Kalaignarin Kanavu Illam for BALU F/H of PONNUSAMI,"310,000"
168,Tharapakkam,Kalaignarin Kanavu Illam,2025-2026,KKI,Construction of New House Under Kalaignarin Kanavu Illam for DHAYALAM F/H of BAKRISAMY,"310,000"
169,Tharapakkam,Kalaignarin Kanavu Illam,2025-2026,KKI,Construction of New House Under Kalaignarin Kanavu Illam for KALAISELVI F/H of VENKATESAN,"310,000"
170,Tharapakkam,Kalaignarin Kanavu Illam,2025-2026,KKI,Construction of New House Under Kalaignarin Kanavu Illam for Kathavarayan F/H of Chinraj,"310,000"
171,Tharapakkam,Kalaignarin Kanavu Illam,2025-2026,KKI,Construction of New House Under Kalaignarin Kanavu Illam for MartinRobertAroon F/H of Aaroon,"310,000"
172,Tharapakkam,Kalaignarin Kanavu Illam,2025-2026,KKI,Construction of New House Under Kalaignarin Kanavu Illam for MOHAN F/H of APPARSAMI,"310,000"
173,Tharapakkam,Kalaignarin Kanavu Illam,2025-2026,KKI,Construction of New House Under Kalaignarin Kanavu Illam for Porkodi F/H of Ragu,"310,000"
174,Tharapakkam,Kalaignarin Kanavu Illam,2025-2026,KKI,Construction of New House Under Kalaignarin Kanavu Illam for PUSHPA F/H of SUBBU,"310,000"
175,Tharapakkam,Kalaignarin Kanavu Illam,2025-2026,KKI,Construction of New House Under Kalaignarin Kanavu Illam for REVATHI F/H of ANNADURAI,"310,000"
176,Tharapakkam,Kalaignarin Kanavu Illam,2025-2026,KKI,Construction of New House Under Kalaignarin Kanavu Illam for SARITHA F/H of RAJENDRAN,"310,000"
177,Tharapakkam,Kalaignarin Kanavu Illam,2025-2026,KKI,Construction of New House Under Kalaignarin Kanavu Illam for SEKAR F/H of AYYAVU,"310,000"
178,Tharapakkam,Kalaignarin Kanavu Illam,2025-2026,KKI,Construction of New House Under Kalaignarin Kanavu Illam for SELVARAJ F/H of CHANDRAN,"310,000"
179,Tharapakkam,Kalaignarin Kanavu Illam,2025-2026,KKI,Construction of New House Under Kalaignarin Kanavu Illam for sIVA F/H of VEDIYAPPAN,"310,000"
180,Tharapakkam,Kalaignarin Kanavu Illam,2025-2026,KKI,Construction of New House Under Kalaignarin Kanavu Illam for VENKATESAN F/H of PARAMASIVAM,"310,000"
181,Tharapakkam,Kalaignarin Kanavu Illam,2025-2026,KKI,Construction of New House Under Kalaignarin Kanavu Illam for பரிமளா ம F/H of முருகன்,"310,000"
182,Tharapakkam,Muthalamaicharin Veedugal Marukattumana Thittam,2025-2026,Reconstruction to houses (MVMT),Construction of Reconstruction to houses (MVMT) Under Muthalamaicharin Veedugal Marukattumana Thittam for Malar F/H of MUNUSAMY,"240,000"
183,Tharapakkam,CGF Savings Fund - Infra,2025-2026,CC Road,Providing Cement Concrete Pavement to C.P Garden Annai Therasa Cross Street @ Tharapakkam Panchayat,"546,000"
184,Tharapakkam,CGF Savings Fund - Infra,2025-2026,CC Road,Providing Cement Concrete Pavement to C.P Garden Annai Therasa Main Street @ Tharapakkam Panchayat,"519,000"
185,Tharapakkam,CGF Savings Fund - Infra,2025-2026,CC Road,Providing Cement Concrete Pavement to C.P Garden Main Road @ Tharapakkam Panchayat,"1,018,000"
186,Tharapakkam,CGF Savings Fund - Infra,2025-2026,CC Road,Providing Cement Concrete Pavement to Gayathri Avenue 2nd Street @ Tharapakkam Panchayat,"335,000"
187,Tharapakkam,CGF Savings Fund - Infra,2025-2026,CC Road,Providing Cement Concrete Pavement to Gayathri main 1st Street @ Tharapakkam Panchayat,"484,000"
188,Tharapakkam,Namma Ooru Namma Arasu,2025-2026,Culvert,construction of RCC slab culvert 2.00m vent in tharapakkam village BG approach road at tharapakkam panchayat,"493,000"
1,Alandur / Adambakkam (Ward 161),உட்கட்டமைப்பு மற்றும் வசதிகள் நிதி,2022-23,Public Facilities,ஆதம்பாக்கம் ஏரியின் குறுக்கே ஜீவன்நகர் 2வது தெருவில் பாலம் அமைக்கும் பணி.,50000000
2,Mugalivakkam / Mathanandapuram (Ward 156),Turif,2022-23,road,சாலைப்பணிகள்,2124000
3,Manapakkam (Ward 157),Turif,2022-23,road,சாலைப்பணிகள்,2124000
4,Nandambakkam (Ward 158),Turif,2022-23,road,சாலைப்பணிகள்,2124000
5,Alandur (Ward 160),Turif,2022-23,road,சாலைப்பணிகள்,2124000
6,Alandur / Adambakkam (Ward 161),Turif,2022-23,road,சாலைப்பணிகள்,2124000
7,Alandur / Thillai Ganga Nagar (Ward 162),Turif,2022-23,road,சாலைப்பணிகள்,2124000
8,Adambakkam (Ward 163),Turif,2022-23,road,சாலைப்பணிகள்,2124000
9,Palavanthangal / Nanganallur (Ward 164),Turif,2022-23,road,சாலைப்பணிகள்,2124000
10,Adambakkam / Nanganallur (Ward 165),Turif,2022-23,road,சாலைப்பணிகள்,2124000
11,Nanganallur (Ward 166),Turif,2022-23,road,சாலைப்பணிகள்,2124000
12,Nanganallur (Ward 167),Turif,2022-23,road,சாலைப்பணிகள்,2124000
13,Mugalivakkam / Mathanandapuram (Ward 156),Turif,2023-24,road,சாலைப்பணிகள்,821000
14,Manapakkam (Ward 157),Turif,2023-24,road,சாலைப்பணிகள்,821000
15,Nandambakkam (Ward 158),Turif,2023-24,road,சாலைப்பணிகள்,821000
16,Alandur (Ward 160),Turif,2023-24,road,சாலைப்பணிகள்,821000
17,Alandur / Adambakkam (Ward 161),Turif,2023-24,road,சாலைப்பணிகள்,821000
18,Alandur / Thillai Ganga Nagar (Ward 162),Turif,2023-24,road,சாலைப்பணிகள்,821000
19,Adambakkam (Ward 163),Turif,2023-24,road,சாலைப்பணிகள்,821000
20,Palavanthangal / Nanganallur (Ward 164),Turif,2023-24,road,சாலைப்பணிகள்,821000
21,Adambakkam / Nanganallur (Ward 165),Turif,2023-24,road,சாலைப்பணிகள்,821000
22,Nanganallur (Ward 166),Turif,2023-24,road,சாலைப்பணிகள்,821000
23,Nanganallur (Ward 167),Turif,2023-24,road,சாலைப்பணிகள்,821000
24,Mugalivakkam / Mathanandapuram (Ward 156),நகர்புற சாலை மேம்பாட்டுத்திட்டம்,2022-23,road,சாலைப்பணிகள்,1392000
25,Manapakkam (Ward 157),நகர்புற சாலை மேம்பாட்டுத்திட்டம்,2022-23,road,சாலைப்பணிகள்,1392000
26,Nandambakkam (Ward 158),நகர்புற சாலை மேம்பாட்டுத்திட்டம்,2022-23,road,சாலைப்பணிகள்,1392000
27,Alandur (Ward 160),நகர்புற சாலை மேம்பாட்டுத்திட்டம்,2022-23,road,சாலைப்பணிகள்,1392000
28,Alandur / Adambakkam (Ward 161),நகர்புற சாலை மேம்பாட்டுத்திட்டம்,2022-23,road,சாலைப்பணிகள்,1392000
29,Alandur / Thillai Ganga Nagar (Ward 162),நகர்புற சாலை மேம்பாட்டுத்திட்டம்,2022-23,road,சாலைப்பணிகள்,1392000
30,Adambakkam (Ward 163),நகர்புற சாலை மேம்பாட்டுத்திட்டம்,2022-23,road,சாலைப்பணிகள்,1392000
31,Palavanthangal / Nanganallur (Ward 164),நகர்புற சாலை மேம்பாட்டுத்திட்டம்,2022-23,road,சாலைப்பணிகள்,1392000
32,Adambakkam / Nanganallur (Ward 165),நகர்புற சாலை மேம்பாட்டுத்திட்டம்,2022-23,road,சாலைப்பணிகள்,1392000
33,Nanganallur (Ward 166),நகர்புற சாலை மேம்பாட்டுத்திட்டம்,2022-23,road,சாலைப்பணிகள்,1392000
34,Nanganallur (Ward 167),நகர்புற சாலை மேம்பாட்டுத்திட்டம்,2022-23,road,சாலைப்பணிகள்,1392000
35,Mugalivakkam / Mathanandapuram (Ward 156),நகர்புற சாலை மேம்பாட்டுத்திட்டம்,2023-24,road,சாலைப்பணிகள்,552000
36,Manapakkam (Ward 157),நகர்புற சாலை மேம்பாட்டுத்திட்டம்,2023-24,road,சாலைப்பணிகள்,552000
37,Nandambakkam (Ward 158),நகர்புற சாலை மேம்பாட்டுத்திட்டம்,2023-24,road,சாலைப்பணிகள்,552000
38,Alandur (Ward 160),நகர்புற சாலை மேம்பாட்டுத்திட்டம்,2023-24,road,சாலைப்பணிகள்,552000
39,Alandur / Adambakkam (Ward 161),நகர்புற சாலை மேம்பாட்டுத்திட்டம்,2023-24,road,சாலைப்பணிகள்,552000
40,Alandur / Thillai Ganga Nagar (Ward 162),நகர்புற சாலை மேம்பாட்டுத்திட்டம்,2023-24,road,சாலைப்பணிகள்,552000
41,Adambakkam (Ward 163),நகர்புற சாலை மேம்பாட்டுத்திட்டம்,2023-24,road,சாலைப்பணிகள்,552000
42,Palavanthangal / Nanganallur (Ward 164),நகர்புற சாலை மேம்பாட்டுத்திட்டம்,2023-24,road,சாலைப்பணிகள்,552000
43,Adambakkam / Nanganallur (Ward 165),நகர்புற சாலை மேம்பாட்டுத்திட்டம்,2023-24,road,சாலைப்பணிகள்,552000
44,Nanganallur (Ward 166),நகர்புற சாலை மேம்பாட்டுத்திட்டம்,2023-24,road,சாலைப்பணிகள்,552000
45,Nanganallur (Ward 167),நகர்புற சாலை மேம்பாட்டுத்திட்டம்,2023-24,road,சாலைப்பணிகள்,552000
46,Mugalivakkam / Mathanandapuram (Ward 156),மாநில நிதி ஆணையம்,2022-23,road,சாலைப்பணிகள்,383000
47,Manapakkam (Ward 157),மாநில நிதி ஆணையம்,2022-23,road,சாலைப்பணிகள்,383000
48,Nandambakkam (Ward 158),மாநில நிதி ஆணையம்,2022-23,road,சாலைப்பணிகள்,383000
49,Alandur (Ward 160),மாநில நிதி ஆணையம்,2022-23,road,சாலைப்பணிகள்,383000
50,Alandur / Adambakkam (Ward 161),மாநில நிதி ஆணையம்,2022-23,road,சாலைப்பணிகள்,383000
51,Alandur / Thillai Ganga Nagar (Ward 162),மாநில நிதி ஆணையம்,2022-23,road,சாலைப்பணிகள்,383000
52,Adambakkam (Ward 163),மாநில நிதி ஆணையம்,2022-23,road,சாலைப்பணிகள்,383000
53,Palavanthangal / Nanganallur (Ward 164),மாநில நிதி ஆணையம்,2022-23,road,சாலைப்பணிகள்,383000
54,Adambakkam / Nanganallur (Ward 165),மாநில நிதி ஆணையம்,2022-23,road,சாலைப்பணிகள்,383000
55,Nanganallur (Ward 166),மாநில நிதி ஆணையம்,2022-23,road,சாலைப்பணிகள்,383000
56,Nanganallur (Ward 167),மாநில நிதி ஆணையம்,2022-23,road,சாலைப்பணிகள்,383000
57,Mugalivakkam / Mathanandapuram (Ward 156),மாநில நிதி ஆணையம்,2024-25,road,சாலைப்பணிகள்,651000
58,Manapakkam (Ward 157),மாநில நிதி ஆணையம்,2024-25,road,சாலைப்பணிகள்,651000
59,Nandambakkam (Ward 158),மாநில நிதி ஆணையம்,2024-25,road,சாலைப்பணிகள்,651000
60,Alandur (Ward 160),மாநில நிதி ஆணையம்,2024-25,road,சாலைப்பணிகள்,651000
61,Alandur / Adambakkam (Ward 161),மாநில நிதி ஆணையம்,2024-25,road,சாலைப்பணிகள்,651000
62,Alandur / Thillai Ganga Nagar (Ward 162),மாநில நிதி ஆணையம்,2024-25,road,சாலைப்பணிகள்,651000
63,Adambakkam (Ward 163),மாநில நிதி ஆணையம்,2024-25,road,சாலைப்பணிகள்,651000
64,Palavanthangal / Nanganallur (Ward 164),மாநில நிதி ஆணையம்,2024-25,road,சாலைப்பணிகள்,651000
65,Adambakkam / Nanganallur (Ward 165),மாநில நிதி ஆணையம்,2024-25,road,சாலைப்பணிகள்,651000
66,Nanganallur (Ward 166),மாநில நிதி ஆணையம்,2024-25,road,சாலைப்பணிகள்,651000
67,Nanganallur (Ward 167),மாநில நிதி ஆணையம்,2024-25,road,சாலைப்பணிகள்,651000
68,Mugalivakkam / Mathanandapuram (Ward 156),Turif,2024-25,road,சாலைப்பணிகள்,643000
69,Manapakkam (Ward 157),Turif,2024-25,road,சாலைப்பணிகள்,643000
70,Nandambakkam (Ward 158),Turif,2024-25,road,சாலைப்பணிகள்,643000
71,Alandur (Ward 160),Turif,2024-25,road,சாலைப்பணிகள்,643000
72,Alandur / Adambakkam (Ward 161),Turif,2024-25,road,சாலைப்பணிகள்,643000
73,Alandur / Thillai Ganga Nagar (Ward 162),Turif,2024-25,road,சாலைப்பணிகள்,643000
74,Adambakkam (Ward 163),Turif,2024-25,road,சாலைப்பணிகள்,643000
75,Palavanthangal / Nanganallur (Ward 164),Turif,2024-25,road,சாலைப்பணிகள்,643000
76,Adambakkam / Nanganallur (Ward 165),Turif,2024-25,road,சாலைப்பணிகள்,643000
77,Nanganallur (Ward 166),Turif,2024-25,road,சாலைப்பணிகள்,643000
78,Nanganallur (Ward 167),Turif,2024-25,road,சாலைப்பணிகள்,643000
79,Adambakkam / Nanganallur (Ward 165),மாமன்ற உறுப்பினர் மேம்பாட்டு நிதி,2022-23,park,மண்டலம்-12 பகுதி-37 வார்டு-165ல் உள்ள பரத் நகர் பூங்கா மற்றும் தமிரபரணி பூங்காவை மேம்படுத்தும் பணி,350000
80,Adambakkam / Nanganallur (Ward 165),மாமன்ற உறுப்பினர் மேம்பாட்டு நிதி,2022-23,school,மண்டலம்-12 பகுதி-37 வார்டு-165ல் உள்ள நங்கநல்லூர் 8வது தெருவில் உள்ள சென்னை துவக்க பள்ளியை மேம்படுத்தும் பணி,420000
81,Adambakkam (Ward 163),மாமன்ற உறுப்பினர் மேம்பாட்டு நிதி,2022-23,Public Facilities,மண்டலம்-12 பகுதி-36 வார்டு-163ல் உள்ள திறந்தவெளி உடற்பயிற்சி கூடத்தில் மேல் கூறை (SHED) அமைக்கும் பணி,760000
82,Adambakkam / Nanganallur (Ward 165),மாமன்ற உறுப்பினர் மேம்பாட்டு நிதி,2022-23,school,மண்டலம்-12 பகுதி-37 வார்டு-165ல் உள்ள வனுவம்பேட்டை தெருவில் உள்ள சென்னை துவக்க பள்ளியை மேம்படுத்தும் பணி,350000
83,Adambakkam / Nanganallur (Ward 165),மாமன்ற உறுப்பினர் மேம்பாட்டு நிதி,2023-24,Public Facilities,மண்டலம்-12 பகுதி-37 வார்டு-165ல் உள்வட்ட சாலையில் உள்ள பல்நோக்கு மையக்கட்டம் அமைக்கும் பணி,310000
84,Adambakkam / Nanganallur (Ward 165),மாமன்ற உறுப்பினர் மேம்பாட்டு நிதி,2023-24,park,மண்டலம்-12 பகுதி-37 வார்டு-165ல் பாலாஜி நகர் உள்ள பாலாஜி நகர் பூங்காவை மேம்படுத்தும் பணி,300000
85,Adambakkam / Nanganallur (Ward 165),மாமன்ற உறுப்பினர் மேம்பாட்டு நிதி,2023-24,park,மண்டலம்-12 பகுதி-37 வார்டு-165ல் குன்றக்குடி நகர் 2வது தெருவில் உள்ள தெற்கு செக்டார் பூங்காவை மேம்படுத்தும் பணி,200000
86,Alandur / Adambakkam (Ward 161),மாமன்ற உறுப்பினர் மேம்பாட்டு நிதி,2023-24,-,மண்டலம்-12 பகுதி-36 வார்டு-161ல் லாயட் அவின்யூவில் உள்ள திறந்த வெளி நிலத்தில் புதிதகா இறகு பந்து மைதானம் அமைக்கும் பணி,310000
87,Alandur / Adambakkam (Ward 161),மாமன்ற உறுப்பினர் மேம்பாட்டு நிதி,2023-24,-,மண்டலம்-12 பகுதி-36 வார்டு-161ல் தெற்கு ராஜா தெருவில் உள்ள உடற்பயிற்சி கூடத்தில் உபகரணங்கள் அமைக்கும் பணி,520000
88,Alandur / Adambakkam (Ward 161),மாமன்ற உறுப்பினர் மேம்பாட்டு நிதி,2023-24,-,மண்டலம்-12 பகுதி-36 வார்டு-161ல் வ.உ.சி தெருவில் உள்ள பொது கழிப்பிடத்தை மேம்படுத்தும் பணி,290000
89,Nanganallur (Ward 166),மாமன்ற உறுப்பினர் மேம்பாட்டு நிதி,2023-24,School,மண்டலம்-12 பகுதி-37 வார்டு-166ல் கே.கே.நகர் பிரதான சாலையில் உள்ள சென்னை துவக்கப்பள்ளியில் கூடுதல் வகுப்பறை கட்டும் பணி,980000
90,Nanganallur (Ward 167),மாமன்ற உறுப்பினர் மேம்பாட்டு நிதி,2023-24,park,மண்டலம்-12 பகுதி-37 வார்டு-167ல் வோல்டாஸ் காலனி 1வது தெருவில் பூங்காவை மேம்படுத்தும் பணி,580000
91,Alandur / Adambakkam (Ward 161),மாமன்ற உறுப்பினர் மேம்பாட்டு நிதி,2023-24,-,மண்டலம்-12 பகுதி-36 வார்டு-161ல் உள்ள TNGO காலனியில் உள்ள திறந்தவெளி உடற்பயிற்சி கூடத்தில் விளையாட்டு உபகரணங்கள் அமைக்கும் பணி,190000
92,Palavanthangal / Nanganallur (Ward 164),மாமன்ற உறுப்பினர் மேம்பாட்டு நிதி,2023-24,-,மண்டலம்-12 பகுதி-37 வார்டு-164ல் உள்ள பல்வேறு தெருக்களில் மழைநீர் சேமிப்பு அமைக்கும் பணி,440000
93,Palavanthangal / Nanganallur (Ward 164),மாமன்ற உறுப்பினர் மேம்பாட்டு நிதி,2023-24,-,மண்டலம்-12 பகுதி-37 வார்டு-164ல் நியூ காலனி 1வது குறுக்கு தெருவில் உள்ள உடற்பயிற்சி கூடத்தில் உபகரணங்கள் அமைக்கும் பணி,380000
94,Palavanthangal / Nanganallur (Ward 164),மாமன்ற உறுப்பினர் மேம்பாட்டு நிதி,2023-24,-,மண்டலம்-12 பகுதி-37 வார்டு-164ல் பல்வேறு தெருக்களில் உள்ள SILT CATCH PIT அமைக்கும் பணி,510000
95,Adambakkam (Ward 163),மாமன்ற உறுப்பினர் மேம்பாட்டு நிதி,2023-24,School,மண்டலம்-12 பகுதி-36 வார்டு-163ல் கருணீகர் தெருவில் உள்ள சென்னை நடுநிலை பள்ளியில் வண்ணம் தீட்டுதல் மற்றும் பல்வேறு பணிகள்,700000
96,Nanganallur (Ward 167),மாமன்ற உறுப்பினர் மேம்பாட்டு நிதி,2023-24,park,மண்டலம்-12 பகுதி-37 வார்டு-167ல் வோல்டாஸ் காலனி 3வது தெருவில் உள்ள பூங்காவை மேம்படுத்தும் பணி,570000
97,Alandur / Thillai Ganga Nagar (Ward 162),மாமன்ற உறுப்பினர் மேம்பாட்டு நிதி,2023-24,-,மண்டலம்-12 பகுதி-36 வார்டு-162 மாரீசன் 5வது தெருவீல் உள்ள சென்னை மாநகராட்சிக்கு செந்தமான திறந்த வெளி நிலத்தில் உடற்பயிற்சி கூடத்தில் மேற்கூறை அமைக்கும் பணி,750000
98,Alandur / Thillai Ganga Nagar (Ward 162),மாமன்ற உறுப்பினர் மேம்பாட்டு நிதி,2023-24,-,மண்டலம்-12 பகுதி-36 வார்டு-162 மாரீசன் 5வது தெருவீல் உள்ள சென்னை மாநகராட்சிக்கு செந்தமான திறந்த வெளி நிலத்தில் குழந்தைகள் விளையாட்டு உபகரணங்கள் அமைக்கும் பணி,660000
99,Adambakkam / Nanganallur (Ward 165),மாமன்ற உறுப்பினர் மேம்பாட்டு நிதி,2023-24,School,மண்டலம்-12 பகுதி-37 வார்டு-165 நங்கநல்லூர 8வது தெருவில் உள்ள சென்னை துவக்க பள்ளியில் கூடுதல் வகுப்பறை கட்டும் பணி,960000
100,Adambakkam / Nanganallur (Ward 165),மாமன்ற உறுப்பினர் மேம்பாட்டு நிதி,2023-24,-,மண்டலம்-12 பகுதி-37 வார்டு-165 நியூ தெரு வனுவம்பேட்டை அங்கன்வாடி (228) மேம்படுத்தும் பணி,140000
101,Nanganallur (Ward 167),மாமன்ற உறுப்பினர் மேம்பாட்டு நிதி,2023-24,park,மண்டலம்-12 பகுதி-37 வார்டு-167 நங்கநல்லூர் 46வது தெருவில் உள்ள பூங்காவை மேம்படுத்தும் பணி,120000
102,Adambakkam (Ward 163),மாமன்ற உறுப்பினர் மேம்பாட்டு நிதி,2023-24,-,மண்டலம்-12 பகுதி-36 வார்டு-163 லேபர் வெல் 2வது தெருவில் சிமேண்ட் கான்கீரிட் சாலை அமைக்கும் பணி,150000
103,Adambakkam (Ward 163),மாமன்ற உறுப்பினர் மேம்பாட்டு நிதி,2023-24,-,மண்டலம்-12 பகுதி-36 வார்டு-163 லேபர் வெல் 3வது தெருவில் சிமேண்ட் கான்கீரிட் சாலை அமைக்கும் பணி,350000
104,Adambakkam (Ward 163),மாமன்ற உறுப்பினர் மேம்பாட்டு நிதி,2023-24,-,மண்டலம்-12 பகுதி-36 வார்டு-163ல் சுரேத்தர் நகர் 6வது தெருவில் மழைநீர் சேமிப்பு அமைக்கும் பணி,200000
105,Nanganallur (Ward 167),மாமன்ற உறுப்பினர் மேம்பாட்டு நிதி,2023-24,-,மண்டலம்-12 பகுதி-37 வார்டு-167ல் கண்ணன் நகர் 1வது பிரதான சாலையில் திறந்த வெளி உடற்பயிற்சி கூடம் கட்டும் பணி,570000
106,Adambakkam (Ward 163),மாமன்ற உறுப்பினர் மேம்பாட்டு நிதி,2023-24,-,மண்டலம்-12 பகுதி-36 வார்டு-163 பரமேஸ்வரன் நகர் 3வது தெருவில் சிமேண்ட் கான்கீரிட் சாலை அமைக்கும் பணி,130000
107,Adambakkam (Ward 163),மாமன்ற உறுப்பினர் மேம்பாட்டு நிதி,2023-24,-,மண்டலம்-12 பகுதி-36 வார்டு-163 சுரேந்தர் நகர் 3வது தெருவில் திறந்த வெளி உடற்பயிற்சி கூடம் மற்றும் பொது கழிப்பிடம் கட்டும் பணி,580000
108,Nanganallur (Ward 167),மாமன்ற உறுப்பினர் மேம்பாட்டு நிதி,2023-24,park,மண்டலம்-12 பகுதி-37 வார்டு-167 லட்சுமி நகர் 7வது தெருவில் உள்ள பூங்காவை மேம்படுத்தும் பணி,350000
109,Adambakkam / Nanganallur (Ward 165),மாமன்ற உறுப்பினர் மேம்பாட்டு நிதி,2023-24,-,மண்டலம்-12 பகுதி-37 வார்டு-165 உள்ள பழண்டியம்மன் கோவில் தெருவில் உள்ள 16வது காரிய மண்டபத்தை மேம்படுத்தும் பணி,90000
110,Nanganallur (Ward 167),மாமன்ற உறுப்பினர் மேம்பாட்டு நிதி,2023-24,park,மண்டலம்-12 பகுதி-37 வார்டு-167 சுதந்திர தின பூங்கா நங்கநல்லூர் 5வது பிரதான சாலையில் உள்ள பூங்காவை மேம்படுத்தும் பணி,1190000
111,Adambakkam (Ward 163),மாமன்ற உறுப்பினர் மேம்பாட்டு நிதி,2023-24,School,மண்டலம்-12 பகுதி-36 வார்டு-163 கருணீகர் தெருவில் உள்ள சென்னை நடுநிலை பள்ளியில் மழைநீர் சேகரிப்பு அமைக்கும் பணி,470000
112,Alandur / Thillai Ganga Nagar (Ward 162),மாமன்ற உறுப்பினர் மேம்பாட்டு நிதி,2023-24,-,மண்டலம்-12 பகுதி-36 வார்டு-162 நோபல் 1வது தெரு GST சாலை அருகில் உள்ள இ-கழிப்பிடத்தில் பல்வேறு வசதிகள் அமைக்கும் பணி,320000
113,Alandur / Thillai Ganga Nagar (Ward 162),மாமன்ற உறுப்பினர் மேம்பாட்டு நிதி,2023-24,-,மண்டலம்-12 பகுதி-36 வார்டு-162 கண்ணன் காலனி பொதுகழிப்பிடத்தை மேம்படுத்தும் பணி,500000
114,Alandur / Thillai Ganga Nagar (Ward 162),மாமன்ற உறுப்பினர் மேம்பாட்டு நிதி,2023-24,-,மண்டலம்-12 பகுதி-36 வார்டு-162ல் உள்ள மாரீசன் 5வது தெருவில் உள்ள மழைநீர் சேமிப்பு அமைக்கும் பணி மற்றும் பல்வேறு பணிகள்,170000
115,Alandur (Ward 160),மாமன்ற உறுப்பினர் மேம்பாட்டு நிதி,2023-24,-,மண்டலம்-12 பகுதி-36 வார்டு-160ல் உள்ள உடற்பயிற்சி கூடத்தில் பல்வேறு உபகரணங்கள் அமைக்கும் பணி,930000
116,Palavanthangal / Nanganallur (Ward 164),மாமன்ற உறுப்பினர் மேம்பாட்டு நிதி,2023-24,-,மண்டலம்-12 பகுதி-37 வார்டு-164ல் நங்கநல்லூர் 4வது பிரதான சாலையில் SLUICE GATE அமைக்கும் பணி,500000
117,Manapakkam (Ward 157),மாமன்ற உறுப்பினர் மேம்பாட்டு நிதி,2023-24,School,மண்டலம்-12 பகுதி-35 வார்டு-157ல் எம்.ஜி.சாலையில் உள்ள சென்னை துவக்க பள்ளியில் கூடுதல் வகுப்பறை அமைக்கும் பணி,3170000
118,Mugalivakkam / Mathanandapuram (Ward 156),மாமன்ற உறுப்பினர் மேம்பாட்டு நிதி,2023-24,park,மண்டலம்-12 பகுதி-35 வார்டு-156ல் சபரி நகர் 1வது பிரதான சாலையில் உள்ள பூங்காவை மேம்படுத்தும் பணி,310000
119,Mugalivakkam / Mathanandapuram (Ward 156),மாமன்ற உறுப்பினர் மேம்பாட்டு நிதி,2023-24,park,மண்டலம்-12 பகுதி-35 வார்டு-156ல் அன்னை வேளங்கன்னி நகர் PH-2 உள்ள பூங்காவை மேம்படுத்தும் பணி,400000
120,Nandambakkam (Ward 158),மாமன்ற உறுப்பினர் மேம்பாட்டு நிதி,2023-24,-,மண்டலம்-12 பகுதி-35 வார்டு-158ல் பஜனை கோவில் தெருவில் பல்நோக்கு மையக்கட்டிடம் கட்டும் பணி,2300000
121,Alandur (Ward 160),மாமன்ற உறுப்பினர் மேம்பாட்டு நிதி,2023-24,-,மண்டலம்-12 பகுதி-36 வார்டு-160 சவுரி தெருவில் பெண்களுக்கான உடற்பயிற்சி கூடம் கட்டும் பணி,2180000
122,Alandur / Thillai Ganga Nagar (Ward 162),மாமன்ற உறுப்பினர் மேம்பாட்டு நிதி,2023-24,-,மண்டலம்-12 பகுதி-36 வார்டு-162 மாரீசன் தெருவில் உள்ள பொதுகழிப்பிடத்தை மேம்படுத்தும் பணி,420000
123,Alandur / Thillai Ganga Nagar (Ward 162),மாமன்ற உறுப்பினர் மேம்பாட்டு நிதி,2023-24,-,மண்டலம்-12 பகுதி-36 வார்டு-162 நோபல் 1வது தெருவில் (ரயில்வே நிலையம்) உள்ள இ-கழிப்பிடத்தை மேம்படுத்தும் பணி,320000
124,Alandur / Adambakkam (Ward 161),மாமன்ற உறுப்பினர் மேம்பாட்டு நிதி,2023-24,-,மண்டலம்-12 பகுதி-36 வார்டு-162 நோபல் 1வது தெருவில் உள்ள இ-கழிப்பிடத்தை மேம்படுத்தும் பணி,80000
125,Mugalivakkam / Mathanandapuram (Ward 156),மாமன்ற உறுப்பினர் மேம்பாட்டு நிதி,2023-24,park,மண்டலம்-12 பகுதி-35 வார்டு-156 அன்னை வேளங்கண்ணி PH-1-2வது தெருவில் உள்ள பூங்காவை மேம்படுத்தும் பணி,340000
126,Mugalivakkam / Mathanandapuram (Ward 156),மாமன்ற உறுப்பினர் மேம்பாட்டு நிதி,2023-24,park,மண்டலம்-12 பகுதி-35 வார்டு-156 அன்னை வேளங்கண்ணி PH-1-5வது தெருவில் உள்ள பூங்காவை மேம்படுத்தும் பணி,330000
127,Mugalivakkam / Mathanandapuram (Ward 156),மாமன்ற உறுப்பினர் மேம்பாட்டு நிதி,2023-24,park,மண்டலம்-12 பகுதி-35 வார்டு-156 தேவதாஸ் தெருவில் உள்ள பூங்காவை மேம்படுத்தும் பணி,340000
128,Mugalivakkam / Mathanandapuram (Ward 156),மாமன்ற உறுப்பினர் மேம்பாட்டு நிதி,2023-24,park,மண்டலம்-12 பகுதி-35 வார்டு-156 கலைமகள் தெருவில் உள்ள பூங்காவை மேம்படுத்தும் பணி,360000
129,Alandur / Adambakkam (Ward 161),மாமன்ற உறுப்பினர் மேம்பாட்டு நிதி,2023-24,-,மண்டலம்-12 பகுதி-36 வார்டு-161 லாயட்ஸ் அவின்யூவில் பல்நோக்கு மையக்கட்டிடம் கட்டும் பணி,1460000
130,Alandur / Thillai Ganga Nagar (Ward 162),மாமன்ற உறுப்பினர் மேம்பாட்டு நிதி,2023-24,-,மண்டலம்-12 பகுதி-36 வார்டு-162ல் மாரீசன் 6வது தெருவில் 0மீ முதல் 50மீ வரை பக்கவாட்டு கால்வாய் அமைக்கும் பணி,920000
131,Alandur / Thillai Ganga Nagar (Ward 162),மாமன்ற உறுப்பினர் மேம்பாட்டு நிதி,2023-24,-,மண்டலம்-12 பகுதி-36 வார்டு-162ல் மாரீசன் 6வது தெருவில் 51மீ முதல் 90மீ வரை பக்கவாட்டு கால்வாய் அமைக்கும் பணி,700000
132,Mugalivakkam / Mathanandapuram (Ward 156),மாமன்ற உறுப்பினர் மேம்பாட்டு நிதி,2023-24,park,மண்டலம்-12 பகுதி-35 வார்டு-156ல் எ.ஜி.எஸ் காலனியில் உள்ள பூங்காவை மேம்படுத்தும் பணி,340000
133,Mugalivakkam / Mathanandapuram (Ward 156),மாமன்ற உறுப்பினர் மேம்பாட்டு நிதி,2023-24,park,மண்டலம்-12 பகுதி-35 வார்டு-156ல் குமுதம் நகரில் உள்ள பூங்காவை மேம்படுத்தும் பணி,240000
134,Mugalivakkam / Mathanandapuram (Ward 156),மாமன்ற உறுப்பினர் மேம்பாட்டு நிதி,2023-24,park,மண்டலம்-12 பகுதி-35 வார்டு-156ல் V.N.D.ராஜஸ்வரி அவின்யூவில் உள்ள பூங்காவை மேம்படுத்தும் பணி,280000
135,Palavanthangal / Nanganallur (Ward 164),மாமன்ற உறுப்பினர் மேம்பாட்டு நிதி,2023-24,-,மண்டலம்-12 பகுதி-37 வார்டு-167 நங்கநல்லூர் 4வது பிரதான சாலையில் உள்ள சிறுநீர் கழிக்கும் பகுதியில் மேடை அமைக்கும் பணி,70000
136,Palavanthangal / Nanganallur (Ward 164),மாமன்ற உறுப்பினர் மேம்பாட்டு நிதி,2023-24,-,மண்டலம்-12 பகுதி-37 வார்டு-164 நேரு காலனி 1வது தெருவில் பல்நோக்கு மையக்கட்டிடம் கட்டும் பணி,1430000
137,Mugalivakkam / Mathanandapuram (Ward 156),மாமன்ற உறுப்பினர் மேம்பாட்டு நிதி,2023-24,park,மண்டலம்-12 பகுதி-35 வார்டு-156ல் திருவள்ளுவர் நகர் பூங்காவை மேம்படுத்தும் பணி,390000
138,Alandur / Adambakkam (Ward 161),மாமன்ற உறுப்பினர் மேம்பாட்டு நிதி,2023-24,-,மண்டலம்-12 பகுதி-36 வார்டு-161 T.N.G.O காலனி 1வது தெருவில் நீறுற்று மற்றும் பல்வேறு மேம்படுத்தும் பணி,610000
139,Nandambakkam (Ward 158),மாமன்ற உறுப்பினர் மேம்பாட்டு நிதி,2023-24,-,மண்டலம்-12 பகுதி-35 வார்டு-158 மேற்கு குளக்கறை தெருவில் உள்ள 16வது நாள் காரிய மண்டபம் கட்டும் பணி,960000
140,Nandambakkam (Ward 158),மாமன்ற உறுப்பினர் மேம்பாட்டு நிதி,2023-24,park,மண்டலம்-12 பகுதி-35 வார்டு-158ல் சுரேந்தர் நகர் பூங்காவை மேம்படுத்தும் பணி,580000
141,Nanganallur (Ward 167),மாமன்ற உறுப்பினர் மேம்பாட்டு நிதி,2023-24,park,மண்டலம்-12 பகுதி-37 வார்டு-167ல் நங்கநல்லூர் 100 அடி சாலையில் உள்ள பூங்காவை மேம்படுத்தும் பணி,180000
142,Nanganallur (Ward 167),மாமன்ற உறுப்பினர் மேம்பாட்டு நிதி,2023-24,-,மண்டலம்-12 பகுதி-37 வார்டு-167 நங்கநல்லூர் 100 அடி சாலையில் உள்ள பல்நோக்கு மையக்கட்டிடம் கட்டிடத்தை மேம்படுத்தும் பணி,280000
143,Nanganallur (Ward 167),மாமன்ற உறுப்பினர் மேம்பாட்டு நிதி,2023-24,park,மண்டலம்-12 பகுதி-37 வார்டு-167ல் ஶ்ரீ ராம் காலனி சிவில் ஏவியேசன் காலனி பூங்காவை மேம்படுத்தும் பணி,490000
144,Nanganallur (Ward 167),மாமன்ற உறுப்பினர் மேம்பாட்டு நிதி,2023-24,park,மண்டலம்-12 பகுதி-37 வார்டு-167ல் ஈஸ்வரன் கோவில் MMTC காலனி பூங்காவை மேம்படுத்தும் பணி,540000
145,Nanganallur (Ward 167),மாமன்ற உறுப்பினர் மேம்பாட்டு நிதி,2023-24,park,மண்டலம்-12 பகுதி-37 வார்டு-167ல் விஜய் அவின்யூ பூங்காவை மேம்படுத்தும் பணி,400000
146,Nanganallur (Ward 167),மாமன்ற உறுப்பினர் மேம்பாட்டு நிதி,2023-24,park,மண்டலம்-12 பகுதி-37 வார்டு-167ல் இந்து காலனி 26வது தெருவில் உள்ள பூங்காவை மேம்படுத்தும் பணி,170000
147,Palavanthangal / Nanganallur (Ward 164),மாமன்ற உறுப்பினர் மேம்பாட்டு நிதி,2023-24,-,மண்டலம்-12 பகுதி-37 வார்டு-164ல் நியூ காலனி 2வது தெருவில் உள்ள சமுதாய நலக்கூடத்தில் புதிதாக SHED கட்டும் பணி,790000
148,Adambakkam (Ward 163),மாமன்ற உறுப்பினர் மேம்பாட்டு நிதி,2023-24,-,மண்டலம்-12 பகுதி-36 வார்டு-163 உள்ள பரமேஸ்வரன் நகர் 2வது தெரு லேபர் வெல் 2வது தெரு லேபர் வெல் 3வது தெருவில் Precast saucer drain மற்றும் மழைநீர் சேகரிப்பு தொட்டி உருவாக்கும் பணி,220000
149,Mugalivakkam / Mathanandapuram (Ward 156),மாமன்ற உறுப்பினர் மேம்பாட்டு நிதி,2023-24,park,மண்டலம்-12 பகுதி-35 வார்டு-156ல் சந்தோஷ் நகர் பூங்காவை மேம்படுத்தும் பணி,510000
150,Alandur / Adambakkam (Ward 161),மாமன்ற உறுப்பினர் மேம்பாட்டு நிதி,2023-24,park,மண்டலம்-12 பகுதி-36 வார்டு-161ல் உள்ள முருகன் நகர் பூங்காவில் நீருற்று அமைக்கும் பணி மற்றும் பூங்காவை மேம்படுத்தும் பணி,480000
151,Alandur / Adambakkam (Ward 161),மாமன்ற உறுப்பினர் மேம்பாட்டு நிதி,2023-24,park,மண்டலம்-12 பகுதி-36 வார்டு-161ல் அபிசர்ஸ் காலனி பூங்காவை மேம்படுத்தும் பணி,180000
152,Adambakkam (Ward 163),மாமன்ற உறுப்பினர் மேம்பாட்டு நிதி,2023-24,-,மண்டலம்-12 பகுதி-36 வார்டு-163ல் பாலகிருஷ்ணாபுரம் எரியூட்டும் தகன மேடையை பழுது பார்த்து பராமரிக்கும் பணி,390000
153,Adambakkam (Ward 163),மாமன்ற உறுப்பினர் மேம்பாட்டு நிதி,2023-24,park,மண்டலம்-12 பகுதி-36 வார்டு-163ல் சாந்தி நகர் 3வது தெருவில் உள்ள பூங்காவை மேம்படுத்தும் பணி,420000
154,Adambakkam (Ward 163),மாமன்ற உறுப்பினர் மேம்பாட்டு நிதி,2023-24,park,மண்டலம்-12 பகுதி-36 வார்டு-163ல் சுரேந்தர் நகர் 3வது தெருவில் உள்ள பூங்காவை மேம்படுத்தும் பணி,1220000
155,Nanganallur (Ward 166),மாமன்ற உறுப்பினர் மேம்பாட்டு நிதி,2023-24,park,மண்டலம்-12 பகுதி-37 வார்டு-166ல் அண்ணா தெருவில் உள்ள அண்ணா பூங்காவை மேம்படுத்தும் பணி,730000
156,Alandur / Thillai Ganga Nagar (Ward 162),மாமன்ற உறுப்பினர் மேம்பாட்டு நிதி,2023-24,-,மண்டலம்-12 பகுதி-36 வார்டு-162ல் மாரீசன் 5வது தெருவில் உள்ள சென்னை மாநகராட்சிக்கு செந்தமான நிலத்தில் சுற்று சுவர் மற்றும் நடைபாதை அமைக்கும் பணி,940000
157,Nanganallur (Ward 167),மாமன்ற உறுப்பினர் மேம்பாட்டு நிதி,2023-24,-,மண்டலம்-12 பகுதி-37 வார்டு-167 பல்வேறு தெருக்களில் பெயர் பலகை அமைக்கும் பணி,830000
158,Palavanthangal / Nanganallur (Ward 164),மாமன்ற உறுப்பினர் மேம்பாட்டு நிதி,2023-24,-,மண்டலம்-12 பகுதி-37 வார்டு-164 பல்வேறு தெருக்களில் பெயர் பலகை அமைக்கும் பணி,960000
159,Nanganallur (Ward 166),மாமன்ற உறுப்பினர் மேம்பாட்டு நிதி,2024-25,-,மண்டலம்-12 பகுதி-35 வார்டு-166 நேரு நெடுஞ்சாலையில் உள்ள பல்நோக்கு மையக்கட்டிடம் கட்டும் பணி,2440000
160,Alandur / Adambakkam (Ward 161),மாமன்ற உறுப்பினர் மேம்பாட்டு நிதி,2024-25,-,மண்டலம்-12 பகுதி-36 வார்டு-161 ராஜா தெருவில் உள்ள பொது கழிப்பிடத்தை மேம்படுத்தும் பணி,920000
161,Adambakkam (Ward 163),மாமன்ற உறுப்பினர் மேம்பாட்டு நிதி,2024-25,-,மண்டலம்-12 பகுதி-36 வார்டு-163 மஸ்தான் கோரி தெருவில் சிமேண்ட் கான்கீரிட் சாலை அமைக்கும் பணி,1300000
162,Nanganallur (Ward 167),மாமன்ற உறுப்பினர் மேம்பாட்டு நிதி,2024-25,-,மண்டலம்-12 பகுதி-37 வார்டு-167ல் உள்ள இந்து காலனி 15வது தெருவில் அமைந்துள்ள பேருந்து முனையத்தை மேம்படுத்தும் பணி,970000
163,Palavanthangal / Nanganallur (Ward 164),மாமன்ற உறுப்பினர் மேம்பாட்டு நிதி,2024-25,park,மண்டலம்-12 பகுதி-37 வார்டு-164 நங்கநல்லூர் 29வது தெருவில் உள்ள பூங்காவை மேம்படுத்தும் பணி,790000
164,Alandur / Adambakkam (Ward 161),மாமன்ற உறுப்பினர் மேம்பாட்டு நிதி,2024-25,-,மண்டலம்-12 பகுதி-36 வார்டு-161 பச்சை அம்மன் கேட் அருகில் உள்ள மழைநீர் வடிகால் பராமரிப்பு பணி,410000
165,Adambakkam (Ward 163),மாமன்ற உறுப்பினர் மேம்பாட்டு நிதி,2024-25,-,மண்டலம்-12 பகுதி-36 வார்டு-163 உள்ள பல்வேறு தெருக்களில் பெயர் பலகை அமைக்கும் பணி,60000
166,Palavanthangal / Nanganallur (Ward 164),மாமன்ற உறுப்பினர் மேம்பாட்டு நிதி,2024-25,-,மண்டலம் 12 பகுதி 37 வார்டு-164 நங்கநல்லூர் 5வது பிரதான சாலையில் No Parking awareness truss post அமைக்கும் பணி,100000
167,Alandur / Thillai Ganga Nagar (Ward 162),மாமன்ற உறுப்பினர் மேம்பாட்டு நிதி,2024-25,park,மண்டலம்-12 பகுதி-36 வார்டு-162 தில்லை கங்கா நகர் 33வது தெருவில் உள்ள பூங்காவை மேம்படுத்தும் பணி,780000
168,Alandur / Thillai Ganga Nagar (Ward 162),மாமன்ற உறுப்பினர் மேம்பாட்டு நிதி,2024-25,park,மண்டலம்-12 பகுதி-36 வார்டு-162 திருவள்ளுவர் நகர் 3வது தெருவில் உள்ள பூங்காவை மேம்படுத்தும் பணி,700000
169,Palavanthangal / Nanganallur (Ward 164),மாமன்ற உறுப்பினர் மேம்பாட்டு நிதி,2024-25,-,மண்டலம்-12 பகுதி-37 வார்டு-164 நேரு காலனி பிரதான சாலையில் அமைந்துள்ள பல்நோக்கு மைய கட்டிடம் கட்டும் பணி,970000
170,Alandur (Ward 160),மாமன்ற உறுப்பினர் மேம்பாட்டு நிதி,2024-25,-,மண்டலம்-12 பகுதி-36 வார்டு-160 நேரு காலனி பிரதான சாலையில் அமைந்துள்ள பல்நோக்கு மைய கட்டிடம் கட்டும் பணி,2430000
171,Alandur / Adambakkam (Ward 161),மாமன்ற உறுப்பினர் மேம்பாட்டு நிதி,2024-25,-,மண்டலம்-12 பகுதி-36 வார்டு-161 தெற்கு ராஜா தெருவில் உள்ள மழைநீர் வடிகால்வாய் மேம்படுத்தும் பணி,1230000
172,Alandur (Ward 160),மாமன்ற உறுப்பினர் மேம்பாட்டு நிதி,2024-25,-,மண்டலம் 12 பகுதி 36 வார்டு-160 ஆசர்கானா தெருவில் உள்ள சிறுபாலத்தை இடித்து அகற்றி மீண்டும் கட்டும் பணி மற்றும் பழுதடைந்த பக்கவாட்டு கால்வாயின் மேல் மூடியை அமைக்கும் பணி மற்றும் தன்ராஜ் மருத்துவமனை மேம்படுத்தும் பணி,500000
173,Adambakkam (Ward 163),மாமன்ற உறுப்பினர் மேம்பாட்டு நிதி,2024-25,-,மண்டலம்-12 பகுதி-36 வார்டு-163 பார்தசாரதி நகர் 6வது தெருவில் சிமேண்ட் கான்கீரிட் சாலை அமைக்கும் பணி,790000
174,Alandur / Adambakkam (Ward 161),மாமன்ற உறுப்பினர் மேம்பாட்டு நிதி,2024-25,-,மண்டலம்-12 பகுதி-36 வார்டு-161 வ.உ.சி தெருவில் புதிதாக மழைநீர் வடிகால்வாய் கட்டும் பணி (55மீ - 110மீ),1420000
175,Alandur / Adambakkam (Ward 161),மாமன்ற உறுப்பினர் மேம்பாட்டு நிதி,2024-25,-,மண்டலம்-12 பகுதி-36 வார்டு-161 வ.உ.சி தெருவில் புதிதாக மழைநீர் வடிகால்வாய் கட்டும் பணி (00மீ - 55மீ),1440000
176,Palavanthangal / Nanganallur (Ward 164),மாமன்ற உறுப்பினர் மேம்பாட்டு நிதி,2024-25,-,மண்டலம்-12 பகுதி-37 வார்டு-164 உள்ள பல்வேறு தெருக்களில் பெயர் பலகை அமைக்கும் பணி,950000
177,Palavanthangal / Nanganallur (Ward 164),மாமன்ற உறுப்பினர் மேம்பாட்டு நிதி,2024-25,-,மண்டலம்-12 பகுதி-37 வார்டு-164 நியூ காலனி 1வது தெருவில் உள்ள சமுதாய நல கூடத்தை மேம்படுத்தும் பணி,980000
178,Nanganallur (Ward 167),மாமன்ற உறுப்பினர் மேம்பாட்டு நிதி,2024-25,-,மண்டலம்-12 பகுதி-37 வார்டு-167 உள்ள பல்வேறு தெருக்களில் பெயர் பலகை அமைக்கும் பணி,960000
179,Nanganallur (Ward 167),மாமன்ற உறுப்பினர் மேம்பாட்டு நிதி,2024-25,-,மண்டலம்-12 பகுதி-37 வார்டு-167 உள்ள பல்வேறு தெருக்களில் பெயர் பலகை அமைக்கும் பணி,950000
180,Adambakkam (Ward 163),மாமன்ற உறுப்பினர் மேம்பாட்டு நிதி,2024-25,-,மண்டலம்-12 பகுதி-36 வார்டு-163 உள்ள பாலகிருஷ்ணா புரம் பிரதான சாலை மற்றும் பல்வேறு தெருக்களில் பெயர் பலகை அமைக்கும் பணி,960000
181,Adambakkam (Ward 163),மாமன்ற உறுப்பினர் மேம்பாட்டு நிதி,2024-25,-,மண்டலம்-12 பகுதி-36 வார்டு-163 உள்ள சாந்தி நகர் 2வது தெரு மற்றும் பல்வேறு தெருக்களில் பெயர் பலகை அமைக்கும் பணி,960000
182,Alandur / Adambakkam (Ward 161),மாமன்ற உறுப்பினர் மேம்பாட்டு நிதி,2024-25,-,மண்டலம்-12 பகுதி-36 வார்டு-161 தெற்கு ராஜா தெருவில் புதிதாக மழைநீர் வடிகால்வாய் கட்டும் பணி,510000
183,Nanganallur (Ward 166),மாமன்ற உறுப்பினர் மேம்பாட்டு நிதி,2024-25,-,மண்டலம்-12 பகுதி-37 வார்டு-166 டீச்சர்ஸ் காலனி 2வது குறுக்கு தெருவில் உள்ள நூலகத்தை மேம்படுத்தும் பணி,600000
184,Palavanthangal / Nanganallur (Ward 164),மாமன்ற உறுப்பினர் மேம்பாட்டு நிதி,2024-25,-,மண்டலம்-12 பகுதி-37 வார்டு-164 பல்வேறு தெருக்களில் வேகத்தடை அமைக்கும் பணி,550000
185,Palavanthangal / Nanganallur (Ward 164),மாமன்ற உறுப்பினர் மேம்பாட்டு நிதி,2024-25,-,மண்டலம்-12 பகுதி-37 வார்டு-164 நேரு காலனி பிரதான சாலையில் உர்பேசர் தூய்மை பணியாளர்களுக்கு அறை (SHED) அமைக்கும் பணி,680000
186,Nanganallur (Ward 166),மாமன்ற உறுப்பினர் மேம்பாட்டு நிதி,2024-25,-,மண்டலம்-12 பகுதி-37 வார்டு-166 உள்ள பல்நோக்கு மையக்கட்டத்தில் கூடுதல் மேம்பாட்டு பணி,910000
187,Nandambakkam (Ward 158),மாமன்ற உறுப்பினர் மேம்பாட்டு நிதி,2024-25,-,மண்டலம்-12 பகுதி-35 வார்டு-158 உள்ள பல்வேறு தெருக்களில் SILT CATCH PIT அமைக்கும் பணி,240000
188,Mugalivakkam / Mathanandapuram (Ward 156),மாமன்ற உறுப்பினர் மேம்பாட்டு நிதி,2024-25,-,மண்டலம்-12 பகுதி-35 வார்டு-156 உள்ள பெருமாள் கோவில் தெரு விரவு மற்றும் பல்வேறு தெருக்களில் பெயர் பலகை அமைக்கும் பணி,920000
189,Mugalivakkam / Mathanandapuram (Ward 156),மாமன்ற உறுப்பினர் மேம்பாட்டு நிதி,2024-25,-,மண்டலம்-12 பகுதி-35 வார்டு-156 உள்ள கமலா நகர் 5வது தெரு மற்றும் பல்வேறு தெருக்களில் பெயர் பலகை அமைக்கும் பணி,920000
190,Mugalivakkam / Mathanandapuram (Ward 156),மாமன்ற உறுப்பினர் மேம்பாட்டு நிதி,2024-25,-,மண்டலம்-12 பகுதி-35 வார்டு-156 உள்ள சாஜான் ENCLAVE 4வது சேகர் தெரு மற்றும் பல்வேறு தெருக்களில் பெயர் பலகை அமைக்கும் பணி,910000
191,Mugalivakkam / Mathanandapuram (Ward 156),மாமன்ற உறுப்பினர் மேம்பாட்டு நிதி,2024-25,-,மண்டலம்-12 பகுதி-35 வார்டு-156 உள்ள AGS காலனி PH- 2வது அவின்யூ மற்றும் பல்வேறு தெருக்களில் பெயர் பலகை அமைக்கும் பணி,960000
192,Nanganallur (Ward 166),மாமன்ற உறுப்பினர் மேம்பாட்டு நிதி,2024-25,-,மண்டலம்-12 பகுதி-37 வார்டு-166 உள்ள பல்வேறு தெருக்களில் பெயர் பலகை அமைக்கும் பணி,950000
193,Nanganallur (Ward 167),மாமன்ற உறுப்பினர் மேம்பாட்டு நிதி,2024-25,-,மண்டலம்-12 பகுதி-37 வார்டு-167 உள்ள பல்வேறு தெருக்களில் பெயர் பலகை அமைக்கும் பணி,950000
194,Adambakkam (Ward 163),மாமன்ற உறுப்பினர் மேம்பாட்டு நிதி,2024-25,-,மண்டலம்-12 பகுதி-36 வார்டு-163ல் உள்ள பரமேஸ்வரன் நகர் 3வதுதெருஇராமகிருஷ்ணாபுரம் 2வது தெரு மஸ்தான் கோரி தெரு ஏரிக்கரை தெரு மற்றும் பல்வேறு தெருக்களில் பெயர் பலகை அமைக்கும் பணி,870000
195,Adambakkam (Ward 163),மாமன்ற உறுப்பினர் மேம்பாட்டு நிதி,2024-25,-,மண்டலம்-12 பகுதி-36 வார்டு-163 உள்ள நியூ காலனி பிரதான சாலை சுரேந்தர் நகர் 6வது தெரு 4வது குறுக்குத் தெரு மண்ணடியம்மன் கோவில் தெரு மற்றும் பல்வேறு தெருக்களில் பெயர் பலகை அமைக்கும் பணி,950000
196,Adambakkam (Ward 163),மாமன்ற உறுப்பினர் மேம்பாட்டு நிதி,2024-25,-,மண்டலம்-12 பகுதி-36 வார்டு-163 ல் உள்ள சாந்தி நகர் முதல் குறுக்குத் தெருவில் (கிருண்ணாபுரம்) ஏற்கனவே உள்ள சிமெண்ட் கான்கிரிட் சாலையை சீரமைக்கும் பணி,290000
197,Nanganallur (Ward 166),மாமன்ற உறுப்பினர் மேம்பாட்டு நிதி,2024-25,-,மண்டலம்-12 பகுதி-37 வார்டு-166 நேரு நெடுஞ்சாலையில் அமைந்துள்ள பல்நோக்கு மைய கட்டிடம் கட்டும் பணி,2980000
198,Nanganallur (Ward 166),சட்டமன்ற உறுப்பினர் மேம்பாட்டு நிதி,2022-23,-,மண்டலம்-12 பகுதி-37 வார்டு-166ல் கோவிந்தசாமி தெருவில் பல்நோக்கு மையம் கட்டும் பணி.,1440000
199,Alandur (Ward 160),சட்டமன்ற உறுப்பினர் மேம்பாட்டு நிதி,2022-23,-,மண்டலம்-12 பகுதி-36 வார்டு-160ல் உள்ள முத்தம்ஜி தெருவில் பல்நோக்கு மையம் கட்டும் பணி,1540000
200,Adambakkam (Ward 163),சட்டமன்ற உறுப்பினர் மேம்பாட்டு நிதி,2022-23,-,மண்டலம்-12 பகுதி-36 வார்டு-163 யில் உள்ள பாலகிருஷ்ணபுரம் முதல் தெருவில் பல்நோக்கு மையம் கட்டும் பணி,1460000
201,Nanganallur (Ward 167),சட்டமன்ற உறுப்பினர் மேம்பாட்டு நிதி,2023-24,-,மண்டலம்-12 பகுதி-37 வார்டு-167ல் உள்ள நங்கநால்லூர் 100 வது பிரதான சாலையில் பல்நோக்கு மையம் கட்டும் பணி,750000
202,Nanganallur (Ward 167),சட்டமன்ற உறுப்பினர் மேம்பாட்டு நிதி,2023-24,-,மண்டலம் - 12 பகுதி-37.  வார்டு -167 நங்கநல்லூர் 100 அடிசாலையில் அமைந்துள்ள ஸ்கேட்டிங் விளையாட்டு மைதானத்தில் பாதுகாப்புஇரும்பு வலை அமைக்கும் பணி,480000
203,Nanganallur (Ward 167),சட்டமன்ற உறுப்பினர் மேம்பாட்டு நிதி,2023-24,-,மண்டலம்-12 பகுதி-37 வார்டு-167 இந்து காலனி பேருந்து நிறுத்தத்தில் சிமெண்ட் கான்கிரிட் சாலை அமைக்கும் பணி,2290000
204,Adambakkam (Ward 163),சட்டமன்ற உறுப்பினர் மேம்பாட்டு நிதி,2024-25,-,மண்டலம் -12  பகுதி-36 வார்டு -163பாலகிருஷ்ணாபுரம் முதல் தெருவில் பல்நோக்கு மையம் கட்டும் பணி,1360000
205,Mugalivakkam / Mathanandapuram (Ward 156),சட்டமன்ற உறுப்பினர் மேம்பாட்டு நிதி,2024-25,-,மண்டலம் 12 பகுதி-35வார்டு -156 செல்வலட்சுமி கார்டன் வீர சிவாஜி தெருவில் சமுதாய நலக்கூடத்தில் முதல் தளம் கட்டும் பணி,4860000
206,Nanganallur (Ward 167),16வது சட்டமன்ற தொகுதி மேம்பாட்டு நிதி,2021-22.,-,மண்டலம்-12 வார்டு167 நங்கநல்லூர் 100 அடி சாலையில் பல்நோக்கு மண்டபம் கட்டுதல்.,2800000
207,Alandur / Adambakkam (Ward 161),16வது சட்டமன்ற தொகுதி மேம்பாட்டு நிதி,2023-24,-,மண்டலம்-12 (ரயில்வே சந்திப்பு எண்: 15) இல் உள்ள ரயில் பாதை கடவையில் கால் பதித்தல்.,10000000
208,Adambakkam (Ward 163),16வது சட்டமன்ற தொகுதி மேம்பாட்டு நிதி,2021-22.,-,மண்டலம்-12 வார்டு163வது தெருவில் உள்ள பாலகிருஷ்ணபுரம் 1வது தெருவில் பல்நோக்கு மண்டபம் கட்டுதல்.,1600000
209,Nanganallur (Ward 167),16வது சட்டமன்ற தொகுதி மேம்பாட்டு நிதி,2022-23,-,மண்டலம்-12வார்டு 167 நங்கநல்லூர் 100 அடி சாலையில் உள்ள விளையாட்டு மைதானத்தில் சுற்றுச்சுவர் கட்டுதல் i (கிரில்),585000
210,Nanganallur (Ward 167),16வது சட்டமன்ற தொகுதி மேம்பாட்டு நிதி,2022-23,-,மண்டலம்-12 167 இந்து காலனி 15வது தெருவில் பேருந்து நிலையத்திற்கான கான்கிரீட் தரை அமைத்தல்.,2890000
211,Adambakkam (Ward 163),16வது சட்டமன்ற தொகுதி மேம்பாட்டு நிதி,2022-23,-,மண்டலம்-12 வார்டு163 இல் உள்ள பாலகிருணாபுரம் 1வது தெருவில் புதிய பல்நோக்கு மண்டபம் கட்டுதல்.,1715000
212,Mugalivakkam / Mathanandapuram (Ward 156),16வது சட்டமன்ற தொகுதி மேம்பாட்டு நிதி,2022-23,-,மண்டலம்-12வார்டு 156 செல்வலட்சுமி தோட்ட வீர சிவாஜி நகரில் உள்ள சமுதாயக் கூடத்தில் கூடுதல் கூரை கட்டுமானப் பணிகள்.,5254000
213,Alandur / Adambakkam (Ward 161),16வது சட்டமன்ற தொகுதி மேம்பாட்டு நிதி,2024-25,-,மண்டலம்-12 வார்டு161-வது முனையத்தில் உள்ள வேளச்சேரி சாலையில் பல்நோக்கு மண்டபம் கட்டுதல்.,2400000
214,Nanganallur (Ward 167),16வது சட்டமன்ற தொகுதி மேம்பாட்டு நிதி,2024-25,-,மண்டலம்-12 வார்டு167 ஆம் எண் கொண்ட நாங்கநல்லூர் பேருந்து நிலையம் இந்து காலனி 15வது தெருவில் மேம்பாட்டுப் பணிகள்.,2200000
215,Alandur / Adambakkam (Ward 161),(கோவளம் பேசின் திட்டப்பணி),2023-2024,-,கோவளம் வடிநில பகுதிகளில் ஒருங்கிணைந்த மழைநீர் வடிகால் பணி KfW,13839000
216,Alandur / Thillai Ganga Nagar (Ward 162),(கோவளம் பேசின் திட்டப்பணி),2023-2024,-,கோவளம் வடிநில பகுதிகளில் ஒருங்கிணைந்த மழைநீர் வடிகால் பணி KfW,13839000
217,Adambakkam (Ward 163),(கோவளம் பேசின் திட்டப்பணி),2023-2024,-,கோவளம் வடிநில பகுதிகளில் ஒருங்கிணைந்த மழைநீர் வடிகால் பணி KfW,13839000
218,Palavanthangal / Nanganallur (Ward 164),(கோவளம் பேசின் திட்டப்பணி),2023-2024,-,கோவளம் வடிநில பகுதிகளில் ஒருங்கிணைந்த மழைநீர் வடிகால் பணி KfW,13839000
219,Adambakkam / Nanganallur (Ward 165),(கோவளம் பேசின் திட்டப்பணி),2023-2024,-,கோவளம் வடிநில பகுதிகளில் ஒருங்கிணைந்த மழைநீர் வடிகால் பணி KfW,13839000
220,Nanganallur (Ward 166),(கோவளம் பேசின் திட்டப்பணி),2023-2024,-,கோவளம் வடிநில பகுதிகளில் ஒருங்கிணைந்த மழைநீர் வடிகால் பணி KfW,13839000
221,Nanganallur (Ward 167),(கோவளம் பேசின் திட்டப்பணி),2023-2024,-,கோவளம் வடிநில பகுதிகளில் ஒருங்கிணைந்த மழைநீர் வடிகால் பணி KfW,13839000
222,Mugalivakkam / Mathanandapuram (Ward 156),சிங்கார சென்னை 2.0,2024-25,park,மண்டலம்-12 பகுதி-35 வார்டு-156ல் உள்ளபெல் நகர் மற்றும் ஶ்ரீ அம்மன் நகரில் பூங்கா அமைக்கும் பணி,5400000
223,Mugalivakkam / Mathanandapuram (Ward 156),சிங்கார சென்னை 2.0,2024-25,park,மண்டலம்-12 பகுதி-35 வார்டு-156ல் உள்ள ஈ.வி.பி ராஜேஸ்வரி அவின்யூ மல்லிகை தெருவில் பூங்கா அமைக்கும் பணி,4400000
224,Mugalivakkam / Mathanandapuram (Ward 156),சிங்கார சென்னை 2.0,2024-25,park,மண்டலம்-12 பகுதி-35 வார்டு-156ல் உள்ள சபரி நகர் விரிவு 3வது பிரதான சாலையில் பூங்கா அமைக்கும் பணி,4500000
225,Mugalivakkam / Mathanandapuram (Ward 156),சிங்கார சென்னை 2.0,2024-25,park,மண்டலம்-12 பகுதி-35 வார்டு-156ல் உள்ள ராமசந்திர நகரில் பூங்கா அமைக்கும் பணி,4700000
226,Manapakkam (Ward 157),சிங்கார சென்னை 2.0,2024-25,park,மண்டலம்-12 பகுதி-35 வார்டு-157ல் உள்ள வி.ஜி.என். ராயல் கோர்டில் பூங்கா அமைக்கும் பணி,1700000
227,Manapakkam (Ward 157),சிங்கார சென்னை 2.0,2024-25,park,மண்டலம்-12 பகுதி-35 வார்டு-157ல் உள்ள பிள்ளையார் கோவில் 4வது இடது குறுக்கு தெருவில் பூங்கா அமைக்கும் பணி,3100000
228,Manapakkam (Ward 157),சிங்கார சென்னை 2.0,2024-25,park,மண்டலம்-12 பகுதி-35 வார்டு-157ல் உள்ள ஜெயின் ஹாவுசிங்கில் பூங்கா அமைக்கும் பணி,8300000
229,Mugalivakkam / Mathanandapuram (Ward 156),மூலதன நிதி,2024-25,-,மண்டலம்-12 பகுதி-35 வார்டு-156 ல் உள்ள பாடசாலை தெருவில் நகர்புற ஆரம்ப சுகாதார மையம் ( (UPHC) கட்டும் பணி (UPHC),12000000
230,Adambakkam (Ward 163),மூலதன நிதி,2024-25,-,மண்டலம்-12 பகுதி-36 வார்டு-163 ல் உள்ள மணடியம்மன் கோவில் தெருவில் நகர்புற ஆரம்ப சுகாதார மையம் ( (UPHC) கட்டும் பணி (UPHC),12000000
231,Palavanthangal / Nanganallur (Ward 164),மூலதன நிதி,2024-25,-,மண்டலம்-12 பகுதி-37 வார்டு-164 ல் உள்ள பழவந்தாங்கலில் நகர்புற ஆரம்ப சுகாதார மையம் ( (UPHC) கட்டும் பணி (UPHC),6000000
232,Palavanthangal / Nanganallur (Ward 164),மூலதன நிதி,2024-25,-,மண்டலம்-12 பகுதி-37 வார்டு-164 ல் உள்ள நங்கநல்லூரில் நகர்புற ஆரம்ப சுகாதார மையம் ( (UPHC) கட்டும் பணி (UPHC),1900000
233,Mugalivakkam / Mathanandapuram (Ward 156),மூலதன நிதி,2024-25,-,மண்டலம்-12 பகுதி-35 வார்டு-156 ல் உள்ள வன்னான் குளத்தை சீரமைக்கும் பணி,6000000
234,Mugalivakkam / Mathanandapuram (Ward 156),மூலதன நிதி,2024-25,-,மண்டலம்-12 பகுதி-35 வார்டு-156 ல் உள்ள முகலிவாக்கம் ஆலுவான்சேரி குளத்தை சீரமைக்கும் பணி,3800000
235,Mugalivakkam / Mathanandapuram (Ward 156),மூலதன நிதி,2024-25,-,மண்டலம்-12 பகுதி-35 வார்டு-156 ல் உள்ள பனிச்சாத்தம் கோவில் குளத்தை சீரமைக்கும் பணி,3700000
236,Alandur / Adambakkam (Ward 161),மூலதன நிதி,2024-25,School,பகுதி-161ல் உள்ள ஏ லைன் ஆலந்தூரில் உள்ள சீரமைப்பு பள்ளி சிபிஎஸ்,400000
237,Alandur (Ward 160),NHUM,2023-24,-,நகர்ப்புற ஆரம்ப சுகாதார நிலையம் சௌரி தெரு ஆலந்தூர் பகுதி-160,1122000
1,Movarasampattu,General Fund -Block Panchayat,2021-2022,public facilities,Construction of RCC Slab Culvert Raghava Nagar 2nd Street in Moovarsampet Panchayat in Punitha thomaiyar Malai Panchayat Union,161000
2,Movarasampattu,General Fund -Block Panchayat,2021-2022,public facilities,Construction of RCC Slab Culvert Subramania Nagar 4th Street in Moovarsampet Panchayat in Punitha thomaiyar Malai Panchayat Union,96000
3,Movarasampattu,General Fund -Block Panchayat,2021-2022,public facilities,Construction of RCC Slab Culvert Raghava Nagar 1st Street in Moovarsampet Panchayat in Punitha thomaiyar Malai Panchayat Union,161000
4,Movarasampattu,General Fund -Block Panchayat,2021-2022,school,Alandur Assembly Constitution in Panchayat Union Primary School @ Moovarsamoet Panchayat in Punithathomaiyar Malai Panchayat Union,83000
5,Movarasampattu,15th Central Finance Commission - Block Panchayat,2021-2022,road,Erikkarai road to Sabapathy nagar road In Moovarasampattu,1398000
6,Movarasampattu,15th Central Finance Commission - Block Panchayat,2021-2022,road,Ganga nagar to moovarasanpattu main link road in Moovarasampattu,1977000
7,Movarasampattu,15th Central Finance Commission - Village Panchayat,2021-2022,compound wall,Construction of compound wall in Panchayat Officer Building @ Moovarasampattu Panchayat in St. Thomas Mount Panchayat Union. (300m),1083884
8,Movarasampattu,15th Central Finance Commission - Village Panchayat,2021-2022,drainage,Construction of Cross Drainage Work to Moovarasampattu Village,300000
9,Movarasampattu,15th Central Finance Commission - Village Panchayat,2021-2022,drainage,Construction of CC drain in Sababathy Nagar 4th Street in Moovarsampattu Panchayat @St.Thomas Mount Block,1037913
10,Movarasampattu,15th Central Finance Commission - Village Panchayat,2021-2022,borewell,Drilling 150 mm Dia Bore Well (2 Nos) in Laying of Pipe Line - Gokulam Nagar in Moovarasampet Panchayat @ St.Thomas Mount Panchayat Union.,1037913
11,Movarasampattu,Mahatma Gandhi National Rural Employeement Gaurentee Scheme,2021-2022,cc road,(General) Providing cement concrete pavement in Pillaiyar koil street 350m@ moovarasampattu panchayat 21-22,1575000
12,Movarasampattu,Mahatma Gandhi National Rural Employeement Gaurentee Scheme,2021-2022,cc road,9General) Providing Cement Concrete pavement in Pandiyamman koil street 350m @ moovarasampattu panchayat,1575000
13,Movarasampattu,Mahatma Gandhi National Rural Employeement Gaurentee Scheme,2021-2022,cc road,(General ) Providing Cement concrete pavement in Bharahiyara street main road 200m @ moovarasampattu panchayat,900000
14,Movarasampattu,General Fund -Block Panchayat,2022-2023,drainage,Providing Cement Concret Drain to Subiramani Nagar Koil Street @ Moovarasampattu Panchayat in St.Thomas Mount Panchayat Union,590000
15,Movarasampattu,General Fund -Block Panchayat,2022-2023,drainage,Providing Earthen drain to Ragava nagar in Moovarasampattu Panchayat,294000
16,Movarasampattu,General Fund -Block Panchayat,2022-2023,bt road,Providing BT Road in Sabapathy nagar 2nd Main Road @ Moovarasampattu Panchayat,985000
17,Movarasampattu,General Fund -Block Panchayat,2022-2023,cc road,Providing Cement Concret Road to Subiramani Nagar Koil Street @ Moovarasampattu Panchayat in St.Thomas Mount Panchayat Union,520000
18,Movarasampattu,General Fund-Village Panchayat,2022-2023,bt road,Providing BT Road to Pillaiyar Kovil Street at Moovarasampet Panchayat,141000
19,Movarasampattu,General Fund-Village Panchayat,2022-2023,bt road,Providing BT Road to Pillaiyar Kovil Street in Moovarasampet Panchayat @ St.Thomas Mount Block,122000
20,Movarasampattu,15th Central Finance Commission - Block Panchayat,2022-2023,drainage,Providing Strom Water drain in Moovarasampattu @ Moovarasampattu Panchayat,1000000
21,Movarasampattu,15th Central Finance Commission - District Panchayat,2022-2023,drainage,Construction of CC Drainage in Senthuran Colony 1st and 2nd Street in Moovarasampattu Panchayat @ St.Thomas Mount Block (316 Mtrs.),1500000
22,Movarasampattu,15th Central Finance Commission - District Panchayat,2022-2023,bt road,Providing BT Road to Senthuran Colony Street in Moovarasampattu Panchayat @ St.Thomas Mount Block (100 Mtrs),600000
23,Movarasampattu,15th Central Finance Commission - Village Panchayat,2022-2023,public facilities,Providing Additional Work to Community Centre in Moovarasampet Panchayat @ St.Thomas Mount Panchayat Union,1289880
24,Movarasampattu,15th Central Finance Commission - Village Panchayat,2022-2023,sanitation,2 Percentage of Tied - Sanitation Amount I.E.C. Activities Expenses in Moovarasampettai Panchayat @ St.Thomas Mount Block,21498
25,Movarasampattu,15th Central Finance Commission - Village Panchayat,2022-2023,public facilities,10 Percentage of Un-Tied Amount Administrative Expenses in Moovarasampettai Panchayat @ St.Thomas Mount Block,143320
26,Movarasampattu,15th Central Finance Commission - Village Panchayat,2022-2023,public facilities,10 Percentage of Tied - Sanitation Amount Administrative Expenses in Moovarasampettai Panchayat @ St.Thomas Mount Block,107490
27,Movarasampattu,15th Central Finance Commission - Village Panchayat,2022-2023,water supply,10 Percentage of Tied-Water Supply Amount Administrative Expenses in Moovarasampettai Panchayat @ St.Thomas Mont Block,107490
28,Movarasampattu,15th Central Finance Commission - Village Panchayat,2022-2023,oht,Renovation of 6000Ltrs. OHT in Subramaniyan Nagar @Moovarasampattu Panchayaty,51566
29,Movarasampattu,15th Central Finance Commission - Village Panchayat,2022-2023,drainage,Construction of CC drain in Ragava Nagar 2nd Street @ Moovarasampattu Panchayat @St.thomas Mount Block,968012
30,Movarasampattu,15th Central Finance Commission - Village Panchayat,2022-2023,borewell,Drilling 150 mm Dia Bore Well in Moovarasampet Village at (For Gokul Nagar Sabapathi Nagar and Ragava Nagar ) Moovarasampattu Panchayat in St.Thomas Mount Panchayat . (3Nos),967410
31,Movarasampattu,MGNREGS,2022-2023,cc road,Providing cement concrete Pavement in Subramaniya nagar 2nd and 3rd street 300m - General Habitation @ Moovarasampattu Pt.,1260600
32,Movarasampattu,MGNREGS,2022-2023,drainage,Providing Cement Concrete Drainage in Subramaniya nagar 2nd street 300m - SC Habitation at Moovarasampattu,1525500
33,Movarasampattu,MGNREGS,2022-2023,soak pit,Construction of Community Soak pit in OHT TANK NEAK Moovarasampattu Panchayat,14500
34,Movarasampattu,General Fund -Block Panchayat,2023-2024,kitchen shed,repairs work PUPS Kitchen Shed at Moovarasampattu,105000
35,Movarasampattu,15th Central Finance Commission - Village Panchayat,2023-2024,purchase-of-tractor,Purchase of Tractor - 2 Nos. @ Moovarasampet Panchayat,600000
36,Movarasampattu,15th Central Finance Commission - Village Panchayat,2023-2024,cc road,providing CC Pavement to Bajanai Koil Street at Moovarasampattu @ St.Thomas Mount Panchayat Union,1357515
37,Movarasampattu,15th Central Finance Commission - Village Panchayat,2023-2024,culvert,Construction of Culvert in Subramaniya Nagar @Moovarasampattu panchayat @St.Thomas Mount Block,170000
38,Movarasampattu,15th Central Finance Commission - Village Panchayat,2023-2024,culvert,Construction of Culvert in Gokul Nagar @Moovarasampattu Panchayat @St.Thomas Mount Block,165000
39,Movarasampattu,15th Central Finance Commission - Village Panchayat,2023-2024,water supply,deepening Well with Recharge Structure in Pazhaniyamman Koil Street in Moovarasamapattu @St.thomas Mount Panchayat,300000
40,Movarasampattu,15th Central Finance Commission - Village Panchayat,2023-2024,borewell,Providing Borewell with Recharged Structure in Primary School at moovarasampattu Panchayat @ St.Thomas Mount Panchayat,400000
41,Movarasampattu,15th Central Finance Commission - Village Panchayat,2023-2024,borewell,Drilling of Borewell and Providing Motor in Moovarasampattu Primary School in Moovarasampattu Panchayat @St.Thomas Mount Panchayat Union,318136
42,Movarasampattu,MGNREGS,2023-2024,drainage,Providing Cement Concrete Drainage in Subramaniya nagar 195m ( General Habitation),912015
43,Movarasampattu,MGNREGS,2023-2024,public facilities,Providing RuralSports Center in Moovarasasmpattu at Moovarasasmpattu Panchayat,29000
44,Movarasampattu,SSA Integrated School Building,2023-2024,school,Renovation of Single Class Room for Smart class in PUPS Moovarasampattu at Moovarasampattu Panchayat,110000
45,Movarasampattu,Michaung Flood Damaged Roads,2023-2024,bt road,Providing BT Road to Vengateshwara Nagar at Moovarasampattu Panchayat,673000
46,Movarasampattu,Michaung Flood Damaged Roads,2023-2024,cc road,Providing CC Road with Drain to Ragava Nagar 11th Street at Moovarasampattu Panchayat,3045000
47,Movarasampattu,Michaung Flood Damaged Roads,2023-2024,bt road,Providing BT Road to Kothavari Street at Moovarasampattu Panchayat,538000
48,Movarasampattu,Michaung Flood Damaged Roads,2023-2024,cc road,Providing CC Road with Drain to Ragava Nagar 12th Street at Moovarasampattu Panchayat,2175000
49,Movarasampattu,Michaung Flood Damaged Roads,2023-2024,cc road,Providing CC Road with Drain to Ragava Nagar 8th Street at Moovarasampattu Panchayat,617000
50,Movarasampattu,Michaung Flood Damaged Roads,2023-2024,cc road,Providing CC Pavement to Ragava Nagar 7th Street at Moovarasampattu Panchayat,1143000
51,Movarasampattu,Michaung Flood Damaged Roads,2023-2024,cc road,Providing CC Road with Drain to Ragava Nagar 13th Street at Moovarasampattu Panchayat,1849000
52,Movarasampattu,Peri Urban Panchayat - CMDA Fund,2023-2024,cc road,Providing Cement Concrete Road senthuran colony 3rd street,660000
53,Movarasampattu,Peri Urban Panchayat - CMDA Fund,2023-2024,cc road,Providing Cement Concrete Road Sababathy nagar 4th street,1914000
54,Movarasampattu,Peri Urban Panchayat - CMDA Fund,2023-2024,cc road,Providing Cement Concrete Road 6th Street Subramanian kovil street,910000
55,Movarasampattu,Peri Urban Panchayat - CMDA Fund,2023-2024,cc road,Providing Cement Concrete Road Brammaputhira street,480000
56,Movarasampattu,Peri Urban Panchayat - CMDA Fund,2023-2024,cc road,Providing Cement Concrete Road 3rd main road,768000
57,Movarasampattu,Peri Urban Panchayat - CMDA Fund,2023-2024,cc road,Providing Cement Concrete Road 6th Street Bharathiar 2nd Cross Street,336000
58,Movarasampattu,Peri Urban Panchayat - CMDA Fund,2023-2024,cc road,Providing Cement Concrete Road Yamuna street,384000
59,Movarasampattu,Peri Urban Panchayat - CMDA Fund,2023-2024,cc road,Providing Cement Concrete Road Thungapathira street,533000
60,Movarasampattu,Peri Urban Panchayat - CMDA Fund,2023-2024,cc road,Providing Cement Concrete Road 6th Street,677000
61,Movarasampattu,Peri Urban Panchayat - CMDA Fund,2023-2024,cc road,Providing Cement Concrete Road 1st Street,902000
62,Movarasampattu,Peri Urban Panchayat - CMDA Fund,2023-2024,cc road,Providing Cement Concrete Road 2nd Main Road,1632000
63,Movarasampattu,Peri Urban Panchayat - CMDA Fund,2023-2024,cc road,Providing Cement Concrete Road Ganesh nagar street,900000
64,Movarasampattu,Peri Urban Panchayat - CMDA Fund,2023-2024,cc road,Providing Cement Concrete Road 2nd cross street,198000
65,Movarasampattu,Peri Urban Panchayat - CMDA Fund,2023-2024,cc road,Providing Cement Concrete Road 3th cross Street,286000
66,Movarasampattu,Peri Urban Panchayat - CMDA Fund,2023-2024,cc road,Providing Cement Concrete Road senthuram colony 2nd street,594000
67,Movarasampattu,Peri Urban Panchayat - CMDA Fund,2023-2024,cc road,Providing Cement Concrete Road 6th Street Bharathiar 1st street,288000
68,Movarasampattu,SBM(G),2023-2024,purchase-of-tractor,Purchase of Tractor - 1 No - Moovarasampet Panchayat,1000000
69,Movarasampattu,SBM(G),2023-2024,purchase-of-tractor,Purchase of Tractor - 1No - Moovarasampet Panchayat,1000000
70,Movarasampattu,15th Central Finance Commission - Block Panchayat,2024-2025,borewell,Drilling of 150mm Dia Borewell (95M Depth) in Moovarasampattu Panchayat,480000
71,Movarasampattu,15th Central Finance Commission - Village Panchayat,2024-2025,cc road,Providing Cement Concrete Pavement to Vengateshwara nagar at Moovarasampet pt,620225
72,Movarasampattu,15th Central Finance Commission - Village Panchayat,2024-2025,drainage,Construction of Cement Concrete Drain drain with RCC slab Culvert to Bharathiyar 1st Street at Moovarasampattu pt,818000
73,Movarasampattu,15th Central Finance Commission - Village Panchayat,2024-2025,drainage,Construction of Cement Concrete Drain drain to Ganga Nagar Main Road,1078692
74,Movarasampattu,15th Central Finance Commission - Village Panchayat,2024-2025,borewell,Drilling of 150mm Dia Borewell (95m Depth) 5HP Motor in Gokul nagar.,350000
75,Movarasampattu,15th Central Finance Commission - Village Panchayat,2024-2025,borewell,Drilling of 150mm Dia Borewell (95m Depth) 5HP Motor in Sababthi nagar,350000
76,Movarasampattu,15th Central Finance Commission - Village Panchayat,2024-2025,public facilities,Supply and laying of Distribution line (63mm) to Ragava nagar,233192
77,Movarasampattu,15th Central Finance Commission - Village Panchayat,2024-2025,public facilities,Supply and laying of Distribution line (63mm) to Ganaga Nagar,145500
78,Movarasampattu,MGNREGS,2024-2025,Avenue tree plantation,Moovarasampattu Gokul nagar streets in road side plantation 100nos,34300
79,Movarasampattu,MGNREGS,2024-2025,Avenue tree plantation,Moovarasampattu Ganga nagar streets in road side plantation 50nos,17700
80,Movarasampattu,MGNREGS,2024-2025,Avenue tree plantation,Moovarasampattu Ragavaa nagar streets in road side plantation 100nos,34300
81,Movarasampattu,MGNREGS,2024-2025,Avenue tree plantation,Moovarasampattu Sabapathi nagar streets in road side plantation 50nos,17700
82,Movarasampattu,MGNREGS,2024-2025,Avenue tree plantation,Defence colony road side plantation 50 nos @ Moovarasampattu Panchayat 2901009011/DP/2904710053,17700
83,Movarasampattu,MGNREGS,2024-2025,Avenue tree plantation,Subramaniyan nagar road side plantation 50 nos @ Moovarasampattu Panchayat 2901009011/DP/2904710050,17700
84,Movarasampattu,MGNREGS,2024-2025,culvert,Construction of RCC slab culvert 1.5M span at Yamuna street at Moovarasanpattu Panchayat,320000
85,Movarasampattu,SBM(G),2024-2025,school toilet,Construction of PUM School Toilet Building (Type Design- 4) Girls in Moovarasampet Panchayat,616000
86,Movarasampattu,SBM(G),2024-2025,school toilet,Construction of PUM School Toilet Building (Type Design- 6) Boys in Moovarasampet Panchayat,487000
87,Movarasampattu,General Fund- District Panchayat,2025-2026,bt road,Providing BT Road to Ragava Nagar 3rd Main Road in Moovarasampattu Panchayat @St. Thomas Mount Block(233mts),2600000
88,Movarasampattu,AGAMT II,2025-2026,drainage,Cement Concrete Drain to Ragava Nagar 3rd Main Road (228m ),1173000
89,Movarasampattu,AGAMT II,2025-2026,drainage,Providing Cement Concrete Drain to Bharathiyar Street at Moovarasampattu Panchayat.(260m),1303000
90,Movarasampattu,AGAMT II,2025-2026,drainage,Cement Concrete Drain to Ragava Nagar 6st Street (150m ),768000
91,Movarasampattu,AGAMT II,2025-2026,drainage,Cement Concrete Drain to Ragava Nagar 1st Street (145m),742500
92,Movarasampattu,AGAMT II,2025-2026,drainage,Providing Cement Concrete Drain to Subramania Nagar 7th Street at Moovarasampattu Panchayat.(137m),700000
93,Movarasampattu,AGAMT II,2025-2026,drainage,Providing Cement Concrete Drain to Subramania Nagar 3rd Street 3rd Cross Street at Moovarasampattu Panchayat.(223m),1137000
94,Movarasampattu,AGAMT library repair,2025-2026,library,Repair and Renovation of AGAMT Library at Moovarasampattu Panchayat,278000
95,Movarasampattu,SIUS - General Fund,2025-2026,school,Repairs to PUPS Four Class Room South Facing(G+1),680500
96,Movarasampattu,SIUS - General Fund,2025-2026,school,Repairs to PUPS Four Class Room East Facing(G+1),386500
97,Movarasampattu,SIUS - General Fund,2025-2026,school,Repairs to PUPS Two Class Room East Facing,396000
98,Movarasampattu,SIUS - General Fund,2025-2026,school,Repairs to PUPS Two Class Room South Facing,396500
99,Movarasampattu,SIUS - General Fund,2025-2026,kitchen shed,Colour Washing to PUPS Kitchen Shed Building,41700
100,Movarasampattu,SIUS - General Fund,2025-2026,toilet,Colour Washing to PUPS Toilet Building,55000
6,Cowl Bazzar,General Fund -Block Panchayat,2021-2022,School,Alandur Assembly Constitution in Panchayat Union Primary School @ Cowlbazaar Panchayat in Punithathomaiyar Malai Panchayat Union,58000
13,Cowl Bazzar,General Fund- District Panchayat,2021-2022,BT Road,Providing BT Road to Nehru Nagar Ramalingam Street in Cowl Bazar Panchayat @ St.Thomas Mount Block (118 Mtrs.),905000
14,Cowl Bazzar,General Fund- District Panchayat,2021-2022,BT Road,Providing BT Road to Dilli Babu Street in Cowl Bazar Panchayat @ St.Thomas Mount Block (165 Mtrs.),845000
15,Cowl Bazzar,General Fund- District Panchayat,2021-2022,BT Road,Providing BT Road to Abdul Kalam Nagar - Bharathiyar Street @ Kowl Bazar Panchayat in Punithathomaiyarmalai Panchayat Union,1150000
68,Cowl Bazzar,15th Central Finance Commission - Block Panchayat,2021-2022,oht,Construction of 60000 Lit OHT 12.00 M STG HT including Foundation Pipeline in VGN Avenur @ Cowl Bazar Panchayat Tied Water Supply,2310000
71,Cowl Bazzar,15th Central Finance Commission - District Panchayat,2021-2022,drainage,Construction of Storm Water Drainage to Arcot Salai @ Cowal Bazar Panchayat,840000
80,Cowl Bazzar,15th Central Finance Commission - Village Panchayat,2021-2022,sanitation,Purchased of equipments for handling of Solid waste in Cowl Bazar Panchayat,41644
96,Cowl Bazzar,15th Central Finance Commission - Village Panchayat,2021-2022,public facilities,Providing Paver Block Road to Arcot Salai @ Cowlbazar Panchayat in St.Thomas Mount Panchayat Union. (18m),102000
98,Cowl Bazzar,15th Central Finance Commission - Village Panchayat,2021-2022,Culvert,Construction of Culvert in Cowlbazar panchayat @St.Thomas Mount Block,260000
99,Cowl Bazzar,15th Central Finance Commission - Village Panchayat,2021-2022,drainage,Construction of Cross Drainage Work to Cowlbazar Village,300000
105,Cowl Bazzar,15th Central Finance Commission - Village Panchayat,2021-2022,water Supply,Supply and Laying of Pipe Line at Bajanai Koil Street Periyar Street and Arcot Salai in Cowlbazar Panchayat @ St.Thomas Mount Panchayt Union.,60000
106,Cowl Bazzar,15th Central Finance Commission - Village Panchayat,2021-2022,Water Supply,Supply and Laying of Pipe Line at Anna Street Yashotha Street Anna Main Road in Cowlbazar Panchayt @ St.Thomas Mount Panachayat .,241000
140,Cowl Bazzar,Painting of Village Panchayat Office Building,2021-2022,panchayat-office,Cowlbazar Panchayat Officer Color Washing,50000
160,Cowl Bazzar,Mahatma Gandhi National Rural Employeement Gaurentee Scheme,2021-2022,Compound Wall,Construction OF SCHOOL COMPOUND WALL IN HIGH SCHOOL AT COWLBAZAR 21-22 836290,836290
463,Cowl Bazzar,Mahatma Gandhi National Rural Employeement Gaurentee Scheme,2021-2022,public facilities,(General) Providing Interlocking Paver block @ Arcod road 1 cross and 2 nd cross streets 340m @ cowlbazar,2550000
464,Cowl Bazzar,Mahatma Gandhi National Rural Employeement Gaurentee Scheme,2021-2022,drainage,(General) Construction of cement concrete Drainage in Kalaignar salai 300m 21-22 @ cowlbazar,1800000
65,Cowl Bazzar,15th Central Finance Commission - Block Panchayat,2022-2023,public facilities,Block Panchayat Untied Fund 10 admin allocation (BPDP Process Plan Scheme),50000
66,Cowl Bazzar,15th Central Finance Commission - Block Panchayat,2022-2023,sanitation,Operation and maintenance of multi village wastewater arrangements,50000
67,Cowl Bazzar,15th Central Finance Commission - Block Panchayat,2022-2023,Public facilities,Block Panchayat Untied fund 10 admin allocation details (Computer and Internet service charges,250000
81,Cowl Bazzar,15th Central Finance Commission - Village Panchayat,2022-2023,Public facilities,T.K. Equipments in Cowlbazar @ St.Thomas Mount Block,7000
82,Cowl Bazzar,15th Central Finance Commission - Village Panchayat,2022-2023,sanitation,2 Percentage of Tied - Sanitation Amount I.E.C. Activities Expenses in Cowl Bazar Panchayat @ St.Thomas Mount Block,6248
86,Cowl Bazzar,15th Central Finance Commission - Village Panchayat,2022-2023,Public facilities,Purchase of E-cart -1No @CowlBazar panchayat @St.Thomas Mount Block,275000
87,Cowl Bazzar,15th Central Finance Commission - Village Panchayat,2022-2023,panchayat-office,10 Percentage of Un-Tied Amount Administrative Expenses in Cowl Bazar Panchayat @ St.Thomas Mount Block,41652
88,Cowl Bazzar,15th Central Finance Commission - Village Panchayat,2022-2023,sanitation,10 Percentage of Tied - Sanitation Amount Administrative Expenses in Cowl Bazar Panchayat @ St.Thomas Mount Block,31239
89,Cowl Bazzar,15th Central Finance Commission - Village Panchayat,2022-2023,Water Supply,10 Percentage of Tied-Water Supply Amount Administrative Expenses in Cowl Bazaar Panchayat @ St.Thomas Mont Block,31239
92,Cowl Bazzar,15th Central Finance Commission - Village Panchayat,2022-2023,oht,Provission of platform 60000 Ltrs. OHT in Cowlbazar Village @ Cowlbazar panchayat,12097
97,Cowl Bazzar,15th Central Finance Commission - Village Panchayat,2022-2023,Drainage,Providing Cement Concrete Drain to MGR Street in Cowlbazar Panchayat @ St.Thomas Mount Panchayt Union.,374872
100,Cowl Bazzar,15th Central Finance Commission - Village Panchayat,2022-2023,Culvert,Construction of New Culvert in VGN Avenue @Cowlbazar Panchayat @St.thomas Mount Block,190590
109,Cowl Bazzar,15th Central Finance Commission - Village Panchayat,2022-2023,Water Supply,Supply and Laying of Distribution Pipe Line at Kalaingnar Salai in Cowlbazar Panchayat at St.Thomas Mount Panchayat (320m),169154
110,Cowl Bazzar,15th Central Finance Commission - Village Panchayat,2022-2023,Water Supply,Supply and Laying of Distribution Pipe Line at Dillibabu Street in Cowlbazar Panchayat at St.Thomas Mount Panchayat (200m),112000
114,Cowl Bazzar,AGAMT II,2022-2023,Drainage,Construction of Cement Concrete Drain at Bajanai koil street in Gowlbazar panchaayt-145m,725000
115,Cowl Bazzar,AGAMT II,2022-2023,Drainage,Construction of Cement Concrete Drain at Thulukanam street in Gowlbazar panchaayt-60m,303670
116,Cowl Bazzar,AGAMT II,2022-2023,cc road,Providing cement concrete Road to Periyar street (90m) at Cowlbazaar panchayat,540000
117,Cowl Bazzar,AGAMT II,2022-2023,cc road,Providing cement concrete Road to Anna street (50m) at Cowlbazaar panchayat,300000
118,Cowl Bazzar,AGAMT II,2022-2023,cc road,Providing cement concrete Road to Anna cross street (65m) at Gowlbazaar panchayat,390000
119,Cowl Bazzar,AGAMT II,2022-2023,cc road,Providing cement concrete Road to Arcot street (45m) at Cowlbazaar panchayat,270000
120,Cowl Bazzar,AGAMT II,2022-2023,cc road,Providing cement concrete Road to Bajanai koil street (36m) at Cowlbazaar panchayat,216000
121,Cowl Bazzar,AGAMT II,2022-2023,cc road,Providing cement concrete Road to MGR street (144m) at Cowlbazaar panchayat,864000
147,Cowl Bazzar,SIDS,2022-2023,Kitchen-shed,Repairs to P.U. P School Building Kitchen Shed at Cowl bazar Panchayat in St.Thomas Mount Panchayat Union,35000
148,Cowl Bazzar,SIDS,2022-2023,School,Repairs to Panchayat primary School ( RCC Building East Facing) Two Class Room at Cowl bazar School in St.Thomas Mount Panchayat Union,338000
149,Cowl Bazzar,SIDS,2022-2023,School,Repairs to Panchayat primary School ( RCC Building North Facing) at Cowl bazar School in St.Thomas Mount Panchayat Union,256000
150,Cowl Bazzar,SIDS,2022-2023,School,Repairs to Panchayat primary School ( RCC Building East Facing) Three Class Room at Cowl bazar School in St.Thomas Mount Panchayat Union,357000
151,Cowl Bazzar,SIDS,2022-2023,School Toilet,Repairs to P.U. P School Building Toilet at Cowl bazar Panchayat in St.Thomas Mount Panchayat Union,29000
566,Cowl Bazzar,SBM(G),2022-2023,Public facilities,Purchaseof E-Cart - 1 No.,250000
5,Cowl Bazzar,General Fund -Block Panchayat,2023-2024,kitchen-shed,Repairs work to PUPS Kitchen shed,60000
11,Cowl Bazzar,General Fund- District Panchayat,2023-2024,Roads,Providing paver block road in Kalaingar 2nd Cross Street at Cowl Bazaar @ St.Thomas Mount Panchayat Union,270000
12,Cowl Bazzar,General Fund- District Panchayat,2023-2024,BT Road,Providing BT Road in Kambar Street at Cowl Bazaar Panchayat @ St.Thomas Mount Panchayat Union,738000
17,Cowl Bazzar,General Fund- District Panchayat,2023-2024,Pipeline-extension,Providing pipe line and FHTC No.s 33 at Bajanai Koil Street @ 1st Cross Street in Cowl Bazaar Panchayat @ Punithathomaiyarmalai Panchayat Union,190000
72,Cowl Bazzar,15th Central Finance Commission - District Panchayat,2023-2024,BT Road,Providing BT Road in MGR Street in Cowlbazaar @ Cowlbazaar Panchayat @ St.Thomas Mount Panchayat Union,390000
73,Cowl Bazzar,15th Central Finance Commission - District Panchayat,2023-2024,BT Road,Providing BT Road in Arcod Street in Cowlbazaar @ Cowl Bazaar Panchayat in St.Thomas Mount Panchayat Union,390000
91,Cowl Bazzar,15th Central Finance Commission - Village Panchayat,2023-2024,Purchase-of-tractor,Purchase of Mini Tractor - 1 No - Cowlbazar Panchayat,150000
95,Cowl Bazzar,15th Central Finance Commission - Village Panchayat,2023-2024,Public facilities,Providing Paver Block to MGR Cross Street - (27 m) at CowlBazar panchayat @ St.Thomas Mount Panchayat Union,200000
101,Cowl Bazzar,15th Central Finance Commission - Village Panchayat,2023-2024,Culvert,Construction of Culvert in Cowlbazar Village @ Cowlbazar Panchayat @St.Thomas Mount Block,142000
107,Cowl Bazzar,15th Central Finance Commission - Village Panchayat,2023-2024,Public facilities,Repairs of Hand pump Platform in Anna Street Nedhun Salai Mangaliamman Koil Street Mayanam-1 Mayanam-2 at CowlBazar Panchayat @ St.Thomas Mount Panchayat Union,191524
108,Cowl Bazzar,15th Central Finance Commission - Village Panchayat,2023-2024,Pipeline-extension,Providing Pipeline 510M to MGR Nagar Extn to CowlBazar at St.thomas Mount pabnchayat Union,180000
113,Cowl Bazzar,15th Central Finance Commission - Village Panchayat,2023-2024,Water Supply,Providing pipeline to Periyar Street and Anna Cross Street in Cowlbazar Panchayat @St.Thomas Mount Panchayat Union,113644
138,Cowl Bazzar,MGNREGS,2023-2024,cc road,Providing cement concrete Pavement in Gandhi street 324m (General Habitation) 2023-24 cowlbazaar Panchayat,1515348
493,Cowl Bazzar,Michaung Flood Damaged Roads,2023-2024,BT Road,Providing BT Road with CC drain to Gerukampakkam Salai Street at Cowl Bazar Panchayat,4670000
494,Cowl Bazzar,Michaung Flood Damaged Roads,2023-2024,cc road,Providing CC Pavement to Anna Street at Cowl Bazar Panchayat,1009000
495,Cowl Bazzar,Michaung Flood Damaged Roads,2023-2024,cc road,Providing CC Pavement with CC drain to Manivannan Street at Cowl Bazar Panchayat,803000
496,Cowl Bazzar,Michaung Flood Damaged Roads,2023-2024,cc road,Providing CC Pavement to Bajanai Koil Street at Cowl Bazar Panchayat,1076000
497,Cowl Bazzar,Peri Urban Panchayat - CMDA Fund,2023-2024,CC Road,Providing CC Road Arcot Salai 1st Cross Street,198000
498,Cowl Bazzar,Peri Urban Panchayat - CMDA Fund,2023-2024,CC Road,Providing CC Road Arcot Salai,1428000
499,Cowl Bazzar,Peri Urban Panchayat - CMDA Fund,2023-2024,CC Road,Providing CC Road Sudarma Nagar 1st Street,1100000
500,Cowl Bazzar,Peri Urban Panchayat - CMDA Fund,2023-2024,CC Road,Providing CC Road Anna Nedunsalai 2nd Cross Street,449000
501,Cowl Bazzar,Peri Urban Panchayat - CMDA Fund,2023-2024,CC Road,Providing CC Road Arcot Salai 2nd Cross St,319000
502,Cowl Bazzar,Peri Urban Panchayat - CMDA Fund,2023-2024,CC Road,Providing CC Road Abdulkalam Street,2156000
3,Cowl Bazzar,General Fund -Block Panchayat,2024-2025,Drainage,Construction of RCC Cut and Cover drain from Cowl Bazaar Road Cowl Bazaar Panchayat,3175000
4,Cowl Bazzar,General Fund -Block Panchayat,2024-2025,Drainage,Construction of RCC Cut and Over Drain from Cowl Bazaar to Gerugambakkam Link Road @ Cowl Bazaar Panchayat,3000000
53,Cowl Bazzar,Kalaignarin Kanavu Illam,2024-2025,Housing,Construction of New House Under Kalaignarin Kanavu Illam for Kgomathi Murugan,310000
54,Cowl Bazzar,Kalaignarin Kanavu Illam,2024-2025,Housing,Construction of New House Under Kalaignarin Kanavu Illam for KUMAR F/H of GOPAL,310000
55,Cowl Bazzar,Kalaignarin Kanavu Illam,2024-2025,Housing,Construction of New House Under Kalaignarin Kanavu Illam for Mahalingam Mariammal,310000
56,Cowl Bazzar,Kalaignarin Kanavu Illam,2024-2025,Housing,Construction of New House Under Kalaignarin Kanavu Illam for KUMAR F/H of GOPAL,310000
57,Cowl Bazzar,Kalaignarin Kanavu Illam,2024-2025,Housing,Construction of New House Under Kalaignarin Kanavu Illam for Sekar,310000
58,Cowl Bazzar,Kalaignarin Kanavu Illam,2024-2025,Housing,Construction of New House Under Kalaignarin Kanavu Illam for Vengatesan,310000
74,Cowl Bazzar,15th Central Finance Commission - District Panchayat,2024-2025,CC Road,Providing CC Road to Seetharam Street in Cowlbazar Panchayat @St. Thomas Mount Block (75mts),450000
75,Cowl Bazzar,15th Central Finance Commission - District Panchayat,2024-2025,CC Road,Providing CC Road to Kannappan Street in Cowlbazar panchayat @St. Thomas Mount Block(75mts),450000
93,Cowl Bazzar,15th Central Finance Commission - Village Panchayat,2024-2025,CC Road,Providing Cement Concrete Pavement in Kalaingar Salai 2nd Cross Street at Cowl bazzar,414810
102,Cowl Bazzar,15th Central Finance Commission - Village Panchayat,2024-2025,Drainage,Construction of Cement Concrete Drain drain to MGR Nagar Ext,311108
111,Cowl Bazzar,15th Central Finance Commission - Village Panchayat,2024-2025,Public facilities,Supply and laying of Distribution line (63mm) to Bajanai koil Street.,161108
112,Cowl Bazzar,15th Central Finance Commission - Village Panchayat,2024-2025,Public facilities,Supply and laying of Distribution line (63mm) to Anna Neduchalai,150000
467,Cowl Bazzar,MLACDS-Alandur,2024-2025,Roads,Construction of Kariyamedai mani road cowlbozhar panchayat st.thomas mount Panchayat,800000
471,Cowl Bazzar,MLACDS-Alandur,2024-2025,ration shop,Construction of Ration shop work in Panchayat Office near Cowbazhar Panchayat at St. Thomas Mount,1350000
76,Cowl Bazzar,15th Central Finance Commission - District Panchayat,2025-2026,borewell,Drilling of 150 mm dia Bore Well (90m) Depth and 1 HP Motor in Yeshodha Nagar at Cowl Bazaar Panchaya,141000
77,Cowl Bazzar,15th Central Finance Commission - District Panchayat,2025-2026,borewell,Drilling of 150 mm dia Bore Well (90m) Depth and 1 HP Motor in Mangalliyamman Kovil Street at Cowl Bazaar Panchayat,254500
78,Cowl Bazzar,15th Central Finance Commission - District Panchayat,2025-2026,borewell,Drilling of 150 mm dia Borewell (90m) Depth and 1 HP Motor in MGR Street at Cowl Bazaar Panchayat,254500
122,Cowl Bazzar,AGAMT library repair,2025-2026,library,Repair and Renovation of AGAMT Library at Cowl Bazar Panchayat,321000